ISO-10303-21;
HEADER;
/* Generated by software containing ST-Developer
 * from STEP Tools, Inc. (www.steptools.com) 
 */
/* OPTION: using custom renumber hook */

FILE_DESCRIPTION(
/* description */ ('STEP AP242 Edition 2',
'CAx-IF Rec.Pracs.---Representation and Presentation of Product Manufa
cturing Information (PMI)---4.0---2014-10-13',
'CAx-IF Rec.Pracs.---3D Tessellated Geometry---0.4---2014-09-14','2;1',
'CAx-IF Rec.Pracs.---User Defined Attributes---1.5---2016-08-15'),
/* implementation_level */ '2;1');

FILE_NAME(
/* name */ 'Top Sheel',
/* time_stamp */ '2026-08-26T23:46:49Z',
/* author */ (''),
/* organization */ (''),
/* preprocessor_version */ 'ST-DEVELOPER v20',
/* originating_system */ 'ONSHAPE BY PTC INC, 1.219',
/* authorisation */ '  ');

FILE_SCHEMA (('AP242_MANAGED_MODEL_BASED_3D_ENGINEERING_MIM_LF { 1 0 10303 442 3 1 4 }'));
ENDSEC;

DATA;
#10=SHAPE_REPRESENTATION_RELATIONSHIP('','',#1923,#11);
#11=ADVANCED_BREP_SHAPE_REPRESENTATION('',(#1921),#3185);
#12=CIRCLE('',#1929,0.0005);
#13=CIRCLE('',#1930,0.0005);
#14=CIRCLE('',#1933,0.000500000000000011);
#15=CIRCLE('',#1934,0.000500000000000011);
#16=CIRCLE('',#1937,0.000499999999999983);
#17=CIRCLE('',#1938,0.000499999999999983);
#18=CIRCLE('',#1941,0.000500000000000025);
#19=CIRCLE('',#1942,0.000500000000000025);
#20=CIRCLE('',#1945,0.0005);
#21=CIRCLE('',#1946,0.0005);
#22=CIRCLE('',#1949,0.0005);
#23=CIRCLE('',#1950,0.0005);
#24=CIRCLE('',#1953,0.000500000000000025);
#25=CIRCLE('',#1954,0.000500000000000025);
#26=CIRCLE('',#1956,0.000499999999999966);
#27=CIRCLE('',#1957,0.000499999999999966);
#28=CIRCLE('',#1960,0.000499999999999983);
#29=CIRCLE('',#1961,0.000499999999999983);
#30=CIRCLE('',#1964,0.000499999999999973);
#31=CIRCLE('',#1965,0.000499999999999973);
#32=CIRCLE('',#1968,0.000499999999999962);
#33=CIRCLE('',#1969,0.000499999999999962);
#34=CIRCLE('',#1971,0.00050000000000008);
#35=CIRCLE('',#1972,0.00050000000000008);
#36=CIRCLE('',#1975,0.0005);
#37=CIRCLE('',#1976,0.0005);
#38=CIRCLE('',#1979,0.000499999999999983);
#39=CIRCLE('',#1980,0.000499999999999983);
#40=CIRCLE('',#1983,0.0005);
#41=CIRCLE('',#1984,0.0005);
#42=CIRCLE('',#1986,0.000500000000000084);
#43=CIRCLE('',#1987,0.000500000000000084);
#44=CIRCLE('',#1990,0.000500000000000011);
#45=CIRCLE('',#1991,0.000500000000000011);
#46=CIRCLE('',#1994,0.000499999999999985);
#47=CIRCLE('',#1995,0.000499999999999985);
#48=CIRCLE('',#1998,0.000499999999999992);
#49=CIRCLE('',#1999,0.000499999999999992);
#50=CIRCLE('',#2001,0.00050000000000008);
#51=CIRCLE('',#2002,0.00050000000000008);
#52=CIRCLE('',#2005,0.0005);
#53=CIRCLE('',#2006,0.0005);
#54=CIRCLE('',#2009,0.000499999999999994);
#55=CIRCLE('',#2010,0.000499999999999994);
#56=CIRCLE('',#2013,0.0005);
#57=CIRCLE('',#2014,0.0005);
#58=CIRCLE('',#2017,0.000500000000000059);
#59=CIRCLE('',#2018,0.000500000000000059);
#60=CIRCLE('',#2021,0.000499999999999987);
#61=CIRCLE('',#2022,0.000499999999999987);
#62=CIRCLE('',#2025,0.000500000000000018);
#63=CIRCLE('',#2026,0.000500000000000018);
#64=CIRCLE('',#2029,0.000499999999999962);
#65=CIRCLE('',#2030,0.000499999999999962);
#66=CIRCLE('',#2033,0.000500000000000032);
#67=CIRCLE('',#2034,0.000500000000000032);
#68=CIRCLE('',#2037,0.000500000000000021);
#69=CIRCLE('',#2038,0.000500000000000021);
#70=CIRCLE('',#2041,0.000499999999999942);
#71=CIRCLE('',#2042,0.000499999999999942);
#72=CIRCLE('',#2045,0.000500000000000046);
#73=CIRCLE('',#2046,0.000500000000000046);
#74=CIRCLE('',#2049,0.000500000000000053);
#75=CIRCLE('',#2050,0.000500000000000053);
#76=CIRCLE('',#2053,0.000500000000000021);
#77=CIRCLE('',#2054,0.000500000000000021);
#78=CIRCLE('',#2057,0.000499999999999994);
#79=CIRCLE('',#2058,0.000499999999999994);
#80=CIRCLE('',#2065,0.0005);
#81=CIRCLE('',#2066,0.0005);
#82=CIRCLE('',#2069,0.0005);
#83=CIRCLE('',#2070,0.0005);
#84=CYLINDRICAL_SURFACE('',#1928,0.0005);
#85=CYLINDRICAL_SURFACE('',#1932,0.000500000000000011);
#86=CYLINDRICAL_SURFACE('',#1936,0.000499999999999983);
#87=CYLINDRICAL_SURFACE('',#1940,0.000500000000000025);
#88=CYLINDRICAL_SURFACE('',#1944,0.0005);
#89=CYLINDRICAL_SURFACE('',#1948,0.0005);
#90=CYLINDRICAL_SURFACE('',#1952,0.000500000000000025);
#91=CYLINDRICAL_SURFACE('',#1955,0.000499999999999966);
#92=CYLINDRICAL_SURFACE('',#1959,0.000499999999999983);
#93=CYLINDRICAL_SURFACE('',#1963,0.000499999999999973);
#94=CYLINDRICAL_SURFACE('',#1967,0.000499999999999962);
#95=CYLINDRICAL_SURFACE('',#1970,0.00050000000000008);
#96=CYLINDRICAL_SURFACE('',#1974,0.0005);
#97=CYLINDRICAL_SURFACE('',#1978,0.000499999999999983);
#98=CYLINDRICAL_SURFACE('',#1982,0.0005);
#99=CYLINDRICAL_SURFACE('',#1985,0.000500000000000084);
#100=CYLINDRICAL_SURFACE('',#1989,0.000500000000000011);
#101=CYLINDRICAL_SURFACE('',#1993,0.000499999999999985);
#102=CYLINDRICAL_SURFACE('',#1997,0.000499999999999992);
#103=CYLINDRICAL_SURFACE('',#2000,0.00050000000000008);
#104=CYLINDRICAL_SURFACE('',#2004,0.0005);
#105=CYLINDRICAL_SURFACE('',#2008,0.000499999999999994);
#106=CYLINDRICAL_SURFACE('',#2012,0.0005);
#107=CYLINDRICAL_SURFACE('',#2016,0.000500000000000059);
#108=CYLINDRICAL_SURFACE('',#2020,0.000499999999999987);
#109=CYLINDRICAL_SURFACE('',#2024,0.000500000000000018);
#110=CYLINDRICAL_SURFACE('',#2028,0.000499999999999962);
#111=CYLINDRICAL_SURFACE('',#2032,0.000500000000000032);
#112=CYLINDRICAL_SURFACE('',#2036,0.000500000000000021);
#113=CYLINDRICAL_SURFACE('',#2040,0.000499999999999942);
#114=CYLINDRICAL_SURFACE('',#2044,0.000500000000000046);
#115=CYLINDRICAL_SURFACE('',#2048,0.000500000000000053);
#116=CYLINDRICAL_SURFACE('',#2052,0.000500000000000021);
#117=CYLINDRICAL_SURFACE('',#2056,0.000499999999999994);
#118=CYLINDRICAL_SURFACE('',#2064,0.0005);
#119=CYLINDRICAL_SURFACE('',#2068,0.0005);
#120=ORIENTED_EDGE('',*,*,#672,.F.);
#121=ORIENTED_EDGE('',*,*,#673,.T.);
#122=ORIENTED_EDGE('',*,*,#674,.F.);
#123=ORIENTED_EDGE('',*,*,#675,.F.);
#124=ORIENTED_EDGE('',*,*,#676,.T.);
#125=ORIENTED_EDGE('',*,*,#677,.T.);
#126=ORIENTED_EDGE('',*,*,#678,.F.);
#127=ORIENTED_EDGE('',*,*,#679,.F.);
#128=ORIENTED_EDGE('',*,*,#680,.F.);
#129=ORIENTED_EDGE('',*,*,#681,.T.);
#130=ORIENTED_EDGE('',*,*,#682,.F.);
#131=ORIENTED_EDGE('',*,*,#683,.F.);
#132=ORIENTED_EDGE('',*,*,#684,.T.);
#133=ORIENTED_EDGE('',*,*,#675,.T.);
#134=ORIENTED_EDGE('',*,*,#685,.F.);
#135=ORIENTED_EDGE('',*,*,#686,.F.);
#136=ORIENTED_EDGE('',*,*,#687,.T.);
#137=ORIENTED_EDGE('',*,*,#688,.F.);
#138=ORIENTED_EDGE('',*,*,#689,.F.);
#139=ORIENTED_EDGE('',*,*,#690,.T.);
#140=ORIENTED_EDGE('',*,*,#689,.T.);
#141=ORIENTED_EDGE('',*,*,#691,.T.);
#142=ORIENTED_EDGE('',*,*,#692,.F.);
#143=ORIENTED_EDGE('',*,*,#693,.F.);
#144=ORIENTED_EDGE('',*,*,#692,.T.);
#145=ORIENTED_EDGE('',*,*,#694,.F.);
#146=ORIENTED_EDGE('',*,*,#695,.F.);
#147=ORIENTED_EDGE('',*,*,#696,.T.);
#148=ORIENTED_EDGE('',*,*,#695,.T.);
#149=ORIENTED_EDGE('',*,*,#697,.F.);
#150=ORIENTED_EDGE('',*,*,#698,.F.);
#151=ORIENTED_EDGE('',*,*,#699,.T.);
#152=ORIENTED_EDGE('',*,*,#698,.T.);
#153=ORIENTED_EDGE('',*,*,#700,.F.);
#154=ORIENTED_EDGE('',*,*,#701,.F.);
#155=ORIENTED_EDGE('',*,*,#702,.T.);
#156=ORIENTED_EDGE('',*,*,#701,.T.);
#157=ORIENTED_EDGE('',*,*,#703,.F.);
#158=ORIENTED_EDGE('',*,*,#704,.F.);
#159=ORIENTED_EDGE('',*,*,#705,.T.);
#160=ORIENTED_EDGE('',*,*,#704,.T.);
#161=ORIENTED_EDGE('',*,*,#706,.F.);
#162=ORIENTED_EDGE('',*,*,#707,.F.);
#163=ORIENTED_EDGE('',*,*,#708,.T.);
#164=ORIENTED_EDGE('',*,*,#709,.T.);
#165=ORIENTED_EDGE('',*,*,#710,.T.);
#166=ORIENTED_EDGE('',*,*,#711,.F.);
#167=ORIENTED_EDGE('',*,*,#712,.F.);
#168=ORIENTED_EDGE('',*,*,#711,.T.);
#169=ORIENTED_EDGE('',*,*,#713,.T.);
#170=ORIENTED_EDGE('',*,*,#714,.F.);
#171=ORIENTED_EDGE('',*,*,#715,.F.);
#172=ORIENTED_EDGE('',*,*,#714,.T.);
#173=ORIENTED_EDGE('',*,*,#716,.T.);
#174=ORIENTED_EDGE('',*,*,#717,.F.);
#175=ORIENTED_EDGE('',*,*,#718,.F.);
#176=ORIENTED_EDGE('',*,*,#717,.T.);
#177=ORIENTED_EDGE('',*,*,#719,.T.);
#178=ORIENTED_EDGE('',*,*,#720,.F.);
#179=ORIENTED_EDGE('',*,*,#721,.F.);
#180=ORIENTED_EDGE('',*,*,#720,.T.);
#181=ORIENTED_EDGE('',*,*,#722,.T.);
#182=ORIENTED_EDGE('',*,*,#723,.F.);
#183=ORIENTED_EDGE('',*,*,#724,.F.);
#184=ORIENTED_EDGE('',*,*,#723,.T.);
#185=ORIENTED_EDGE('',*,*,#725,.T.);
#186=ORIENTED_EDGE('',*,*,#726,.F.);
#187=ORIENTED_EDGE('',*,*,#727,.F.);
#188=ORIENTED_EDGE('',*,*,#726,.T.);
#189=ORIENTED_EDGE('',*,*,#728,.F.);
#190=ORIENTED_EDGE('',*,*,#729,.F.);
#191=ORIENTED_EDGE('',*,*,#730,.T.);
#192=ORIENTED_EDGE('',*,*,#731,.T.);
#193=ORIENTED_EDGE('',*,*,#732,.F.);
#194=ORIENTED_EDGE('',*,*,#733,.F.);
#195=ORIENTED_EDGE('',*,*,#734,.T.);
#196=ORIENTED_EDGE('',*,*,#733,.T.);
#197=ORIENTED_EDGE('',*,*,#735,.F.);
#198=ORIENTED_EDGE('',*,*,#736,.F.);
#199=ORIENTED_EDGE('',*,*,#737,.T.);
#200=ORIENTED_EDGE('',*,*,#736,.T.);
#201=ORIENTED_EDGE('',*,*,#738,.F.);
#202=ORIENTED_EDGE('',*,*,#739,.F.);
#203=ORIENTED_EDGE('',*,*,#740,.T.);
#204=ORIENTED_EDGE('',*,*,#739,.T.);
#205=ORIENTED_EDGE('',*,*,#741,.F.);
#206=ORIENTED_EDGE('',*,*,#742,.F.);
#207=ORIENTED_EDGE('',*,*,#743,.T.);
#208=ORIENTED_EDGE('',*,*,#742,.T.);
#209=ORIENTED_EDGE('',*,*,#744,.F.);
#210=ORIENTED_EDGE('',*,*,#745,.F.);
#211=ORIENTED_EDGE('',*,*,#746,.T.);
#212=ORIENTED_EDGE('',*,*,#745,.T.);
#213=ORIENTED_EDGE('',*,*,#747,.F.);
#214=ORIENTED_EDGE('',*,*,#748,.F.);
#215=ORIENTED_EDGE('',*,*,#749,.T.);
#216=ORIENTED_EDGE('',*,*,#748,.T.);
#217=ORIENTED_EDGE('',*,*,#750,.F.);
#218=ORIENTED_EDGE('',*,*,#751,.F.);
#219=ORIENTED_EDGE('',*,*,#752,.T.);
#220=ORIENTED_EDGE('',*,*,#753,.T.);
#221=ORIENTED_EDGE('',*,*,#754,.F.);
#222=ORIENTED_EDGE('',*,*,#755,.F.);
#223=ORIENTED_EDGE('',*,*,#756,.T.);
#224=ORIENTED_EDGE('',*,*,#755,.T.);
#225=ORIENTED_EDGE('',*,*,#757,.F.);
#226=ORIENTED_EDGE('',*,*,#758,.F.);
#227=ORIENTED_EDGE('',*,*,#759,.T.);
#228=ORIENTED_EDGE('',*,*,#758,.T.);
#229=ORIENTED_EDGE('',*,*,#760,.F.);
#230=ORIENTED_EDGE('',*,*,#761,.F.);
#231=ORIENTED_EDGE('',*,*,#762,.T.);
#232=ORIENTED_EDGE('',*,*,#761,.T.);
#233=ORIENTED_EDGE('',*,*,#763,.F.);
#234=ORIENTED_EDGE('',*,*,#764,.F.);
#235=ORIENTED_EDGE('',*,*,#765,.T.);
#236=ORIENTED_EDGE('',*,*,#764,.T.);
#237=ORIENTED_EDGE('',*,*,#766,.F.);
#238=ORIENTED_EDGE('',*,*,#767,.F.);
#239=ORIENTED_EDGE('',*,*,#768,.T.);
#240=ORIENTED_EDGE('',*,*,#767,.T.);
#241=ORIENTED_EDGE('',*,*,#769,.F.);
#242=ORIENTED_EDGE('',*,*,#770,.F.);
#243=ORIENTED_EDGE('',*,*,#771,.T.);
#244=ORIENTED_EDGE('',*,*,#770,.T.);
#245=ORIENTED_EDGE('',*,*,#772,.F.);
#246=ORIENTED_EDGE('',*,*,#773,.F.);
#247=ORIENTED_EDGE('',*,*,#774,.T.);
#248=ORIENTED_EDGE('',*,*,#775,.T.);
#249=ORIENTED_EDGE('',*,*,#776,.F.);
#250=ORIENTED_EDGE('',*,*,#777,.F.);
#251=ORIENTED_EDGE('',*,*,#778,.T.);
#252=ORIENTED_EDGE('',*,*,#777,.T.);
#253=ORIENTED_EDGE('',*,*,#779,.F.);
#254=ORIENTED_EDGE('',*,*,#780,.F.);
#255=ORIENTED_EDGE('',*,*,#781,.T.);
#256=ORIENTED_EDGE('',*,*,#780,.T.);
#257=ORIENTED_EDGE('',*,*,#782,.F.);
#258=ORIENTED_EDGE('',*,*,#783,.F.);
#259=ORIENTED_EDGE('',*,*,#784,.T.);
#260=ORIENTED_EDGE('',*,*,#783,.T.);
#261=ORIENTED_EDGE('',*,*,#785,.F.);
#262=ORIENTED_EDGE('',*,*,#786,.F.);
#263=ORIENTED_EDGE('',*,*,#787,.T.);
#264=ORIENTED_EDGE('',*,*,#786,.T.);
#265=ORIENTED_EDGE('',*,*,#788,.F.);
#266=ORIENTED_EDGE('',*,*,#789,.F.);
#267=ORIENTED_EDGE('',*,*,#790,.T.);
#268=ORIENTED_EDGE('',*,*,#789,.T.);
#269=ORIENTED_EDGE('',*,*,#791,.F.);
#270=ORIENTED_EDGE('',*,*,#792,.F.);
#271=ORIENTED_EDGE('',*,*,#793,.T.);
#272=ORIENTED_EDGE('',*,*,#792,.T.);
#273=ORIENTED_EDGE('',*,*,#794,.F.);
#274=ORIENTED_EDGE('',*,*,#795,.F.);
#275=ORIENTED_EDGE('',*,*,#796,.T.);
#276=ORIENTED_EDGE('',*,*,#797,.T.);
#277=ORIENTED_EDGE('',*,*,#798,.F.);
#278=ORIENTED_EDGE('',*,*,#799,.F.);
#279=ORIENTED_EDGE('',*,*,#800,.T.);
#280=ORIENTED_EDGE('',*,*,#799,.T.);
#281=ORIENTED_EDGE('',*,*,#801,.F.);
#282=ORIENTED_EDGE('',*,*,#802,.F.);
#283=ORIENTED_EDGE('',*,*,#803,.T.);
#284=ORIENTED_EDGE('',*,*,#802,.T.);
#285=ORIENTED_EDGE('',*,*,#804,.F.);
#286=ORIENTED_EDGE('',*,*,#805,.F.);
#287=ORIENTED_EDGE('',*,*,#806,.T.);
#288=ORIENTED_EDGE('',*,*,#805,.T.);
#289=ORIENTED_EDGE('',*,*,#807,.F.);
#290=ORIENTED_EDGE('',*,*,#808,.F.);
#291=ORIENTED_EDGE('',*,*,#809,.T.);
#292=ORIENTED_EDGE('',*,*,#808,.T.);
#293=ORIENTED_EDGE('',*,*,#810,.F.);
#294=ORIENTED_EDGE('',*,*,#811,.F.);
#295=ORIENTED_EDGE('',*,*,#812,.T.);
#296=ORIENTED_EDGE('',*,*,#811,.T.);
#297=ORIENTED_EDGE('',*,*,#813,.F.);
#298=ORIENTED_EDGE('',*,*,#814,.F.);
#299=ORIENTED_EDGE('',*,*,#815,.T.);
#300=ORIENTED_EDGE('',*,*,#814,.T.);
#301=ORIENTED_EDGE('',*,*,#816,.F.);
#302=ORIENTED_EDGE('',*,*,#817,.F.);
#303=ORIENTED_EDGE('',*,*,#818,.T.);
#304=ORIENTED_EDGE('',*,*,#819,.T.);
#305=ORIENTED_EDGE('',*,*,#820,.F.);
#306=ORIENTED_EDGE('',*,*,#821,.F.);
#307=ORIENTED_EDGE('',*,*,#822,.T.);
#308=ORIENTED_EDGE('',*,*,#821,.T.);
#309=ORIENTED_EDGE('',*,*,#823,.F.);
#310=ORIENTED_EDGE('',*,*,#824,.F.);
#311=ORIENTED_EDGE('',*,*,#825,.T.);
#312=ORIENTED_EDGE('',*,*,#824,.T.);
#313=ORIENTED_EDGE('',*,*,#826,.F.);
#314=ORIENTED_EDGE('',*,*,#827,.F.);
#315=ORIENTED_EDGE('',*,*,#828,.T.);
#316=ORIENTED_EDGE('',*,*,#827,.T.);
#317=ORIENTED_EDGE('',*,*,#829,.F.);
#318=ORIENTED_EDGE('',*,*,#830,.F.);
#319=ORIENTED_EDGE('',*,*,#831,.T.);
#320=ORIENTED_EDGE('',*,*,#830,.T.);
#321=ORIENTED_EDGE('',*,*,#832,.F.);
#322=ORIENTED_EDGE('',*,*,#833,.F.);
#323=ORIENTED_EDGE('',*,*,#834,.T.);
#324=ORIENTED_EDGE('',*,*,#833,.T.);
#325=ORIENTED_EDGE('',*,*,#835,.F.);
#326=ORIENTED_EDGE('',*,*,#836,.F.);
#327=ORIENTED_EDGE('',*,*,#837,.T.);
#328=ORIENTED_EDGE('',*,*,#836,.T.);
#329=ORIENTED_EDGE('',*,*,#838,.F.);
#330=ORIENTED_EDGE('',*,*,#839,.F.);
#331=ORIENTED_EDGE('',*,*,#840,.T.);
#332=ORIENTED_EDGE('',*,*,#841,.T.);
#333=ORIENTED_EDGE('',*,*,#842,.F.);
#334=ORIENTED_EDGE('',*,*,#843,.F.);
#335=ORIENTED_EDGE('',*,*,#844,.T.);
#336=ORIENTED_EDGE('',*,*,#843,.T.);
#337=ORIENTED_EDGE('',*,*,#845,.F.);
#338=ORIENTED_EDGE('',*,*,#846,.F.);
#339=ORIENTED_EDGE('',*,*,#847,.T.);
#340=ORIENTED_EDGE('',*,*,#846,.T.);
#341=ORIENTED_EDGE('',*,*,#848,.F.);
#342=ORIENTED_EDGE('',*,*,#849,.F.);
#343=ORIENTED_EDGE('',*,*,#850,.T.);
#344=ORIENTED_EDGE('',*,*,#849,.T.);
#345=ORIENTED_EDGE('',*,*,#851,.F.);
#346=ORIENTED_EDGE('',*,*,#852,.F.);
#347=ORIENTED_EDGE('',*,*,#853,.T.);
#348=ORIENTED_EDGE('',*,*,#852,.T.);
#349=ORIENTED_EDGE('',*,*,#854,.F.);
#350=ORIENTED_EDGE('',*,*,#855,.F.);
#351=ORIENTED_EDGE('',*,*,#856,.T.);
#352=ORIENTED_EDGE('',*,*,#855,.T.);
#353=ORIENTED_EDGE('',*,*,#857,.F.);
#354=ORIENTED_EDGE('',*,*,#858,.F.);
#355=ORIENTED_EDGE('',*,*,#859,.T.);
#356=ORIENTED_EDGE('',*,*,#858,.T.);
#357=ORIENTED_EDGE('',*,*,#860,.T.);
#358=ORIENTED_EDGE('',*,*,#861,.F.);
#359=ORIENTED_EDGE('',*,*,#862,.F.);
#360=ORIENTED_EDGE('',*,*,#861,.T.);
#361=ORIENTED_EDGE('',*,*,#863,.F.);
#362=ORIENTED_EDGE('',*,*,#864,.F.);
#363=ORIENTED_EDGE('',*,*,#865,.T.);
#364=ORIENTED_EDGE('',*,*,#864,.T.);
#365=ORIENTED_EDGE('',*,*,#866,.F.);
#366=ORIENTED_EDGE('',*,*,#867,.F.);
#367=ORIENTED_EDGE('',*,*,#868,.T.);
#368=ORIENTED_EDGE('',*,*,#867,.T.);
#369=ORIENTED_EDGE('',*,*,#869,.F.);
#370=ORIENTED_EDGE('',*,*,#870,.F.);
#371=ORIENTED_EDGE('',*,*,#871,.T.);
#372=ORIENTED_EDGE('',*,*,#870,.T.);
#373=ORIENTED_EDGE('',*,*,#872,.F.);
#374=ORIENTED_EDGE('',*,*,#873,.F.);
#375=ORIENTED_EDGE('',*,*,#874,.T.);
#376=ORIENTED_EDGE('',*,*,#873,.T.);
#377=ORIENTED_EDGE('',*,*,#875,.F.);
#378=ORIENTED_EDGE('',*,*,#876,.F.);
#379=ORIENTED_EDGE('',*,*,#877,.T.);
#380=ORIENTED_EDGE('',*,*,#876,.T.);
#381=ORIENTED_EDGE('',*,*,#878,.T.);
#382=ORIENTED_EDGE('',*,*,#879,.F.);
#383=ORIENTED_EDGE('',*,*,#880,.F.);
#384=ORIENTED_EDGE('',*,*,#879,.T.);
#385=ORIENTED_EDGE('',*,*,#881,.F.);
#386=ORIENTED_EDGE('',*,*,#882,.F.);
#387=ORIENTED_EDGE('',*,*,#883,.T.);
#388=ORIENTED_EDGE('',*,*,#882,.T.);
#389=ORIENTED_EDGE('',*,*,#884,.F.);
#390=ORIENTED_EDGE('',*,*,#885,.F.);
#391=ORIENTED_EDGE('',*,*,#886,.T.);
#392=ORIENTED_EDGE('',*,*,#729,.T.);
#393=ORIENTED_EDGE('',*,*,#887,.T.);
#394=ORIENTED_EDGE('',*,*,#709,.F.);
#395=ORIENTED_EDGE('',*,*,#888,.F.);
#396=ORIENTED_EDGE('',*,*,#751,.T.);
#397=ORIENTED_EDGE('',*,*,#889,.F.);
#398=ORIENTED_EDGE('',*,*,#731,.F.);
#399=ORIENTED_EDGE('',*,*,#890,.T.);
#400=ORIENTED_EDGE('',*,*,#773,.T.);
#401=ORIENTED_EDGE('',*,*,#891,.F.);
#402=ORIENTED_EDGE('',*,*,#753,.F.);
#403=ORIENTED_EDGE('',*,*,#892,.T.);
#404=ORIENTED_EDGE('',*,*,#795,.T.);
#405=ORIENTED_EDGE('',*,*,#893,.F.);
#406=ORIENTED_EDGE('',*,*,#775,.F.);
#407=ORIENTED_EDGE('',*,*,#894,.T.);
#408=ORIENTED_EDGE('',*,*,#817,.T.);
#409=ORIENTED_EDGE('',*,*,#895,.F.);
#410=ORIENTED_EDGE('',*,*,#797,.F.);
#411=ORIENTED_EDGE('',*,*,#896,.T.);
#412=ORIENTED_EDGE('',*,*,#839,.T.);
#413=ORIENTED_EDGE('',*,*,#897,.F.);
#414=ORIENTED_EDGE('',*,*,#819,.F.);
#415=ORIENTED_EDGE('',*,*,#898,.T.);
#416=ORIENTED_EDGE('',*,*,#885,.T.);
#417=ORIENTED_EDGE('',*,*,#899,.F.);
#418=ORIENTED_EDGE('',*,*,#841,.F.);
#419=ORIENTED_EDGE('',*,*,#900,.T.);
#420=ORIENTED_EDGE('',*,*,#707,.T.);
#421=ORIENTED_EDGE('',*,*,#901,.T.);
#422=ORIENTED_EDGE('',*,*,#687,.F.);
#423=ORIENTED_EDGE('',*,*,#902,.F.);
#424=ORIENTED_EDGE('',*,*,#903,.T.);
#425=ORIENTED_EDGE('',*,*,#904,.T.);
#426=ORIENTED_EDGE('',*,*,#905,.T.);
#427=ORIENTED_EDGE('',*,*,#906,.F.);
#428=ORIENTED_EDGE('',*,*,#907,.F.);
#429=ORIENTED_EDGE('',*,*,#683,.T.);
#430=ORIENTED_EDGE('',*,*,#908,.T.);
#431=ORIENTED_EDGE('',*,*,#909,.F.);
#432=ORIENTED_EDGE('',*,*,#910,.T.);
#433=ORIENTED_EDGE('',*,*,#911,.T.);
#434=ORIENTED_EDGE('',*,*,#912,.T.);
#435=ORIENTED_EDGE('',*,*,#677,.F.);
#436=ORIENTED_EDGE('',*,*,#913,.F.);
#437=ORIENTED_EDGE('',*,*,#906,.T.);
#438=ORIENTED_EDGE('',*,*,#914,.T.);
#439=ORIENTED_EDGE('',*,*,#915,.F.);
#440=ORIENTED_EDGE('',*,*,#916,.T.);
#441=ORIENTED_EDGE('',*,*,#917,.F.);
#442=ORIENTED_EDGE('',*,*,#918,.F.);
#443=ORIENTED_EDGE('',*,*,#919,.T.);
#444=ORIENTED_EDGE('',*,*,#918,.T.);
#445=ORIENTED_EDGE('',*,*,#920,.F.);
#446=ORIENTED_EDGE('',*,*,#681,.F.);
#447=ORIENTED_EDGE('',*,*,#921,.T.);
#448=ORIENTED_EDGE('',*,*,#686,.T.);
#449=ORIENTED_EDGE('',*,*,#922,.F.);
#450=ORIENTED_EDGE('',*,*,#916,.F.);
#451=ORIENTED_EDGE('',*,*,#923,.T.);
#452=ORIENTED_EDGE('',*,*,#919,.F.);
#453=ORIENTED_EDGE('',*,*,#921,.F.);
#454=ORIENTED_EDGE('',*,*,#680,.T.);
#455=ORIENTED_EDGE('',*,*,#923,.F.);
#456=ORIENTED_EDGE('',*,*,#924,.T.);
#457=ORIENTED_EDGE('',*,*,#925,.F.);
#458=ORIENTED_EDGE('',*,*,#926,.F.);
#459=ORIENTED_EDGE('',*,*,#927,.T.);
#460=ORIENTED_EDGE('',*,*,#926,.T.);
#461=ORIENTED_EDGE('',*,*,#928,.T.);
#462=ORIENTED_EDGE('',*,*,#673,.F.);
#463=ORIENTED_EDGE('',*,*,#929,.F.);
#464=ORIENTED_EDGE('',*,*,#679,.T.);
#465=ORIENTED_EDGE('',*,*,#930,.F.);
#466=ORIENTED_EDGE('',*,*,#924,.F.);
#467=ORIENTED_EDGE('',*,*,#931,.T.);
#468=ORIENTED_EDGE('',*,*,#927,.F.);
#469=ORIENTED_EDGE('',*,*,#929,.T.);
#470=ORIENTED_EDGE('',*,*,#672,.T.);
#471=ORIENTED_EDGE('',*,*,#931,.F.);
#472=ORIENTED_EDGE('',*,*,#915,.T.);
#473=ORIENTED_EDGE('',*,*,#932,.T.);
#474=ORIENTED_EDGE('',*,*,#933,.F.);
#475=ORIENTED_EDGE('',*,*,#934,.F.);
#476=ORIENTED_EDGE('',*,*,#933,.T.);
#477=ORIENTED_EDGE('',*,*,#935,.T.);
#478=ORIENTED_EDGE('',*,*,#936,.F.);
#479=ORIENTED_EDGE('',*,*,#937,.F.);
#480=ORIENTED_EDGE('',*,*,#936,.T.);
#481=ORIENTED_EDGE('',*,*,#938,.T.);
#482=ORIENTED_EDGE('',*,*,#911,.F.);
#483=ORIENTED_EDGE('',*,*,#939,.F.);
#484=ORIENTED_EDGE('',*,*,#934,.T.);
#485=ORIENTED_EDGE('',*,*,#937,.T.);
#486=ORIENTED_EDGE('',*,*,#939,.T.);
#487=ORIENTED_EDGE('',*,*,#910,.F.);
#488=ORIENTED_EDGE('',*,*,#909,.T.);
#489=ORIENTED_EDGE('',*,*,#940,.F.);
#490=ORIENTED_EDGE('',*,*,#941,.F.);
#491=ORIENTED_EDGE('',*,*,#942,.T.);
#492=ORIENTED_EDGE('',*,*,#941,.T.);
#493=ORIENTED_EDGE('',*,*,#943,.T.);
#494=ORIENTED_EDGE('',*,*,#944,.F.);
#495=ORIENTED_EDGE('',*,*,#945,.F.);
#496=ORIENTED_EDGE('',*,*,#944,.T.);
#497=ORIENTED_EDGE('',*,*,#946,.F.);
#498=ORIENTED_EDGE('',*,*,#904,.F.);
#499=ORIENTED_EDGE('',*,*,#947,.T.);
#500=ORIENTED_EDGE('',*,*,#903,.F.);
#501=ORIENTED_EDGE('',*,*,#942,.F.);
#502=ORIENTED_EDGE('',*,*,#945,.T.);
#503=ORIENTED_EDGE('',*,*,#947,.F.);
#504=ORIENTED_EDGE('',*,*,#842,.T.);
#505=ORIENTED_EDGE('',*,*,#899,.T.);
#506=ORIENTED_EDGE('',*,*,#884,.T.);
#507=ORIENTED_EDGE('',*,*,#881,.T.);
#508=ORIENTED_EDGE('',*,*,#878,.F.);
#509=ORIENTED_EDGE('',*,*,#875,.T.);
#510=ORIENTED_EDGE('',*,*,#872,.T.);
#511=ORIENTED_EDGE('',*,*,#869,.T.);
#512=ORIENTED_EDGE('',*,*,#866,.T.);
#513=ORIENTED_EDGE('',*,*,#863,.T.);
#514=ORIENTED_EDGE('',*,*,#860,.F.);
#515=ORIENTED_EDGE('',*,*,#857,.T.);
#516=ORIENTED_EDGE('',*,*,#854,.T.);
#517=ORIENTED_EDGE('',*,*,#851,.T.);
#518=ORIENTED_EDGE('',*,*,#848,.T.);
#519=ORIENTED_EDGE('',*,*,#845,.T.);
#520=ORIENTED_EDGE('',*,*,#820,.T.);
#521=ORIENTED_EDGE('',*,*,#897,.T.);
#522=ORIENTED_EDGE('',*,*,#838,.T.);
#523=ORIENTED_EDGE('',*,*,#835,.T.);
#524=ORIENTED_EDGE('',*,*,#832,.T.);
#525=ORIENTED_EDGE('',*,*,#829,.T.);
#526=ORIENTED_EDGE('',*,*,#826,.T.);
#527=ORIENTED_EDGE('',*,*,#823,.T.);
#528=ORIENTED_EDGE('',*,*,#798,.T.);
#529=ORIENTED_EDGE('',*,*,#895,.T.);
#530=ORIENTED_EDGE('',*,*,#816,.T.);
#531=ORIENTED_EDGE('',*,*,#813,.T.);
#532=ORIENTED_EDGE('',*,*,#810,.T.);
#533=ORIENTED_EDGE('',*,*,#807,.T.);
#534=ORIENTED_EDGE('',*,*,#804,.T.);
#535=ORIENTED_EDGE('',*,*,#801,.T.);
#536=ORIENTED_EDGE('',*,*,#776,.T.);
#537=ORIENTED_EDGE('',*,*,#893,.T.);
#538=ORIENTED_EDGE('',*,*,#794,.T.);
#539=ORIENTED_EDGE('',*,*,#791,.T.);
#540=ORIENTED_EDGE('',*,*,#788,.T.);
#541=ORIENTED_EDGE('',*,*,#785,.T.);
#542=ORIENTED_EDGE('',*,*,#782,.T.);
#543=ORIENTED_EDGE('',*,*,#779,.T.);
#544=ORIENTED_EDGE('',*,*,#754,.T.);
#545=ORIENTED_EDGE('',*,*,#891,.T.);
#546=ORIENTED_EDGE('',*,*,#772,.T.);
#547=ORIENTED_EDGE('',*,*,#769,.T.);
#548=ORIENTED_EDGE('',*,*,#766,.T.);
#549=ORIENTED_EDGE('',*,*,#763,.T.);
#550=ORIENTED_EDGE('',*,*,#760,.T.);
#551=ORIENTED_EDGE('',*,*,#757,.T.);
#552=ORIENTED_EDGE('',*,*,#732,.T.);
#553=ORIENTED_EDGE('',*,*,#889,.T.);
#554=ORIENTED_EDGE('',*,*,#750,.T.);
#555=ORIENTED_EDGE('',*,*,#747,.T.);
#556=ORIENTED_EDGE('',*,*,#744,.T.);
#557=ORIENTED_EDGE('',*,*,#741,.T.);
#558=ORIENTED_EDGE('',*,*,#738,.T.);
#559=ORIENTED_EDGE('',*,*,#735,.T.);
#560=ORIENTED_EDGE('',*,*,#710,.F.);
#561=ORIENTED_EDGE('',*,*,#887,.F.);
#562=ORIENTED_EDGE('',*,*,#728,.T.);
#563=ORIENTED_EDGE('',*,*,#725,.F.);
#564=ORIENTED_EDGE('',*,*,#722,.F.);
#565=ORIENTED_EDGE('',*,*,#719,.F.);
#566=ORIENTED_EDGE('',*,*,#716,.F.);
#567=ORIENTED_EDGE('',*,*,#713,.F.);
#568=ORIENTED_EDGE('',*,*,#688,.T.);
#569=ORIENTED_EDGE('',*,*,#901,.F.);
#570=ORIENTED_EDGE('',*,*,#706,.T.);
#571=ORIENTED_EDGE('',*,*,#703,.T.);
#572=ORIENTED_EDGE('',*,*,#700,.T.);
#573=ORIENTED_EDGE('',*,*,#697,.T.);
#574=ORIENTED_EDGE('',*,*,#694,.T.);
#575=ORIENTED_EDGE('',*,*,#691,.F.);
#576=ORIENTED_EDGE('',*,*,#932,.F.);
#577=ORIENTED_EDGE('',*,*,#914,.F.);
#578=ORIENTED_EDGE('',*,*,#905,.F.);
#579=ORIENTED_EDGE('',*,*,#946,.T.);
#580=ORIENTED_EDGE('',*,*,#943,.F.);
#581=ORIENTED_EDGE('',*,*,#940,.T.);
#582=ORIENTED_EDGE('',*,*,#908,.F.);
#583=ORIENTED_EDGE('',*,*,#682,.T.);
#584=ORIENTED_EDGE('',*,*,#920,.T.);
#585=ORIENTED_EDGE('',*,*,#917,.T.);
#586=ORIENTED_EDGE('',*,*,#922,.T.);
#587=ORIENTED_EDGE('',*,*,#685,.T.);
#588=ORIENTED_EDGE('',*,*,#674,.T.);
#589=ORIENTED_EDGE('',*,*,#928,.F.);
#590=ORIENTED_EDGE('',*,*,#925,.T.);
#591=ORIENTED_EDGE('',*,*,#930,.T.);
#592=ORIENTED_EDGE('',*,*,#678,.T.);
#593=ORIENTED_EDGE('',*,*,#912,.F.);
#594=ORIENTED_EDGE('',*,*,#938,.F.);
#595=ORIENTED_EDGE('',*,*,#935,.F.);
#596=ORIENTED_EDGE('',*,*,#676,.F.);
#597=ORIENTED_EDGE('',*,*,#684,.F.);
#598=ORIENTED_EDGE('',*,*,#907,.T.);
#599=ORIENTED_EDGE('',*,*,#913,.T.);
#600=ORIENTED_EDGE('',*,*,#844,.F.);
#601=ORIENTED_EDGE('',*,*,#847,.F.);
#602=ORIENTED_EDGE('',*,*,#850,.F.);
#603=ORIENTED_EDGE('',*,*,#853,.F.);
#604=ORIENTED_EDGE('',*,*,#856,.F.);
#605=ORIENTED_EDGE('',*,*,#859,.F.);
#606=ORIENTED_EDGE('',*,*,#862,.T.);
#607=ORIENTED_EDGE('',*,*,#865,.F.);
#608=ORIENTED_EDGE('',*,*,#868,.F.);
#609=ORIENTED_EDGE('',*,*,#871,.F.);
#610=ORIENTED_EDGE('',*,*,#874,.F.);
#611=ORIENTED_EDGE('',*,*,#877,.F.);
#612=ORIENTED_EDGE('',*,*,#880,.T.);
#613=ORIENTED_EDGE('',*,*,#883,.F.);
#614=ORIENTED_EDGE('',*,*,#886,.F.);
#615=ORIENTED_EDGE('',*,*,#900,.F.);
#616=ORIENTED_EDGE('',*,*,#822,.F.);
#617=ORIENTED_EDGE('',*,*,#825,.F.);
#618=ORIENTED_EDGE('',*,*,#828,.F.);
#619=ORIENTED_EDGE('',*,*,#831,.F.);
#620=ORIENTED_EDGE('',*,*,#834,.F.);
#621=ORIENTED_EDGE('',*,*,#837,.F.);
#622=ORIENTED_EDGE('',*,*,#840,.F.);
#623=ORIENTED_EDGE('',*,*,#898,.F.);
#624=ORIENTED_EDGE('',*,*,#800,.F.);
#625=ORIENTED_EDGE('',*,*,#803,.F.);
#626=ORIENTED_EDGE('',*,*,#806,.F.);
#627=ORIENTED_EDGE('',*,*,#809,.F.);
#628=ORIENTED_EDGE('',*,*,#812,.F.);
#629=ORIENTED_EDGE('',*,*,#815,.F.);
#630=ORIENTED_EDGE('',*,*,#818,.F.);
#631=ORIENTED_EDGE('',*,*,#896,.F.);
#632=ORIENTED_EDGE('',*,*,#778,.F.);
#633=ORIENTED_EDGE('',*,*,#781,.F.);
#634=ORIENTED_EDGE('',*,*,#784,.F.);
#635=ORIENTED_EDGE('',*,*,#787,.F.);
#636=ORIENTED_EDGE('',*,*,#790,.F.);
#637=ORIENTED_EDGE('',*,*,#793,.F.);
#638=ORIENTED_EDGE('',*,*,#796,.F.);
#639=ORIENTED_EDGE('',*,*,#894,.F.);
#640=ORIENTED_EDGE('',*,*,#756,.F.);
#641=ORIENTED_EDGE('',*,*,#759,.F.);
#642=ORIENTED_EDGE('',*,*,#762,.F.);
#643=ORIENTED_EDGE('',*,*,#765,.F.);
#644=ORIENTED_EDGE('',*,*,#768,.F.);
#645=ORIENTED_EDGE('',*,*,#771,.F.);
#646=ORIENTED_EDGE('',*,*,#774,.F.);
#647=ORIENTED_EDGE('',*,*,#892,.F.);
#648=ORIENTED_EDGE('',*,*,#734,.F.);
#649=ORIENTED_EDGE('',*,*,#737,.F.);
#650=ORIENTED_EDGE('',*,*,#740,.F.);
#651=ORIENTED_EDGE('',*,*,#743,.F.);
#652=ORIENTED_EDGE('',*,*,#746,.F.);
#653=ORIENTED_EDGE('',*,*,#749,.F.);
#654=ORIENTED_EDGE('',*,*,#752,.F.);
#655=ORIENTED_EDGE('',*,*,#890,.F.);
#656=ORIENTED_EDGE('',*,*,#712,.T.);
#657=ORIENTED_EDGE('',*,*,#715,.T.);
#658=ORIENTED_EDGE('',*,*,#718,.T.);
#659=ORIENTED_EDGE('',*,*,#721,.T.);
#660=ORIENTED_EDGE('',*,*,#724,.T.);
#661=ORIENTED_EDGE('',*,*,#727,.T.);
#662=ORIENTED_EDGE('',*,*,#730,.F.);
#663=ORIENTED_EDGE('',*,*,#888,.T.);
#664=ORIENTED_EDGE('',*,*,#690,.F.);
#665=ORIENTED_EDGE('',*,*,#693,.T.);
#666=ORIENTED_EDGE('',*,*,#696,.F.);
#667=ORIENTED_EDGE('',*,*,#699,.F.);
#668=ORIENTED_EDGE('',*,*,#702,.F.);
#669=ORIENTED_EDGE('',*,*,#705,.F.);
#670=ORIENTED_EDGE('',*,*,#708,.F.);
#671=ORIENTED_EDGE('',*,*,#902,.T.);
#672=EDGE_CURVE('',#948,#949,#1132,.T.);
#673=EDGE_CURVE('',#948,#950,#1133,.T.);
#674=EDGE_CURVE('',#951,#950,#1134,.T.);
#675=EDGE_CURVE('',#952,#951,#1135,.T.);
#676=EDGE_CURVE('',#952,#953,#1136,.T.);
#677=EDGE_CURVE('',#953,#954,#1137,.T.);
#678=EDGE_CURVE('',#955,#954,#1138,.T.);
#679=EDGE_CURVE('',#949,#955,#1139,.T.);
#680=EDGE_CURVE('',#956,#957,#1140,.T.);
#681=EDGE_CURVE('',#956,#958,#1141,.T.);
#682=EDGE_CURVE('',#959,#958,#1142,.T.);
#683=EDGE_CURVE('',#960,#959,#1143,.T.);
#684=EDGE_CURVE('',#960,#952,#1144,.T.);
#685=EDGE_CURVE('',#961,#951,#1145,.T.);
#686=EDGE_CURVE('',#957,#961,#1146,.T.);
#687=EDGE_CURVE('',#962,#963,#1147,.T.);
#688=EDGE_CURVE('',#964,#963,#1148,.T.);
#689=EDGE_CURVE('',#965,#964,#1149,.T.);
#690=EDGE_CURVE('',#965,#962,#1150,.T.);
#691=EDGE_CURVE('',#964,#966,#12,.T.);
#692=EDGE_CURVE('',#967,#966,#1151,.T.);
#693=EDGE_CURVE('',#965,#967,#13,.T.);
#694=EDGE_CURVE('',#968,#966,#1152,.T.);
#695=EDGE_CURVE('',#969,#968,#1153,.T.);
#696=EDGE_CURVE('',#969,#967,#1154,.T.);
#697=EDGE_CURVE('',#970,#968,#14,.T.);
#698=EDGE_CURVE('',#971,#970,#1155,.T.);
#699=EDGE_CURVE('',#971,#969,#15,.T.);
#700=EDGE_CURVE('',#972,#970,#1156,.T.);
#701=EDGE_CURVE('',#973,#972,#1157,.T.);
#702=EDGE_CURVE('',#973,#971,#1158,.T.);
#703=EDGE_CURVE('',#974,#972,#16,.T.);
#704=EDGE_CURVE('',#975,#974,#1159,.T.);
#705=EDGE_CURVE('',#975,#973,#17,.T.);
#706=EDGE_CURVE('',#976,#974,#1160,.T.);
#707=EDGE_CURVE('',#977,#976,#1161,.T.);
#708=EDGE_CURVE('',#977,#975,#1162,.T.);
#709=EDGE_CURVE('',#978,#979,#1163,.T.);
#710=EDGE_CURVE('',#979,#980,#18,.T.);
#711=EDGE_CURVE('',#981,#980,#1164,.T.);
#712=EDGE_CURVE('',#978,#981,#19,.T.);
#713=EDGE_CURVE('',#980,#982,#1165,.T.);
#714=EDGE_CURVE('',#983,#982,#1166,.T.);
#715=EDGE_CURVE('',#981,#983,#1167,.T.);
#716=EDGE_CURVE('',#982,#984,#20,.T.);
#717=EDGE_CURVE('',#985,#984,#1168,.T.);
#718=EDGE_CURVE('',#983,#985,#21,.T.);
#719=EDGE_CURVE('',#984,#986,#1169,.T.);
#720=EDGE_CURVE('',#987,#986,#1170,.T.);
#721=EDGE_CURVE('',#985,#987,#1171,.T.);
#722=EDGE_CURVE('',#986,#988,#22,.T.);
#723=EDGE_CURVE('',#989,#988,#1172,.T.);
#724=EDGE_CURVE('',#987,#989,#23,.T.);
#725=EDGE_CURVE('',#988,#990,#1173,.T.);
#726=EDGE_CURVE('',#991,#990,#1174,.T.);
#727=EDGE_CURVE('',#989,#991,#1175,.T.);
#728=EDGE_CURVE('',#992,#990,#24,.T.);
#729=EDGE_CURVE('',#993,#992,#1176,.T.);
#730=EDGE_CURVE('',#993,#991,#25,.T.);
#731=EDGE_CURVE('',#994,#995,#1177,.T.);
#732=EDGE_CURVE('',#996,#995,#26,.T.);
#733=EDGE_CURVE('',#997,#996,#1178,.T.);
#734=EDGE_CURVE('',#997,#994,#27,.T.);
#735=EDGE_CURVE('',#998,#996,#1179,.T.);
#736=EDGE_CURVE('',#999,#998,#1180,.T.);
#737=EDGE_CURVE('',#999,#997,#1181,.T.);
#738=EDGE_CURVE('',#1000,#998,#28,.T.);
#739=EDGE_CURVE('',#1001,#1000,#1182,.T.);
#740=EDGE_CURVE('',#1001,#999,#29,.T.);
#741=EDGE_CURVE('',#1002,#1000,#1183,.T.);
#742=EDGE_CURVE('',#1003,#1002,#1184,.T.);
#743=EDGE_CURVE('',#1003,#1001,#1185,.T.);
#744=EDGE_CURVE('',#1004,#1002,#30,.T.);
#745=EDGE_CURVE('',#1005,#1004,#1186,.T.);
#746=EDGE_CURVE('',#1005,#1003,#31,.T.);
#747=EDGE_CURVE('',#1006,#1004,#1187,.T.);
#748=EDGE_CURVE('',#1007,#1006,#1188,.T.);
#749=EDGE_CURVE('',#1007,#1005,#1189,.T.);
#750=EDGE_CURVE('',#1008,#1006,#32,.T.);
#751=EDGE_CURVE('',#1009,#1008,#1190,.T.);
#752=EDGE_CURVE('',#1009,#1007,#33,.T.);
#753=EDGE_CURVE('',#1010,#1011,#1191,.T.);
#754=EDGE_CURVE('',#1012,#1011,#34,.T.);
#755=EDGE_CURVE('',#1013,#1012,#1192,.T.);
#756=EDGE_CURVE('',#1013,#1010,#35,.T.);
#757=EDGE_CURVE('',#1014,#1012,#1193,.T.);
#758=EDGE_CURVE('',#1015,#1014,#1194,.T.);
#759=EDGE_CURVE('',#1015,#1013,#1195,.T.);
#760=EDGE_CURVE('',#1016,#1014,#36,.T.);
#761=EDGE_CURVE('',#1017,#1016,#1196,.T.);
#762=EDGE_CURVE('',#1017,#1015,#37,.T.);
#763=EDGE_CURVE('',#1018,#1016,#1197,.T.);
#764=EDGE_CURVE('',#1019,#1018,#1198,.T.);
#765=EDGE_CURVE('',#1019,#1017,#1199,.T.);
#766=EDGE_CURVE('',#1020,#1018,#38,.T.);
#767=EDGE_CURVE('',#1021,#1020,#1200,.T.);
#768=EDGE_CURVE('',#1021,#1019,#39,.T.);
#769=EDGE_CURVE('',#1022,#1020,#1201,.T.);
#770=EDGE_CURVE('',#1023,#1022,#1202,.T.);
#771=EDGE_CURVE('',#1023,#1021,#1203,.T.);
#772=EDGE_CURVE('',#1024,#1022,#40,.T.);
#773=EDGE_CURVE('',#1025,#1024,#1204,.T.);
#774=EDGE_CURVE('',#1025,#1023,#41,.T.);
#775=EDGE_CURVE('',#1026,#1027,#1205,.T.);
#776=EDGE_CURVE('',#1028,#1027,#42,.T.);
#777=EDGE_CURVE('',#1029,#1028,#1206,.T.);
#778=EDGE_CURVE('',#1029,#1026,#43,.T.);
#779=EDGE_CURVE('',#1030,#1028,#1207,.T.);
#780=EDGE_CURVE('',#1031,#1030,#1208,.T.);
#781=EDGE_CURVE('',#1031,#1029,#1209,.T.);
#782=EDGE_CURVE('',#1032,#1030,#44,.T.);
#783=EDGE_CURVE('',#1033,#1032,#1210,.T.);
#784=EDGE_CURVE('',#1033,#1031,#45,.T.);
#785=EDGE_CURVE('',#1034,#1032,#1211,.T.);
#786=EDGE_CURVE('',#1035,#1034,#1212,.T.);
#787=EDGE_CURVE('',#1035,#1033,#1213,.T.);
#788=EDGE_CURVE('',#1036,#1034,#46,.T.);
#789=EDGE_CURVE('',#1037,#1036,#1214,.T.);
#790=EDGE_CURVE('',#1037,#1035,#47,.T.);
#791=EDGE_CURVE('',#1038,#1036,#1215,.T.);
#792=EDGE_CURVE('',#1039,#1038,#1216,.T.);
#793=EDGE_CURVE('',#1039,#1037,#1217,.T.);
#794=EDGE_CURVE('',#1040,#1038,#48,.T.);
#795=EDGE_CURVE('',#1041,#1040,#1218,.T.);
#796=EDGE_CURVE('',#1041,#1039,#49,.T.);
#797=EDGE_CURVE('',#1042,#1043,#1219,.T.);
#798=EDGE_CURVE('',#1044,#1043,#50,.T.);
#799=EDGE_CURVE('',#1045,#1044,#1220,.T.);
#800=EDGE_CURVE('',#1045,#1042,#51,.T.);
#801=EDGE_CURVE('',#1046,#1044,#1221,.T.);
#802=EDGE_CURVE('',#1047,#1046,#1222,.T.);
#803=EDGE_CURVE('',#1047,#1045,#1223,.T.);
#804=EDGE_CURVE('',#1048,#1046,#52,.T.);
#805=EDGE_CURVE('',#1049,#1048,#1224,.T.);
#806=EDGE_CURVE('',#1049,#1047,#53,.T.);
#807=EDGE_CURVE('',#1050,#1048,#1225,.T.);
#808=EDGE_CURVE('',#1051,#1050,#1226,.T.);
#809=EDGE_CURVE('',#1051,#1049,#1227,.T.);
#810=EDGE_CURVE('',#1052,#1050,#54,.T.);
#811=EDGE_CURVE('',#1053,#1052,#1228,.T.);
#812=EDGE_CURVE('',#1053,#1051,#55,.T.);
#813=EDGE_CURVE('',#1054,#1052,#1229,.T.);
#814=EDGE_CURVE('',#1055,#1054,#1230,.T.);
#815=EDGE_CURVE('',#1055,#1053,#1231,.T.);
#816=EDGE_CURVE('',#1056,#1054,#56,.T.);
#817=EDGE_CURVE('',#1057,#1056,#1232,.T.);
#818=EDGE_CURVE('',#1057,#1055,#57,.T.);
#819=EDGE_CURVE('',#1058,#1059,#1233,.T.);
#820=EDGE_CURVE('',#1060,#1059,#1234,.T.);
#821=EDGE_CURVE('',#1061,#1060,#1235,.T.);
#822=EDGE_CURVE('',#1061,#1058,#1236,.T.);
#823=EDGE_CURVE('',#1062,#1060,#58,.T.);
#824=EDGE_CURVE('',#1063,#1062,#1237,.T.);
#825=EDGE_CURVE('',#1063,#1061,#59,.T.);
#826=EDGE_CURVE('',#1064,#1062,#1238,.T.);
#827=EDGE_CURVE('',#1065,#1064,#1239,.T.);
#828=EDGE_CURVE('',#1065,#1063,#1240,.T.);
#829=EDGE_CURVE('',#1066,#1064,#60,.T.);
#830=EDGE_CURVE('',#1067,#1066,#1241,.T.);
#831=EDGE_CURVE('',#1067,#1065,#61,.T.);
#832=EDGE_CURVE('',#1068,#1066,#1242,.T.);
#833=EDGE_CURVE('',#1069,#1068,#1243,.T.);
#834=EDGE_CURVE('',#1069,#1067,#1244,.T.);
#835=EDGE_CURVE('',#1070,#1068,#62,.T.);
#836=EDGE_CURVE('',#1071,#1070,#1245,.T.);
#837=EDGE_CURVE('',#1071,#1069,#63,.T.);
#838=EDGE_CURVE('',#1072,#1070,#1246,.T.);
#839=EDGE_CURVE('',#1073,#1072,#1247,.T.);
#840=EDGE_CURVE('',#1073,#1071,#1248,.T.);
#841=EDGE_CURVE('',#1074,#1075,#1249,.T.);
#842=EDGE_CURVE('',#1076,#1075,#64,.T.);
#843=EDGE_CURVE('',#1077,#1076,#1250,.T.);
#844=EDGE_CURVE('',#1077,#1074,#65,.T.);
#845=EDGE_CURVE('',#1078,#1076,#1251,.T.);
#846=EDGE_CURVE('',#1079,#1078,#1252,.T.);
#847=EDGE_CURVE('',#1079,#1077,#1253,.T.);
#848=EDGE_CURVE('',#1080,#1078,#66,.T.);
#849=EDGE_CURVE('',#1081,#1080,#1254,.T.);
#850=EDGE_CURVE('',#1081,#1079,#67,.T.);
#851=EDGE_CURVE('',#1082,#1080,#1255,.T.);
#852=EDGE_CURVE('',#1083,#1082,#1256,.T.);
#853=EDGE_CURVE('',#1083,#1081,#1257,.T.);
#854=EDGE_CURVE('',#1084,#1082,#68,.T.);
#855=EDGE_CURVE('',#1085,#1084,#1258,.T.);
#856=EDGE_CURVE('',#1085,#1083,#69,.T.);
#857=EDGE_CURVE('',#1086,#1084,#1259,.T.);
#858=EDGE_CURVE('',#1087,#1086,#1260,.T.);
#859=EDGE_CURVE('',#1087,#1085,#1261,.T.);
#860=EDGE_CURVE('',#1086,#1088,#70,.T.);
#861=EDGE_CURVE('',#1089,#1088,#1262,.T.);
#862=EDGE_CURVE('',#1087,#1089,#71,.T.);
#863=EDGE_CURVE('',#1090,#1088,#1263,.T.);
#864=EDGE_CURVE('',#1091,#1090,#1264,.T.);
#865=EDGE_CURVE('',#1091,#1089,#1265,.T.);
#866=EDGE_CURVE('',#1092,#1090,#72,.T.);
#867=EDGE_CURVE('',#1093,#1092,#1266,.T.);
#868=EDGE_CURVE('',#1093,#1091,#73,.T.);
#869=EDGE_CURVE('',#1094,#1092,#1267,.T.);
#870=EDGE_CURVE('',#1095,#1094,#1268,.T.);
#871=EDGE_CURVE('',#1095,#1093,#1269,.T.);
#872=EDGE_CURVE('',#1096,#1094,#74,.T.);
#873=EDGE_CURVE('',#1097,#1096,#1270,.T.);
#874=EDGE_CURVE('',#1097,#1095,#75,.T.);
#875=EDGE_CURVE('',#1098,#1096,#1271,.T.);
#876=EDGE_CURVE('',#1099,#1098,#1272,.T.);
#877=EDGE_CURVE('',#1099,#1097,#1273,.T.);
#878=EDGE_CURVE('',#1098,#1100,#76,.T.);
#879=EDGE_CURVE('',#1101,#1100,#1274,.T.);
#880=EDGE_CURVE('',#1099,#1101,#77,.T.);
#881=EDGE_CURVE('',#1102,#1100,#1275,.T.);
#882=EDGE_CURVE('',#1103,#1102,#1276,.T.);
#883=EDGE_CURVE('',#1103,#1101,#1277,.T.);
#884=EDGE_CURVE('',#1104,#1102,#78,.T.);
#885=EDGE_CURVE('',#1105,#1104,#1278,.T.);
#886=EDGE_CURVE('',#1105,#1103,#79,.T.);
#887=EDGE_CURVE('',#992,#979,#1279,.T.);
#888=EDGE_CURVE('',#993,#978,#1280,.T.);
#889=EDGE_CURVE('',#995,#1008,#1281,.T.);
#890=EDGE_CURVE('',#994,#1009,#1282,.T.);
#891=EDGE_CURVE('',#1011,#1024,#1283,.T.);
#892=EDGE_CURVE('',#1010,#1025,#1284,.T.);
#893=EDGE_CURVE('',#1027,#1040,#1285,.T.);
#894=EDGE_CURVE('',#1026,#1041,#1286,.T.);
#895=EDGE_CURVE('',#1043,#1056,#1287,.T.);
#896=EDGE_CURVE('',#1042,#1057,#1288,.T.);
#897=EDGE_CURVE('',#1059,#1072,#80,.T.);
#898=EDGE_CURVE('',#1058,#1073,#81,.T.);
#899=EDGE_CURVE('',#1075,#1104,#1289,.T.);
#900=EDGE_CURVE('',#1074,#1105,#1290,.T.);
#901=EDGE_CURVE('',#976,#963,#82,.T.);
#902=EDGE_CURVE('',#977,#962,#83,.T.);
#903=EDGE_CURVE('',#1106,#1107,#1291,.T.);
#904=EDGE_CURVE('',#1107,#1108,#1292,.T.);
#905=EDGE_CURVE('',#1108,#1109,#1293,.T.);
#906=EDGE_CURVE('',#1110,#1109,#1294,.T.);
#907=EDGE_CURVE('',#960,#1110,#1295,.T.);
#908=EDGE_CURVE('',#959,#1111,#1296,.T.);
#909=EDGE_CURVE('',#1106,#1111,#1297,.T.);
#910=EDGE_CURVE('',#1112,#1113,#1298,.T.);
#911=EDGE_CURVE('',#1113,#1114,#1299,.T.);
#912=EDGE_CURVE('',#1114,#954,#1300,.T.);
#913=EDGE_CURVE('',#1110,#953,#1301,.T.);
#914=EDGE_CURVE('',#1109,#1115,#1302,.T.);
#915=EDGE_CURVE('',#1112,#1115,#1303,.T.);
#916=EDGE_CURVE('',#1116,#1117,#1304,.T.);
#917=EDGE_CURVE('',#1118,#1117,#1305,.T.);
#918=EDGE_CURVE('',#1119,#1118,#1306,.T.);
#919=EDGE_CURVE('',#1119,#1116,#1307,.T.);
#920=EDGE_CURVE('',#958,#1118,#1308,.T.);
#921=EDGE_CURVE('',#956,#1119,#1309,.T.);
#922=EDGE_CURVE('',#1117,#961,#1310,.T.);
#923=EDGE_CURVE('',#1116,#957,#1311,.T.);
#924=EDGE_CURVE('',#1120,#1121,#1312,.T.);
#925=EDGE_CURVE('',#1122,#1121,#1313,.T.);
#926=EDGE_CURVE('',#1123,#1122,#1314,.T.);
#927=EDGE_CURVE('',#1123,#1120,#1315,.T.);
#928=EDGE_CURVE('',#1122,#950,#1316,.T.);
#929=EDGE_CURVE('',#1123,#948,#1317,.T.);
#930=EDGE_CURVE('',#1121,#955,#1318,.T.);
#931=EDGE_CURVE('',#1120,#949,#1319,.T.);
#932=EDGE_CURVE('',#1115,#1124,#1320,.T.);
#933=EDGE_CURVE('',#1125,#1124,#1321,.T.);
#934=EDGE_CURVE('',#1112,#1125,#1322,.T.);
#935=EDGE_CURVE('',#1124,#1126,#1323,.T.);
#936=EDGE_CURVE('',#1127,#1126,#1324,.T.);
#937=EDGE_CURVE('',#1125,#1127,#1325,.T.);
#938=EDGE_CURVE('',#1126,#1114,#1326,.T.);
#939=EDGE_CURVE('',#1127,#1113,#1327,.T.);
#940=EDGE_CURVE('',#1128,#1111,#1328,.T.);
#941=EDGE_CURVE('',#1129,#1128,#1329,.T.);
#942=EDGE_CURVE('',#1129,#1106,#1330,.T.);
#943=EDGE_CURVE('',#1128,#1130,#1331,.T.);
#944=EDGE_CURVE('',#1131,#1130,#1332,.T.);
#945=EDGE_CURVE('',#1129,#1131,#1333,.T.);
#946=EDGE_CURVE('',#1108,#1130,#1334,.T.);
#947=EDGE_CURVE('',#1107,#1131,#1335,.T.);
#948=VERTEX_POINT('',#2632);
#949=VERTEX_POINT('',#2633);
#950=VERTEX_POINT('',#2635);
#951=VERTEX_POINT('',#2637);
#952=VERTEX_POINT('',#2639);
#953=VERTEX_POINT('',#2641);
#954=VERTEX_POINT('',#2643);
#955=VERTEX_POINT('',#2645);
#956=VERTEX_POINT('',#2649);
#957=VERTEX_POINT('',#2650);
#958=VERTEX_POINT('',#2652);
#959=VERTEX_POINT('',#2654);
#960=VERTEX_POINT('',#2656);
#961=VERTEX_POINT('',#2659);
#962=VERTEX_POINT('',#2663);
#963=VERTEX_POINT('',#2664);
#964=VERTEX_POINT('',#2666);
#965=VERTEX_POINT('',#2668);
#966=VERTEX_POINT('',#2672);
#967=VERTEX_POINT('',#2674);
#968=VERTEX_POINT('',#2678);
#969=VERTEX_POINT('',#2680);
#970=VERTEX_POINT('',#2684);
#971=VERTEX_POINT('',#2686);
#972=VERTEX_POINT('',#2690);
#973=VERTEX_POINT('',#2692);
#974=VERTEX_POINT('',#2696);
#975=VERTEX_POINT('',#2698);
#976=VERTEX_POINT('',#2702);
#977=VERTEX_POINT('',#2704);
#978=VERTEX_POINT('',#2708);
#979=VERTEX_POINT('',#2709);
#980=VERTEX_POINT('',#2711);
#981=VERTEX_POINT('',#2713);
#982=VERTEX_POINT('',#2717);
#983=VERTEX_POINT('',#2719);
#984=VERTEX_POINT('',#2723);
#985=VERTEX_POINT('',#2725);
#986=VERTEX_POINT('',#2729);
#987=VERTEX_POINT('',#2731);
#988=VERTEX_POINT('',#2735);
#989=VERTEX_POINT('',#2737);
#990=VERTEX_POINT('',#2741);
#991=VERTEX_POINT('',#2743);
#992=VERTEX_POINT('',#2747);
#993=VERTEX_POINT('',#2749);
#994=VERTEX_POINT('',#2753);
#995=VERTEX_POINT('',#2754);
#996=VERTEX_POINT('',#2756);
#997=VERTEX_POINT('',#2758);
#998=VERTEX_POINT('',#2762);
#999=VERTEX_POINT('',#2764);
#1000=VERTEX_POINT('',#2768);
#1001=VERTEX_POINT('',#2770);
#1002=VERTEX_POINT('',#2774);
#1003=VERTEX_POINT('',#2776);
#1004=VERTEX_POINT('',#2780);
#1005=VERTEX_POINT('',#2782);
#1006=VERTEX_POINT('',#2786);
#1007=VERTEX_POINT('',#2788);
#1008=VERTEX_POINT('',#2792);
#1009=VERTEX_POINT('',#2794);
#1010=VERTEX_POINT('',#2798);
#1011=VERTEX_POINT('',#2799);
#1012=VERTEX_POINT('',#2801);
#1013=VERTEX_POINT('',#2803);
#1014=VERTEX_POINT('',#2807);
#1015=VERTEX_POINT('',#2809);
#1016=VERTEX_POINT('',#2813);
#1017=VERTEX_POINT('',#2815);
#1018=VERTEX_POINT('',#2819);
#1019=VERTEX_POINT('',#2821);
#1020=VERTEX_POINT('',#2825);
#1021=VERTEX_POINT('',#2827);
#1022=VERTEX_POINT('',#2831);
#1023=VERTEX_POINT('',#2833);
#1024=VERTEX_POINT('',#2837);
#1025=VERTEX_POINT('',#2839);
#1026=VERTEX_POINT('',#2843);
#1027=VERTEX_POINT('',#2844);
#1028=VERTEX_POINT('',#2846);
#1029=VERTEX_POINT('',#2848);
#1030=VERTEX_POINT('',#2852);
#1031=VERTEX_POINT('',#2854);
#1032=VERTEX_POINT('',#2858);
#1033=VERTEX_POINT('',#2860);
#1034=VERTEX_POINT('',#2864);
#1035=VERTEX_POINT('',#2866);
#1036=VERTEX_POINT('',#2870);
#1037=VERTEX_POINT('',#2872);
#1038=VERTEX_POINT('',#2876);
#1039=VERTEX_POINT('',#2878);
#1040=VERTEX_POINT('',#2882);
#1041=VERTEX_POINT('',#2884);
#1042=VERTEX_POINT('',#2888);
#1043=VERTEX_POINT('',#2889);
#1044=VERTEX_POINT('',#2891);
#1045=VERTEX_POINT('',#2893);
#1046=VERTEX_POINT('',#2897);
#1047=VERTEX_POINT('',#2899);
#1048=VERTEX_POINT('',#2903);
#1049=VERTEX_POINT('',#2905);
#1050=VERTEX_POINT('',#2909);
#1051=VERTEX_POINT('',#2911);
#1052=VERTEX_POINT('',#2915);
#1053=VERTEX_POINT('',#2917);
#1054=VERTEX_POINT('',#2921);
#1055=VERTEX_POINT('',#2923);
#1056=VERTEX_POINT('',#2927);
#1057=VERTEX_POINT('',#2929);
#1058=VERTEX_POINT('',#2933);
#1059=VERTEX_POINT('',#2934);
#1060=VERTEX_POINT('',#2936);
#1061=VERTEX_POINT('',#2938);
#1062=VERTEX_POINT('',#2942);
#1063=VERTEX_POINT('',#2944);
#1064=VERTEX_POINT('',#2948);
#1065=VERTEX_POINT('',#2950);
#1066=VERTEX_POINT('',#2954);
#1067=VERTEX_POINT('',#2956);
#1068=VERTEX_POINT('',#2960);
#1069=VERTEX_POINT('',#2962);
#1070=VERTEX_POINT('',#2966);
#1071=VERTEX_POINT('',#2968);
#1072=VERTEX_POINT('',#2972);
#1073=VERTEX_POINT('',#2974);
#1074=VERTEX_POINT('',#2978);
#1075=VERTEX_POINT('',#2979);
#1076=VERTEX_POINT('',#2981);
#1077=VERTEX_POINT('',#2983);
#1078=VERTEX_POINT('',#2987);
#1079=VERTEX_POINT('',#2989);
#1080=VERTEX_POINT('',#2993);
#1081=VERTEX_POINT('',#2995);
#1082=VERTEX_POINT('',#2999);
#1083=VERTEX_POINT('',#3001);
#1084=VERTEX_POINT('',#3005);
#1085=VERTEX_POINT('',#3007);
#1086=VERTEX_POINT('',#3011);
#1087=VERTEX_POINT('',#3013);
#1088=VERTEX_POINT('',#3017);
#1089=VERTEX_POINT('',#3019);
#1090=VERTEX_POINT('',#3023);
#1091=VERTEX_POINT('',#3025);
#1092=VERTEX_POINT('',#3029);
#1093=VERTEX_POINT('',#3031);
#1094=VERTEX_POINT('',#3035);
#1095=VERTEX_POINT('',#3037);
#1096=VERTEX_POINT('',#3041);
#1097=VERTEX_POINT('',#3043);
#1098=VERTEX_POINT('',#3047);
#1099=VERTEX_POINT('',#3049);
#1100=VERTEX_POINT('',#3053);
#1101=VERTEX_POINT('',#3055);
#1102=VERTEX_POINT('',#3059);
#1103=VERTEX_POINT('',#3061);
#1104=VERTEX_POINT('',#3065);
#1105=VERTEX_POINT('',#3067);
#1106=VERTEX_POINT('',#3095);
#1107=VERTEX_POINT('',#3096);
#1108=VERTEX_POINT('',#3098);
#1109=VERTEX_POINT('',#3100);
#1110=VERTEX_POINT('',#3102);
#1111=VERTEX_POINT('',#3105);
#1112=VERTEX_POINT('',#3109);
#1113=VERTEX_POINT('',#3110);
#1114=VERTEX_POINT('',#3112);
#1115=VERTEX_POINT('',#3116);
#1116=VERTEX_POINT('',#3120);
#1117=VERTEX_POINT('',#3121);
#1118=VERTEX_POINT('',#3123);
#1119=VERTEX_POINT('',#3125);
#1120=VERTEX_POINT('',#3136);
#1121=VERTEX_POINT('',#3137);
#1122=VERTEX_POINT('',#3139);
#1123=VERTEX_POINT('',#3141);
#1124=VERTEX_POINT('',#3152);
#1125=VERTEX_POINT('',#3154);
#1126=VERTEX_POINT('',#3158);
#1127=VERTEX_POINT('',#3160);
#1128=VERTEX_POINT('',#3168);
#1129=VERTEX_POINT('',#3170);
#1130=VERTEX_POINT('',#3174);
#1131=VERTEX_POINT('',#3176);
#1132=LINE('',#2631,#1336);
#1133=LINE('',#2634,#1337);
#1134=LINE('',#2636,#1338);
#1135=LINE('',#2638,#1339);
#1136=LINE('',#2640,#1340);
#1137=LINE('',#2642,#1341);
#1138=LINE('',#2644,#1342);
#1139=LINE('',#2646,#1343);
#1140=LINE('',#2648,#1344);
#1141=LINE('',#2651,#1345);
#1142=LINE('',#2653,#1346);
#1143=LINE('',#2655,#1347);
#1144=LINE('',#2657,#1348);
#1145=LINE('',#2658,#1349);
#1146=LINE('',#2660,#1350);
#1147=LINE('',#2662,#1351);
#1148=LINE('',#2665,#1352);
#1149=LINE('',#2667,#1353);
#1150=LINE('',#2669,#1354);
#1151=LINE('',#2673,#1355);
#1152=LINE('',#2677,#1356);
#1153=LINE('',#2679,#1357);
#1154=LINE('',#2681,#1358);
#1155=LINE('',#2685,#1359);
#1156=LINE('',#2689,#1360);
#1157=LINE('',#2691,#1361);
#1158=LINE('',#2693,#1362);
#1159=LINE('',#2697,#1363);
#1160=LINE('',#2701,#1364);
#1161=LINE('',#2703,#1365);
#1162=LINE('',#2705,#1366);
#1163=LINE('',#2707,#1367);
#1164=LINE('',#2712,#1368);
#1165=LINE('',#2716,#1369);
#1166=LINE('',#2718,#1370);
#1167=LINE('',#2720,#1371);
#1168=LINE('',#2724,#1372);
#1169=LINE('',#2728,#1373);
#1170=LINE('',#2730,#1374);
#1171=LINE('',#2732,#1375);
#1172=LINE('',#2736,#1376);
#1173=LINE('',#2740,#1377);
#1174=LINE('',#2742,#1378);
#1175=LINE('',#2744,#1379);
#1176=LINE('',#2748,#1380);
#1177=LINE('',#2752,#1381);
#1178=LINE('',#2757,#1382);
#1179=LINE('',#2761,#1383);
#1180=LINE('',#2763,#1384);
#1181=LINE('',#2765,#1385);
#1182=LINE('',#2769,#1386);
#1183=LINE('',#2773,#1387);
#1184=LINE('',#2775,#1388);
#1185=LINE('',#2777,#1389);
#1186=LINE('',#2781,#1390);
#1187=LINE('',#2785,#1391);
#1188=LINE('',#2787,#1392);
#1189=LINE('',#2789,#1393);
#1190=LINE('',#2793,#1394);
#1191=LINE('',#2797,#1395);
#1192=LINE('',#2802,#1396);
#1193=LINE('',#2806,#1397);
#1194=LINE('',#2808,#1398);
#1195=LINE('',#2810,#1399);
#1196=LINE('',#2814,#1400);
#1197=LINE('',#2818,#1401);
#1198=LINE('',#2820,#1402);
#1199=LINE('',#2822,#1403);
#1200=LINE('',#2826,#1404);
#1201=LINE('',#2830,#1405);
#1202=LINE('',#2832,#1406);
#1203=LINE('',#2834,#1407);
#1204=LINE('',#2838,#1408);
#1205=LINE('',#2842,#1409);
#1206=LINE('',#2847,#1410);
#1207=LINE('',#2851,#1411);
#1208=LINE('',#2853,#1412);
#1209=LINE('',#2855,#1413);
#1210=LINE('',#2859,#1414);
#1211=LINE('',#2863,#1415);
#1212=LINE('',#2865,#1416);
#1213=LINE('',#2867,#1417);
#1214=LINE('',#2871,#1418);
#1215=LINE('',#2875,#1419);
#1216=LINE('',#2877,#1420);
#1217=LINE('',#2879,#1421);
#1218=LINE('',#2883,#1422);
#1219=LINE('',#2887,#1423);
#1220=LINE('',#2892,#1424);
#1221=LINE('',#2896,#1425);
#1222=LINE('',#2898,#1426);
#1223=LINE('',#2900,#1427);
#1224=LINE('',#2904,#1428);
#1225=LINE('',#2908,#1429);
#1226=LINE('',#2910,#1430);
#1227=LINE('',#2912,#1431);
#1228=LINE('',#2916,#1432);
#1229=LINE('',#2920,#1433);
#1230=LINE('',#2922,#1434);
#1231=LINE('',#2924,#1435);
#1232=LINE('',#2928,#1436);
#1233=LINE('',#2932,#1437);
#1234=LINE('',#2935,#1438);
#1235=LINE('',#2937,#1439);
#1236=LINE('',#2939,#1440);
#1237=LINE('',#2943,#1441);
#1238=LINE('',#2947,#1442);
#1239=LINE('',#2949,#1443);
#1240=LINE('',#2951,#1444);
#1241=LINE('',#2955,#1445);
#1242=LINE('',#2959,#1446);
#1243=LINE('',#2961,#1447);
#1244=LINE('',#2963,#1448);
#1245=LINE('',#2967,#1449);
#1246=LINE('',#2971,#1450);
#1247=LINE('',#2973,#1451);
#1248=LINE('',#2975,#1452);
#1249=LINE('',#2977,#1453);
#1250=LINE('',#2982,#1454);
#1251=LINE('',#2986,#1455);
#1252=LINE('',#2988,#1456);
#1253=LINE('',#2990,#1457);
#1254=LINE('',#2994,#1458);
#1255=LINE('',#2998,#1459);
#1256=LINE('',#3000,#1460);
#1257=LINE('',#3002,#1461);
#1258=LINE('',#3006,#1462);
#1259=LINE('',#3010,#1463);
#1260=LINE('',#3012,#1464);
#1261=LINE('',#3014,#1465);
#1262=LINE('',#3018,#1466);
#1263=LINE('',#3022,#1467);
#1264=LINE('',#3024,#1468);
#1265=LINE('',#3026,#1469);
#1266=LINE('',#3030,#1470);
#1267=LINE('',#3034,#1471);
#1268=LINE('',#3036,#1472);
#1269=LINE('',#3038,#1473);
#1270=LINE('',#3042,#1474);
#1271=LINE('',#3046,#1475);
#1272=LINE('',#3048,#1476);
#1273=LINE('',#3050,#1477);
#1274=LINE('',#3054,#1478);
#1275=LINE('',#3058,#1479);
#1276=LINE('',#3060,#1480);
#1277=LINE('',#3062,#1481);
#1278=LINE('',#3066,#1482);
#1279=LINE('',#3070,#1483);
#1280=LINE('',#3071,#1484);
#1281=LINE('',#3073,#1485);
#1282=LINE('',#3074,#1486);
#1283=LINE('',#3076,#1487);
#1284=LINE('',#3077,#1488);
#1285=LINE('',#3079,#1489);
#1286=LINE('',#3080,#1490);
#1287=LINE('',#3082,#1491);
#1288=LINE('',#3083,#1492);
#1289=LINE('',#3088,#1493);
#1290=LINE('',#3089,#1494);
#1291=LINE('',#3094,#1495);
#1292=LINE('',#3097,#1496);
#1293=LINE('',#3099,#1497);
#1294=LINE('',#3101,#1498);
#1295=LINE('',#3103,#1499);
#1296=LINE('',#3104,#1500);
#1297=LINE('',#3106,#1501);
#1298=LINE('',#3108,#1502);
#1299=LINE('',#3111,#1503);
#1300=LINE('',#3113,#1504);
#1301=LINE('',#3114,#1505);
#1302=LINE('',#3115,#1506);
#1303=LINE('',#3117,#1507);
#1304=LINE('',#3119,#1508);
#1305=LINE('',#3122,#1509);
#1306=LINE('',#3124,#1510);
#1307=LINE('',#3126,#1511);
#1308=LINE('',#3128,#1512);
#1309=LINE('',#3129,#1513);
#1310=LINE('',#3131,#1514);
#1311=LINE('',#3132,#1515);
#1312=LINE('',#3135,#1516);
#1313=LINE('',#3138,#1517);
#1314=LINE('',#3140,#1518);
#1315=LINE('',#3142,#1519);
#1316=LINE('',#3144,#1520);
#1317=LINE('',#3145,#1521);
#1318=LINE('',#3147,#1522);
#1319=LINE('',#3148,#1523);
#1320=LINE('',#3151,#1524);
#1321=LINE('',#3153,#1525);
#1322=LINE('',#3155,#1526);
#1323=LINE('',#3157,#1527);
#1324=LINE('',#3159,#1528);
#1325=LINE('',#3161,#1529);
#1326=LINE('',#3163,#1530);
#1327=LINE('',#3164,#1531);
#1328=LINE('',#3167,#1532);
#1329=LINE('',#3169,#1533);
#1330=LINE('',#3171,#1534);
#1331=LINE('',#3173,#1535);
#1332=LINE('',#3175,#1536);
#1333=LINE('',#3177,#1537);
#1334=LINE('',#3179,#1538);
#1335=LINE('',#3180,#1539);
#1336=VECTOR('',#2095,1.);
#1337=VECTOR('',#2096,1.);
#1338=VECTOR('',#2097,1.);
#1339=VECTOR('',#2098,1.);
#1340=VECTOR('',#2099,1.);
#1341=VECTOR('',#2100,1.);
#1342=VECTOR('',#2101,1.);
#1343=VECTOR('',#2102,1.);
#1344=VECTOR('',#2105,1.);
#1345=VECTOR('',#2106,1.);
#1346=VECTOR('',#2107,1.);
#1347=VECTOR('',#2108,1.);
#1348=VECTOR('',#2109,1.);
#1349=VECTOR('',#2110,1.);
#1350=VECTOR('',#2111,1.);
#1351=VECTOR('',#2114,1.);
#1352=VECTOR('',#2115,1.);
#1353=VECTOR('',#2116,1.);
#1354=VECTOR('',#2117,1.);
#1355=VECTOR('',#2122,1.);
#1356=VECTOR('',#2127,1.);
#1357=VECTOR('',#2128,1.);
#1358=VECTOR('',#2129,1.);
#1359=VECTOR('',#2134,1.);
#1360=VECTOR('',#2139,1.);
#1361=VECTOR('',#2140,1.);
#1362=VECTOR('',#2141,1.);
#1363=VECTOR('',#2146,1.);
#1364=VECTOR('',#2151,1.);
#1365=VECTOR('',#2152,1.);
#1366=VECTOR('',#2153,1.);
#1367=VECTOR('',#2156,1.);
#1368=VECTOR('',#2159,1.);
#1369=VECTOR('',#2164,1.);
#1370=VECTOR('',#2165,1.);
#1371=VECTOR('',#2166,1.);
#1372=VECTOR('',#2171,1.);
#1373=VECTOR('',#2176,1.);
#1374=VECTOR('',#2177,1.);
#1375=VECTOR('',#2178,1.);
#1376=VECTOR('',#2183,1.);
#1377=VECTOR('',#2188,1.);
#1378=VECTOR('',#2189,1.);
#1379=VECTOR('',#2190,1.);
#1380=VECTOR('',#2195,1.);
#1381=VECTOR('',#2200,1.);
#1382=VECTOR('',#2203,1.);
#1383=VECTOR('',#2208,1.);
#1384=VECTOR('',#2209,1.);
#1385=VECTOR('',#2210,1.);
#1386=VECTOR('',#2215,1.);
#1387=VECTOR('',#2220,1.);
#1388=VECTOR('',#2221,1.);
#1389=VECTOR('',#2222,1.);
#1390=VECTOR('',#2227,1.);
#1391=VECTOR('',#2232,1.);
#1392=VECTOR('',#2233,1.);
#1393=VECTOR('',#2234,1.);
#1394=VECTOR('',#2239,1.);
#1395=VECTOR('',#2244,1.);
#1396=VECTOR('',#2247,1.);
#1397=VECTOR('',#2252,1.);
#1398=VECTOR('',#2253,1.);
#1399=VECTOR('',#2254,1.);
#1400=VECTOR('',#2259,1.);
#1401=VECTOR('',#2264,1.);
#1402=VECTOR('',#2265,1.);
#1403=VECTOR('',#2266,1.);
#1404=VECTOR('',#2271,1.);
#1405=VECTOR('',#2276,1.);
#1406=VECTOR('',#2277,1.);
#1407=VECTOR('',#2278,1.);
#1408=VECTOR('',#2283,1.);
#1409=VECTOR('',#2288,1.);
#1410=VECTOR('',#2291,1.);
#1411=VECTOR('',#2296,1.);
#1412=VECTOR('',#2297,1.);
#1413=VECTOR('',#2298,1.);
#1414=VECTOR('',#2303,1.);
#1415=VECTOR('',#2308,1.);
#1416=VECTOR('',#2309,1.);
#1417=VECTOR('',#2310,1.);
#1418=VECTOR('',#2315,1.);
#1419=VECTOR('',#2320,1.);
#1420=VECTOR('',#2321,1.);
#1421=VECTOR('',#2322,1.);
#1422=VECTOR('',#2327,1.);
#1423=VECTOR('',#2332,1.);
#1424=VECTOR('',#2335,1.);
#1425=VECTOR('',#2340,1.);
#1426=VECTOR('',#2341,1.);
#1427=VECTOR('',#2342,1.);
#1428=VECTOR('',#2347,1.);
#1429=VECTOR('',#2352,1.);
#1430=VECTOR('',#2353,1.);
#1431=VECTOR('',#2354,1.);
#1432=VECTOR('',#2359,1.);
#1433=VECTOR('',#2364,1.);
#1434=VECTOR('',#2365,1.);
#1435=VECTOR('',#2366,1.);
#1436=VECTOR('',#2371,1.);
#1437=VECTOR('',#2376,1.);
#1438=VECTOR('',#2377,1.);
#1439=VECTOR('',#2378,1.);
#1440=VECTOR('',#2379,1.);
#1441=VECTOR('',#2384,1.);
#1442=VECTOR('',#2389,1.);
#1443=VECTOR('',#2390,1.);
#1444=VECTOR('',#2391,1.);
#1445=VECTOR('',#2396,1.);
#1446=VECTOR('',#2401,1.);
#1447=VECTOR('',#2402,1.);
#1448=VECTOR('',#2403,1.);
#1449=VECTOR('',#2408,1.);
#1450=VECTOR('',#2413,1.);
#1451=VECTOR('',#2414,1.);
#1452=VECTOR('',#2415,1.);
#1453=VECTOR('',#2418,1.);
#1454=VECTOR('',#2421,1.);
#1455=VECTOR('',#2426,1.);
#1456=VECTOR('',#2427,1.);
#1457=VECTOR('',#2428,1.);
#1458=VECTOR('',#2433,1.);
#1459=VECTOR('',#2438,1.);
#1460=VECTOR('',#2439,1.);
#1461=VECTOR('',#2440,1.);
#1462=VECTOR('',#2445,1.);
#1463=VECTOR('',#2450,1.);
#1464=VECTOR('',#2451,1.);
#1465=VECTOR('',#2452,1.);
#1466=VECTOR('',#2457,1.);
#1467=VECTOR('',#2462,1.);
#1468=VECTOR('',#2463,1.);
#1469=VECTOR('',#2464,1.);
#1470=VECTOR('',#2469,1.);
#1471=VECTOR('',#2474,1.);
#1472=VECTOR('',#2475,1.);
#1473=VECTOR('',#2476,1.);
#1474=VECTOR('',#2481,1.);
#1475=VECTOR('',#2486,1.);
#1476=VECTOR('',#2487,1.);
#1477=VECTOR('',#2488,1.);
#1478=VECTOR('',#2493,1.);
#1479=VECTOR('',#2498,1.);
#1480=VECTOR('',#2499,1.);
#1481=VECTOR('',#2500,1.);
#1482=VECTOR('',#2505,1.);
#1483=VECTOR('',#2510,1.);
#1484=VECTOR('',#2511,1.);
#1485=VECTOR('',#2514,1.);
#1486=VECTOR('',#2515,1.);
#1487=VECTOR('',#2518,1.);
#1488=VECTOR('',#2519,1.);
#1489=VECTOR('',#2522,1.);
#1490=VECTOR('',#2523,1.);
#1491=VECTOR('',#2526,1.);
#1492=VECTOR('',#2527,1.);
#1493=VECTOR('',#2536,1.);
#1494=VECTOR('',#2537,1.);
#1495=VECTOR('',#2546,1.);
#1496=VECTOR('',#2547,1.);
#1497=VECTOR('',#2548,1.);
#1498=VECTOR('',#2549,1.);
#1499=VECTOR('',#2550,1.);
#1500=VECTOR('',#2551,1.);
#1501=VECTOR('',#2552,1.);
#1502=VECTOR('',#2555,1.);
#1503=VECTOR('',#2556,1.);
#1504=VECTOR('',#2557,1.);
#1505=VECTOR('',#2558,1.);
#1506=VECTOR('',#2559,1.);
#1507=VECTOR('',#2560,1.);
#1508=VECTOR('',#2563,1.);
#1509=VECTOR('',#2564,1.);
#1510=VECTOR('',#2565,1.);
#1511=VECTOR('',#2566,1.);
#1512=VECTOR('',#2569,1.);
#1513=VECTOR('',#2570,1.);
#1514=VECTOR('',#2573,1.);
#1515=VECTOR('',#2574,1.);
#1516=VECTOR('',#2579,1.);
#1517=VECTOR('',#2580,1.);
#1518=VECTOR('',#2581,1.);
#1519=VECTOR('',#2582,1.);
#1520=VECTOR('',#2585,1.);
#1521=VECTOR('',#2586,1.);
#1522=VECTOR('',#2589,1.);
#1523=VECTOR('',#2590,1.);
#1524=VECTOR('',#2595,1.);
#1525=VECTOR('',#2596,1.);
#1526=VECTOR('',#2597,1.);
#1527=VECTOR('',#2600,1.);
#1528=VECTOR('',#2601,1.);
#1529=VECTOR('',#2602,1.);
#1530=VECTOR('',#2605,1.);
#1531=VECTOR('',#2606,1.);
#1532=VECTOR('',#2611,1.);
#1533=VECTOR('',#2612,1.);
#1534=VECTOR('',#2613,1.);
#1535=VECTOR('',#2616,1.);
#1536=VECTOR('',#2617,1.);
#1537=VECTOR('',#2618,1.);
#1538=VECTOR('',#2621,1.);
#1539=VECTOR('',#2622,1.);
#1540=EDGE_LOOP('',(#120,#121,#122,#123,#124,#125,#126,#127));
#1541=EDGE_LOOP('',(#128,#129,#130,#131,#132,#133,#134,#135));
#1542=EDGE_LOOP('',(#136,#137,#138,#139));
#1543=EDGE_LOOP('',(#140,#141,#142,#143));
#1544=EDGE_LOOP('',(#144,#145,#146,#147));
#1545=EDGE_LOOP('',(#148,#149,#150,#151));
#1546=EDGE_LOOP('',(#152,#153,#154,#155));
#1547=EDGE_LOOP('',(#156,#157,#158,#159));
#1548=EDGE_LOOP('',(#160,#161,#162,#163));
#1549=EDGE_LOOP('',(#164,#165,#166,#167));
#1550=EDGE_LOOP('',(#168,#169,#170,#171));
#1551=EDGE_LOOP('',(#172,#173,#174,#175));
#1552=EDGE_LOOP('',(#176,#177,#178,#179));
#1553=EDGE_LOOP('',(#180,#181,#182,#183));
#1554=EDGE_LOOP('',(#184,#185,#186,#187));
#1555=EDGE_LOOP('',(#188,#189,#190,#191));
#1556=EDGE_LOOP('',(#192,#193,#194,#195));
#1557=EDGE_LOOP('',(#196,#197,#198,#199));
#1558=EDGE_LOOP('',(#200,#201,#202,#203));
#1559=EDGE_LOOP('',(#204,#205,#206,#207));
#1560=EDGE_LOOP('',(#208,#209,#210,#211));
#1561=EDGE_LOOP('',(#212,#213,#214,#215));
#1562=EDGE_LOOP('',(#216,#217,#218,#219));
#1563=EDGE_LOOP('',(#220,#221,#222,#223));
#1564=EDGE_LOOP('',(#224,#225,#226,#227));
#1565=EDGE_LOOP('',(#228,#229,#230,#231));
#1566=EDGE_LOOP('',(#232,#233,#234,#235));
#1567=EDGE_LOOP('',(#236,#237,#238,#239));
#1568=EDGE_LOOP('',(#240,#241,#242,#243));
#1569=EDGE_LOOP('',(#244,#245,#246,#247));
#1570=EDGE_LOOP('',(#248,#249,#250,#251));
#1571=EDGE_LOOP('',(#252,#253,#254,#255));
#1572=EDGE_LOOP('',(#256,#257,#258,#259));
#1573=EDGE_LOOP('',(#260,#261,#262,#263));
#1574=EDGE_LOOP('',(#264,#265,#266,#267));
#1575=EDGE_LOOP('',(#268,#269,#270,#271));
#1576=EDGE_LOOP('',(#272,#273,#274,#275));
#1577=EDGE_LOOP('',(#276,#277,#278,#279));
#1578=EDGE_LOOP('',(#280,#281,#282,#283));
#1579=EDGE_LOOP('',(#284,#285,#286,#287));
#1580=EDGE_LOOP('',(#288,#289,#290,#291));
#1581=EDGE_LOOP('',(#292,#293,#294,#295));
#1582=EDGE_LOOP('',(#296,#297,#298,#299));
#1583=EDGE_LOOP('',(#300,#301,#302,#303));
#1584=EDGE_LOOP('',(#304,#305,#306,#307));
#1585=EDGE_LOOP('',(#308,#309,#310,#311));
#1586=EDGE_LOOP('',(#312,#313,#314,#315));
#1587=EDGE_LOOP('',(#316,#317,#318,#319));
#1588=EDGE_LOOP('',(#320,#321,#322,#323));
#1589=EDGE_LOOP('',(#324,#325,#326,#327));
#1590=EDGE_LOOP('',(#328,#329,#330,#331));
#1591=EDGE_LOOP('',(#332,#333,#334,#335));
#1592=EDGE_LOOP('',(#336,#337,#338,#339));
#1593=EDGE_LOOP('',(#340,#341,#342,#343));
#1594=EDGE_LOOP('',(#344,#345,#346,#347));
#1595=EDGE_LOOP('',(#348,#349,#350,#351));
#1596=EDGE_LOOP('',(#352,#353,#354,#355));
#1597=EDGE_LOOP('',(#356,#357,#358,#359));
#1598=EDGE_LOOP('',(#360,#361,#362,#363));
#1599=EDGE_LOOP('',(#364,#365,#366,#367));
#1600=EDGE_LOOP('',(#368,#369,#370,#371));
#1601=EDGE_LOOP('',(#372,#373,#374,#375));
#1602=EDGE_LOOP('',(#376,#377,#378,#379));
#1603=EDGE_LOOP('',(#380,#381,#382,#383));
#1604=EDGE_LOOP('',(#384,#385,#386,#387));
#1605=EDGE_LOOP('',(#388,#389,#390,#391));
#1606=EDGE_LOOP('',(#392,#393,#394,#395));
#1607=EDGE_LOOP('',(#396,#397,#398,#399));
#1608=EDGE_LOOP('',(#400,#401,#402,#403));
#1609=EDGE_LOOP('',(#404,#405,#406,#407));
#1610=EDGE_LOOP('',(#408,#409,#410,#411));
#1611=EDGE_LOOP('',(#412,#413,#414,#415));
#1612=EDGE_LOOP('',(#416,#417,#418,#419));
#1613=EDGE_LOOP('',(#420,#421,#422,#423));
#1614=EDGE_LOOP('',(#424,#425,#426,#427,#428,#429,#430,#431));
#1615=EDGE_LOOP('',(#432,#433,#434,#435,#436,#437,#438,#439));
#1616=EDGE_LOOP('',(#440,#441,#442,#443));
#1617=EDGE_LOOP('',(#444,#445,#446,#447));
#1618=EDGE_LOOP('',(#448,#449,#450,#451));
#1619=EDGE_LOOP('',(#452,#453,#454,#455));
#1620=EDGE_LOOP('',(#456,#457,#458,#459));
#1621=EDGE_LOOP('',(#460,#461,#462,#463));
#1622=EDGE_LOOP('',(#464,#465,#466,#467));
#1623=EDGE_LOOP('',(#468,#469,#470,#471));
#1624=EDGE_LOOP('',(#472,#473,#474,#475));
#1625=EDGE_LOOP('',(#476,#477,#478,#479));
#1626=EDGE_LOOP('',(#480,#481,#482,#483));
#1627=EDGE_LOOP('',(#484,#485,#486,#487));
#1628=EDGE_LOOP('',(#488,#489,#490,#491));
#1629=EDGE_LOOP('',(#492,#493,#494,#495));
#1630=EDGE_LOOP('',(#496,#497,#498,#499));
#1631=EDGE_LOOP('',(#500,#501,#502,#503));
#1632=EDGE_LOOP('',(#504,#505,#506,#507,#508,#509,#510,#511,#512,#513,#514,
#515,#516,#517,#518,#519));
#1633=EDGE_LOOP('',(#520,#521,#522,#523,#524,#525,#526,#527));
#1634=EDGE_LOOP('',(#528,#529,#530,#531,#532,#533,#534,#535));
#1635=EDGE_LOOP('',(#536,#537,#538,#539,#540,#541,#542,#543));
#1636=EDGE_LOOP('',(#544,#545,#546,#547,#548,#549,#550,#551));
#1637=EDGE_LOOP('',(#552,#553,#554,#555,#556,#557,#558,#559));
#1638=EDGE_LOOP('',(#560,#561,#562,#563,#564,#565,#566,#567));
#1639=EDGE_LOOP('',(#568,#569,#570,#571,#572,#573,#574,#575));
#1640=EDGE_LOOP('',(#576,#577,#578,#579,#580,#581,#582,#583,#584,#585,#586,
#587,#588,#589,#590,#591,#592,#593,#594,#595));
#1641=EDGE_LOOP('',(#596,#597,#598,#599));
#1642=EDGE_LOOP('',(#600,#601,#602,#603,#604,#605,#606,#607,#608,#609,#610,
#611,#612,#613,#614,#615));
#1643=EDGE_LOOP('',(#616,#617,#618,#619,#620,#621,#622,#623));
#1644=EDGE_LOOP('',(#624,#625,#626,#627,#628,#629,#630,#631));
#1645=EDGE_LOOP('',(#632,#633,#634,#635,#636,#637,#638,#639));
#1646=EDGE_LOOP('',(#640,#641,#642,#643,#644,#645,#646,#647));
#1647=EDGE_LOOP('',(#648,#649,#650,#651,#652,#653,#654,#655));
#1648=EDGE_LOOP('',(#656,#657,#658,#659,#660,#661,#662,#663));
#1649=EDGE_LOOP('',(#664,#665,#666,#667,#668,#669,#670,#671));
#1650=FACE_BOUND('',#1540,.T.);
#1651=FACE_BOUND('',#1541,.T.);
#1652=FACE_BOUND('',#1542,.T.);
#1653=FACE_BOUND('',#1543,.T.);
#1654=FACE_BOUND('',#1544,.T.);
#1655=FACE_BOUND('',#1545,.T.);
#1656=FACE_BOUND('',#1546,.T.);
#1657=FACE_BOUND('',#1547,.T.);
#1658=FACE_BOUND('',#1548,.T.);
#1659=FACE_BOUND('',#1549,.T.);
#1660=FACE_BOUND('',#1550,.T.);
#1661=FACE_BOUND('',#1551,.T.);
#1662=FACE_BOUND('',#1552,.T.);
#1663=FACE_BOUND('',#1553,.T.);
#1664=FACE_BOUND('',#1554,.T.);
#1665=FACE_BOUND('',#1555,.T.);
#1666=FACE_BOUND('',#1556,.T.);
#1667=FACE_BOUND('',#1557,.T.);
#1668=FACE_BOUND('',#1558,.T.);
#1669=FACE_BOUND('',#1559,.T.);
#1670=FACE_BOUND('',#1560,.T.);
#1671=FACE_BOUND('',#1561,.T.);
#1672=FACE_BOUND('',#1562,.T.);
#1673=FACE_BOUND('',#1563,.T.);
#1674=FACE_BOUND('',#1564,.T.);
#1675=FACE_BOUND('',#1565,.T.);
#1676=FACE_BOUND('',#1566,.T.);
#1677=FACE_BOUND('',#1567,.T.);
#1678=FACE_BOUND('',#1568,.T.);
#1679=FACE_BOUND('',#1569,.T.);
#1680=FACE_BOUND('',#1570,.T.);
#1681=FACE_BOUND('',#1571,.T.);
#1682=FACE_BOUND('',#1572,.T.);
#1683=FACE_BOUND('',#1573,.T.);
#1684=FACE_BOUND('',#1574,.T.);
#1685=FACE_BOUND('',#1575,.T.);
#1686=FACE_BOUND('',#1576,.T.);
#1687=FACE_BOUND('',#1577,.T.);
#1688=FACE_BOUND('',#1578,.T.);
#1689=FACE_BOUND('',#1579,.T.);
#1690=FACE_BOUND('',#1580,.T.);
#1691=FACE_BOUND('',#1581,.T.);
#1692=FACE_BOUND('',#1582,.T.);
#1693=FACE_BOUND('',#1583,.T.);
#1694=FACE_BOUND('',#1584,.T.);
#1695=FACE_BOUND('',#1585,.T.);
#1696=FACE_BOUND('',#1586,.T.);
#1697=FACE_BOUND('',#1587,.T.);
#1698=FACE_BOUND('',#1588,.T.);
#1699=FACE_BOUND('',#1589,.T.);
#1700=FACE_BOUND('',#1590,.T.);
#1701=FACE_BOUND('',#1591,.T.);
#1702=FACE_BOUND('',#1592,.T.);
#1703=FACE_BOUND('',#1593,.T.);
#1704=FACE_BOUND('',#1594,.T.);
#1705=FACE_BOUND('',#1595,.T.);
#1706=FACE_BOUND('',#1596,.T.);
#1707=FACE_BOUND('',#1597,.T.);
#1708=FACE_BOUND('',#1598,.T.);
#1709=FACE_BOUND('',#1599,.T.);
#1710=FACE_BOUND('',#1600,.T.);
#1711=FACE_BOUND('',#1601,.T.);
#1712=FACE_BOUND('',#1602,.T.);
#1713=FACE_BOUND('',#1603,.T.);
#1714=FACE_BOUND('',#1604,.T.);
#1715=FACE_BOUND('',#1605,.T.);
#1716=FACE_BOUND('',#1606,.T.);
#1717=FACE_BOUND('',#1607,.T.);
#1718=FACE_BOUND('',#1608,.T.);
#1719=FACE_BOUND('',#1609,.T.);
#1720=FACE_BOUND('',#1610,.T.);
#1721=FACE_BOUND('',#1611,.T.);
#1722=FACE_BOUND('',#1612,.T.);
#1723=FACE_BOUND('',#1613,.T.);
#1724=FACE_BOUND('',#1614,.T.);
#1725=FACE_BOUND('',#1615,.T.);
#1726=FACE_BOUND('',#1616,.T.);
#1727=FACE_BOUND('',#1617,.T.);
#1728=FACE_BOUND('',#1618,.T.);
#1729=FACE_BOUND('',#1619,.T.);
#1730=FACE_BOUND('',#1620,.T.);
#1731=FACE_BOUND('',#1621,.T.);
#1732=FACE_BOUND('',#1622,.T.);
#1733=FACE_BOUND('',#1623,.T.);
#1734=FACE_BOUND('',#1624,.T.);
#1735=FACE_BOUND('',#1625,.T.);
#1736=FACE_BOUND('',#1626,.T.);
#1737=FACE_BOUND('',#1627,.T.);
#1738=FACE_BOUND('',#1628,.T.);
#1739=FACE_BOUND('',#1629,.T.);
#1740=FACE_BOUND('',#1630,.T.);
#1741=FACE_BOUND('',#1631,.T.);
#1742=FACE_BOUND('',#1632,.T.);
#1743=FACE_BOUND('',#1633,.T.);
#1744=FACE_BOUND('',#1634,.T.);
#1745=FACE_BOUND('',#1635,.T.);
#1746=FACE_BOUND('',#1636,.T.);
#1747=FACE_BOUND('',#1637,.T.);
#1748=FACE_BOUND('',#1638,.T.);
#1749=FACE_BOUND('',#1639,.T.);
#1750=FACE_BOUND('',#1640,.T.);
#1751=FACE_BOUND('',#1641,.T.);
#1752=FACE_BOUND('',#1642,.T.);
#1753=FACE_BOUND('',#1643,.T.);
#1754=FACE_BOUND('',#1644,.T.);
#1755=FACE_BOUND('',#1645,.T.);
#1756=FACE_BOUND('',#1646,.T.);
#1757=FACE_BOUND('',#1647,.T.);
#1758=FACE_BOUND('',#1648,.T.);
#1759=FACE_BOUND('',#1649,.T.);
#1760=PLANE('',#1925);
#1761=PLANE('',#1926);
#1762=PLANE('',#1927);
#1763=PLANE('',#1931);
#1764=PLANE('',#1935);
#1765=PLANE('',#1939);
#1766=PLANE('',#1943);
#1767=PLANE('',#1947);
#1768=PLANE('',#1951);
#1769=PLANE('',#1958);
#1770=PLANE('',#1962);
#1771=PLANE('',#1966);
#1772=PLANE('',#1973);
#1773=PLANE('',#1977);
#1774=PLANE('',#1981);
#1775=PLANE('',#1988);
#1776=PLANE('',#1992);
#1777=PLANE('',#1996);
#1778=PLANE('',#2003);
#1779=PLANE('',#2007);
#1780=PLANE('',#2011);
#1781=PLANE('',#2015);
#1782=PLANE('',#2019);
#1783=PLANE('',#2023);
#1784=PLANE('',#2027);
#1785=PLANE('',#2031);
#1786=PLANE('',#2035);
#1787=PLANE('',#2039);
#1788=PLANE('',#2043);
#1789=PLANE('',#2047);
#1790=PLANE('',#2051);
#1791=PLANE('',#2055);
#1792=PLANE('',#2059);
#1793=PLANE('',#2060);
#1794=PLANE('',#2061);
#1795=PLANE('',#2062);
#1796=PLANE('',#2063);
#1797=PLANE('',#2067);
#1798=PLANE('',#2071);
#1799=PLANE('',#2072);
#1800=PLANE('',#2073);
#1801=PLANE('',#2074);
#1802=PLANE('',#2075);
#1803=PLANE('',#2076);
#1804=PLANE('',#2077);
#1805=PLANE('',#2078);
#1806=PLANE('',#2079);
#1807=PLANE('',#2080);
#1808=PLANE('',#2081);
#1809=PLANE('',#2082);
#1810=PLANE('',#2083);
#1811=PLANE('',#2084);
#1812=PLANE('',#2085);
#1813=PLANE('',#2086);
#1814=PLANE('',#2087);
#1815=PLANE('',#2088);
#1816=PLANE('',#2089);
#1817=PLANE('',#2090);
#1818=ADVANCED_FACE('',(#1650),#1760,.T.);
#1819=ADVANCED_FACE('',(#1651),#1761,.T.);
#1820=ADVANCED_FACE('',(#1652),#1762,.T.);
#1821=ADVANCED_FACE('',(#1653),#84,.F.);
#1822=ADVANCED_FACE('',(#1654),#1763,.T.);
#1823=ADVANCED_FACE('',(#1655),#85,.F.);
#1824=ADVANCED_FACE('',(#1656),#1764,.T.);
#1825=ADVANCED_FACE('',(#1657),#86,.F.);
#1826=ADVANCED_FACE('',(#1658),#1765,.T.);
#1827=ADVANCED_FACE('',(#1659),#87,.F.);
#1828=ADVANCED_FACE('',(#1660),#1766,.F.);
#1829=ADVANCED_FACE('',(#1661),#88,.F.);
#1830=ADVANCED_FACE('',(#1662),#1767,.F.);
#1831=ADVANCED_FACE('',(#1663),#89,.F.);
#1832=ADVANCED_FACE('',(#1664),#1768,.F.);
#1833=ADVANCED_FACE('',(#1665),#90,.F.);
#1834=ADVANCED_FACE('',(#1666),#91,.F.);
#1835=ADVANCED_FACE('',(#1667),#1769,.T.);
#1836=ADVANCED_FACE('',(#1668),#92,.F.);
#1837=ADVANCED_FACE('',(#1669),#1770,.T.);
#1838=ADVANCED_FACE('',(#1670),#93,.F.);
#1839=ADVANCED_FACE('',(#1671),#1771,.T.);
#1840=ADVANCED_FACE('',(#1672),#94,.F.);
#1841=ADVANCED_FACE('',(#1673),#95,.F.);
#1842=ADVANCED_FACE('',(#1674),#1772,.T.);
#1843=ADVANCED_FACE('',(#1675),#96,.F.);
#1844=ADVANCED_FACE('',(#1676),#1773,.T.);
#1845=ADVANCED_FACE('',(#1677),#97,.F.);
#1846=ADVANCED_FACE('',(#1678),#1774,.T.);
#1847=ADVANCED_FACE('',(#1679),#98,.F.);
#1848=ADVANCED_FACE('',(#1680),#99,.F.);
#1849=ADVANCED_FACE('',(#1681),#1775,.T.);
#1850=ADVANCED_FACE('',(#1682),#100,.F.);
#1851=ADVANCED_FACE('',(#1683),#1776,.T.);
#1852=ADVANCED_FACE('',(#1684),#101,.F.);
#1853=ADVANCED_FACE('',(#1685),#1777,.T.);
#1854=ADVANCED_FACE('',(#1686),#102,.F.);
#1855=ADVANCED_FACE('',(#1687),#103,.F.);
#1856=ADVANCED_FACE('',(#1688),#1778,.T.);
#1857=ADVANCED_FACE('',(#1689),#104,.F.);
#1858=ADVANCED_FACE('',(#1690),#1779,.T.);
#1859=ADVANCED_FACE('',(#1691),#105,.F.);
#1860=ADVANCED_FACE('',(#1692),#1780,.T.);
#1861=ADVANCED_FACE('',(#1693),#106,.F.);
#1862=ADVANCED_FACE('',(#1694),#1781,.T.);
#1863=ADVANCED_FACE('',(#1695),#107,.F.);
#1864=ADVANCED_FACE('',(#1696),#1782,.T.);
#1865=ADVANCED_FACE('',(#1697),#108,.F.);
#1866=ADVANCED_FACE('',(#1698),#1783,.T.);
#1867=ADVANCED_FACE('',(#1699),#109,.F.);
#1868=ADVANCED_FACE('',(#1700),#1784,.T.);
#1869=ADVANCED_FACE('',(#1701),#110,.F.);
#1870=ADVANCED_FACE('',(#1702),#1785,.T.);
#1871=ADVANCED_FACE('',(#1703),#111,.F.);
#1872=ADVANCED_FACE('',(#1704),#1786,.T.);
#1873=ADVANCED_FACE('',(#1705),#112,.F.);
#1874=ADVANCED_FACE('',(#1706),#1787,.T.);
#1875=ADVANCED_FACE('',(#1707),#113,.T.);
#1876=ADVANCED_FACE('',(#1708),#1788,.T.);
#1877=ADVANCED_FACE('',(#1709),#114,.F.);
#1878=ADVANCED_FACE('',(#1710),#1789,.T.);
#1879=ADVANCED_FACE('',(#1711),#115,.F.);
#1880=ADVANCED_FACE('',(#1712),#1790,.T.);
#1881=ADVANCED_FACE('',(#1713),#116,.T.);
#1882=ADVANCED_FACE('',(#1714),#1791,.T.);
#1883=ADVANCED_FACE('',(#1715),#117,.F.);
#1884=ADVANCED_FACE('',(#1716),#1792,.F.);
#1885=ADVANCED_FACE('',(#1717),#1793,.T.);
#1886=ADVANCED_FACE('',(#1718),#1794,.T.);
#1887=ADVANCED_FACE('',(#1719),#1795,.T.);
#1888=ADVANCED_FACE('',(#1720),#1796,.T.);
#1889=ADVANCED_FACE('',(#1721),#118,.F.);
#1890=ADVANCED_FACE('',(#1722),#1797,.T.);
#1891=ADVANCED_FACE('',(#1723),#119,.F.);
#1892=ADVANCED_FACE('',(#1724),#1798,.F.);
#1893=ADVANCED_FACE('',(#1725),#1799,.F.);
#1894=ADVANCED_FACE('',(#1726),#1800,.T.);
#1895=ADVANCED_FACE('',(#1727),#1801,.T.);
#1896=ADVANCED_FACE('',(#1728),#1802,.T.);
#1897=ADVANCED_FACE('',(#1729),#1803,.T.);
#1898=ADVANCED_FACE('',(#1730),#1804,.T.);
#1899=ADVANCED_FACE('',(#1731),#1805,.F.);
#1900=ADVANCED_FACE('',(#1732),#1806,.T.);
#1901=ADVANCED_FACE('',(#1733),#1807,.T.);
#1902=ADVANCED_FACE('',(#1734),#1808,.F.);
#1903=ADVANCED_FACE('',(#1735),#1809,.F.);
#1904=ADVANCED_FACE('',(#1736),#1810,.F.);
#1905=ADVANCED_FACE('',(#1737),#1811,.T.);
#1906=ADVANCED_FACE('',(#1738),#1812,.T.);
#1907=ADVANCED_FACE('',(#1739),#1813,.F.);
#1908=ADVANCED_FACE('',(#1740),#1814,.T.);
#1909=ADVANCED_FACE('',(#1741),#1815,.T.);
#1910=ADVANCED_FACE('',(#1742,#1743,#1744,#1745,#1746,#1747,#1748,#1749,
#1750),#1816,.F.);
#1911=ADVANCED_FACE('',(#1751,#1752,#1753,#1754,#1755,#1756,#1757,#1758,
#1759),#1817,.T.);
#1912=CLOSED_SHELL('',(#1818,#1819,#1820,#1821,#1822,#1823,#1824,#1825,
#1826,#1827,#1828,#1829,#1830,#1831,#1832,#1833,#1834,#1835,#1836,#1837,
#1838,#1839,#1840,#1841,#1842,#1843,#1844,#1845,#1846,#1847,#1848,#1849,
#1850,#1851,#1852,#1853,#1854,#1855,#1856,#1857,#1858,#1859,#1860,#1861,
#1862,#1863,#1864,#1865,#1866,#1867,#1868,#1869,#1870,#1871,#1872,#1873,
#1874,#1875,#1876,#1877,#1878,#1879,#1880,#1881,#1882,#1883,#1884,#1885,
#1886,#1887,#1888,#1889,#1890,#1891,#1892,#1893,#1894,#1895,#1896,#1897,
#1898,#1899,#1900,#1901,#1902,#1903,#1904,#1905,#1906,#1907,#1908,#1909,
#1910,#1911));
#1913=STYLED_ITEM('',(#1914),#1921);
#1914=PRESENTATION_STYLE_ASSIGNMENT((#1915));
#1915=SURFACE_STYLE_USAGE(.BOTH.,#1916);
#1916=SURFACE_SIDE_STYLE('',(#1917));
#1917=SURFACE_STYLE_FILL_AREA(#1918);
#1918=FILL_AREA_STYLE('',(#1919));
#1919=FILL_AREA_STYLE_COLOUR('',#1920);
#1920=COLOUR_RGB('',0.615686274509804,0.811764705882353,0.929411764705882);
#1921=MANIFOLD_SOLID_BREP('Part 1',#1912);
#1922=SHAPE_DEFINITION_REPRESENTATION(#3190,#1923);
#1923=SHAPE_REPRESENTATION('Part 1',(#1924),#3185);
#1924=AXIS2_PLACEMENT_3D('',#2629,#2091,#2092);
#1925=AXIS2_PLACEMENT_3D('',#2630,#2093,#2094);
#1926=AXIS2_PLACEMENT_3D('',#2647,#2103,#2104);
#1927=AXIS2_PLACEMENT_3D('',#2661,#2112,#2113);
#1928=AXIS2_PLACEMENT_3D('',#2670,#2118,#2119);
#1929=AXIS2_PLACEMENT_3D('',#2671,#2120,#2121);
#1930=AXIS2_PLACEMENT_3D('',#2675,#2123,#2124);
#1931=AXIS2_PLACEMENT_3D('',#2676,#2125,#2126);
#1932=AXIS2_PLACEMENT_3D('',#2682,#2130,#2131);
#1933=AXIS2_PLACEMENT_3D('',#2683,#2132,#2133);
#1934=AXIS2_PLACEMENT_3D('',#2687,#2135,#2136);
#1935=AXIS2_PLACEMENT_3D('',#2688,#2137,#2138);
#1936=AXIS2_PLACEMENT_3D('',#2694,#2142,#2143);
#1937=AXIS2_PLACEMENT_3D('',#2695,#2144,#2145);
#1938=AXIS2_PLACEMENT_3D('',#2699,#2147,#2148);
#1939=AXIS2_PLACEMENT_3D('',#2700,#2149,#2150);
#1940=AXIS2_PLACEMENT_3D('',#2706,#2154,#2155);
#1941=AXIS2_PLACEMENT_3D('',#2710,#2157,#2158);
#1942=AXIS2_PLACEMENT_3D('',#2714,#2160,#2161);
#1943=AXIS2_PLACEMENT_3D('',#2715,#2162,#2163);
#1944=AXIS2_PLACEMENT_3D('',#2721,#2167,#2168);
#1945=AXIS2_PLACEMENT_3D('',#2722,#2169,#2170);
#1946=AXIS2_PLACEMENT_3D('',#2726,#2172,#2173);
#1947=AXIS2_PLACEMENT_3D('',#2727,#2174,#2175);
#1948=AXIS2_PLACEMENT_3D('',#2733,#2179,#2180);
#1949=AXIS2_PLACEMENT_3D('',#2734,#2181,#2182);
#1950=AXIS2_PLACEMENT_3D('',#2738,#2184,#2185);
#1951=AXIS2_PLACEMENT_3D('',#2739,#2186,#2187);
#1952=AXIS2_PLACEMENT_3D('',#2745,#2191,#2192);
#1953=AXIS2_PLACEMENT_3D('',#2746,#2193,#2194);
#1954=AXIS2_PLACEMENT_3D('',#2750,#2196,#2197);
#1955=AXIS2_PLACEMENT_3D('',#2751,#2198,#2199);
#1956=AXIS2_PLACEMENT_3D('',#2755,#2201,#2202);
#1957=AXIS2_PLACEMENT_3D('',#2759,#2204,#2205);
#1958=AXIS2_PLACEMENT_3D('',#2760,#2206,#2207);
#1959=AXIS2_PLACEMENT_3D('',#2766,#2211,#2212);
#1960=AXIS2_PLACEMENT_3D('',#2767,#2213,#2214);
#1961=AXIS2_PLACEMENT_3D('',#2771,#2216,#2217);
#1962=AXIS2_PLACEMENT_3D('',#2772,#2218,#2219);
#1963=AXIS2_PLACEMENT_3D('',#2778,#2223,#2224);
#1964=AXIS2_PLACEMENT_3D('',#2779,#2225,#2226);
#1965=AXIS2_PLACEMENT_3D('',#2783,#2228,#2229);
#1966=AXIS2_PLACEMENT_3D('',#2784,#2230,#2231);
#1967=AXIS2_PLACEMENT_3D('',#2790,#2235,#2236);
#1968=AXIS2_PLACEMENT_3D('',#2791,#2237,#2238);
#1969=AXIS2_PLACEMENT_3D('',#2795,#2240,#2241);
#1970=AXIS2_PLACEMENT_3D('',#2796,#2242,#2243);
#1971=AXIS2_PLACEMENT_3D('',#2800,#2245,#2246);
#1972=AXIS2_PLACEMENT_3D('',#2804,#2248,#2249);
#1973=AXIS2_PLACEMENT_3D('',#2805,#2250,#2251);
#1974=AXIS2_PLACEMENT_3D('',#2811,#2255,#2256);
#1975=AXIS2_PLACEMENT_3D('',#2812,#2257,#2258);
#1976=AXIS2_PLACEMENT_3D('',#2816,#2260,#2261);
#1977=AXIS2_PLACEMENT_3D('',#2817,#2262,#2263);
#1978=AXIS2_PLACEMENT_3D('',#2823,#2267,#2268);
#1979=AXIS2_PLACEMENT_3D('',#2824,#2269,#2270);
#1980=AXIS2_PLACEMENT_3D('',#2828,#2272,#2273);
#1981=AXIS2_PLACEMENT_3D('',#2829,#2274,#2275);
#1982=AXIS2_PLACEMENT_3D('',#2835,#2279,#2280);
#1983=AXIS2_PLACEMENT_3D('',#2836,#2281,#2282);
#1984=AXIS2_PLACEMENT_3D('',#2840,#2284,#2285);
#1985=AXIS2_PLACEMENT_3D('',#2841,#2286,#2287);
#1986=AXIS2_PLACEMENT_3D('',#2845,#2289,#2290);
#1987=AXIS2_PLACEMENT_3D('',#2849,#2292,#2293);
#1988=AXIS2_PLACEMENT_3D('',#2850,#2294,#2295);
#1989=AXIS2_PLACEMENT_3D('',#2856,#2299,#2300);
#1990=AXIS2_PLACEMENT_3D('',#2857,#2301,#2302);
#1991=AXIS2_PLACEMENT_3D('',#2861,#2304,#2305);
#1992=AXIS2_PLACEMENT_3D('',#2862,#2306,#2307);
#1993=AXIS2_PLACEMENT_3D('',#2868,#2311,#2312);
#1994=AXIS2_PLACEMENT_3D('',#2869,#2313,#2314);
#1995=AXIS2_PLACEMENT_3D('',#2873,#2316,#2317);
#1996=AXIS2_PLACEMENT_3D('',#2874,#2318,#2319);
#1997=AXIS2_PLACEMENT_3D('',#2880,#2323,#2324);
#1998=AXIS2_PLACEMENT_3D('',#2881,#2325,#2326);
#1999=AXIS2_PLACEMENT_3D('',#2885,#2328,#2329);
#2000=AXIS2_PLACEMENT_3D('',#2886,#2330,#2331);
#2001=AXIS2_PLACEMENT_3D('',#2890,#2333,#2334);
#2002=AXIS2_PLACEMENT_3D('',#2894,#2336,#2337);
#2003=AXIS2_PLACEMENT_3D('',#2895,#2338,#2339);
#2004=AXIS2_PLACEMENT_3D('',#2901,#2343,#2344);
#2005=AXIS2_PLACEMENT_3D('',#2902,#2345,#2346);
#2006=AXIS2_PLACEMENT_3D('',#2906,#2348,#2349);
#2007=AXIS2_PLACEMENT_3D('',#2907,#2350,#2351);
#2008=AXIS2_PLACEMENT_3D('',#2913,#2355,#2356);
#2009=AXIS2_PLACEMENT_3D('',#2914,#2357,#2358);
#2010=AXIS2_PLACEMENT_3D('',#2918,#2360,#2361);
#2011=AXIS2_PLACEMENT_3D('',#2919,#2362,#2363);
#2012=AXIS2_PLACEMENT_3D('',#2925,#2367,#2368);
#2013=AXIS2_PLACEMENT_3D('',#2926,#2369,#2370);
#2014=AXIS2_PLACEMENT_3D('',#2930,#2372,#2373);
#2015=AXIS2_PLACEMENT_3D('',#2931,#2374,#2375);
#2016=AXIS2_PLACEMENT_3D('',#2940,#2380,#2381);
#2017=AXIS2_PLACEMENT_3D('',#2941,#2382,#2383);
#2018=AXIS2_PLACEMENT_3D('',#2945,#2385,#2386);
#2019=AXIS2_PLACEMENT_3D('',#2946,#2387,#2388);
#2020=AXIS2_PLACEMENT_3D('',#2952,#2392,#2393);
#2021=AXIS2_PLACEMENT_3D('',#2953,#2394,#2395);
#2022=AXIS2_PLACEMENT_3D('',#2957,#2397,#2398);
#2023=AXIS2_PLACEMENT_3D('',#2958,#2399,#2400);
#2024=AXIS2_PLACEMENT_3D('',#2964,#2404,#2405);
#2025=AXIS2_PLACEMENT_3D('',#2965,#2406,#2407);
#2026=AXIS2_PLACEMENT_3D('',#2969,#2409,#2410);
#2027=AXIS2_PLACEMENT_3D('',#2970,#2411,#2412);
#2028=AXIS2_PLACEMENT_3D('',#2976,#2416,#2417);
#2029=AXIS2_PLACEMENT_3D('',#2980,#2419,#2420);
#2030=AXIS2_PLACEMENT_3D('',#2984,#2422,#2423);
#2031=AXIS2_PLACEMENT_3D('',#2985,#2424,#2425);
#2032=AXIS2_PLACEMENT_3D('',#2991,#2429,#2430);
#2033=AXIS2_PLACEMENT_3D('',#2992,#2431,#2432);
#2034=AXIS2_PLACEMENT_3D('',#2996,#2434,#2435);
#2035=AXIS2_PLACEMENT_3D('',#2997,#2436,#2437);
#2036=AXIS2_PLACEMENT_3D('',#3003,#2441,#2442);
#2037=AXIS2_PLACEMENT_3D('',#3004,#2443,#2444);
#2038=AXIS2_PLACEMENT_3D('',#3008,#2446,#2447);
#2039=AXIS2_PLACEMENT_3D('',#3009,#2448,#2449);
#2040=AXIS2_PLACEMENT_3D('',#3015,#2453,#2454);
#2041=AXIS2_PLACEMENT_3D('',#3016,#2455,#2456);
#2042=AXIS2_PLACEMENT_3D('',#3020,#2458,#2459);
#2043=AXIS2_PLACEMENT_3D('',#3021,#2460,#2461);
#2044=AXIS2_PLACEMENT_3D('',#3027,#2465,#2466);
#2045=AXIS2_PLACEMENT_3D('',#3028,#2467,#2468);
#2046=AXIS2_PLACEMENT_3D('',#3032,#2470,#2471);
#2047=AXIS2_PLACEMENT_3D('',#3033,#2472,#2473);
#2048=AXIS2_PLACEMENT_3D('',#3039,#2477,#2478);
#2049=AXIS2_PLACEMENT_3D('',#3040,#2479,#2480);
#2050=AXIS2_PLACEMENT_3D('',#3044,#2482,#2483);
#2051=AXIS2_PLACEMENT_3D('',#3045,#2484,#2485);
#2052=AXIS2_PLACEMENT_3D('',#3051,#2489,#2490);
#2053=AXIS2_PLACEMENT_3D('',#3052,#2491,#2492);
#2054=AXIS2_PLACEMENT_3D('',#3056,#2494,#2495);
#2055=AXIS2_PLACEMENT_3D('',#3057,#2496,#2497);
#2056=AXIS2_PLACEMENT_3D('',#3063,#2501,#2502);
#2057=AXIS2_PLACEMENT_3D('',#3064,#2503,#2504);
#2058=AXIS2_PLACEMENT_3D('',#3068,#2506,#2507);
#2059=AXIS2_PLACEMENT_3D('',#3069,#2508,#2509);
#2060=AXIS2_PLACEMENT_3D('',#3072,#2512,#2513);
#2061=AXIS2_PLACEMENT_3D('',#3075,#2516,#2517);
#2062=AXIS2_PLACEMENT_3D('',#3078,#2520,#2521);
#2063=AXIS2_PLACEMENT_3D('',#3081,#2524,#2525);
#2064=AXIS2_PLACEMENT_3D('',#3084,#2528,#2529);
#2065=AXIS2_PLACEMENT_3D('',#3085,#2530,#2531);
#2066=AXIS2_PLACEMENT_3D('',#3086,#2532,#2533);
#2067=AXIS2_PLACEMENT_3D('',#3087,#2534,#2535);
#2068=AXIS2_PLACEMENT_3D('',#3090,#2538,#2539);
#2069=AXIS2_PLACEMENT_3D('',#3091,#2540,#2541);
#2070=AXIS2_PLACEMENT_3D('',#3092,#2542,#2543);
#2071=AXIS2_PLACEMENT_3D('',#3093,#2544,#2545);
#2072=AXIS2_PLACEMENT_3D('',#3107,#2553,#2554);
#2073=AXIS2_PLACEMENT_3D('',#3118,#2561,#2562);
#2074=AXIS2_PLACEMENT_3D('',#3127,#2567,#2568);
#2075=AXIS2_PLACEMENT_3D('',#3130,#2571,#2572);
#2076=AXIS2_PLACEMENT_3D('',#3133,#2575,#2576);
#2077=AXIS2_PLACEMENT_3D('',#3134,#2577,#2578);
#2078=AXIS2_PLACEMENT_3D('',#3143,#2583,#2584);
#2079=AXIS2_PLACEMENT_3D('',#3146,#2587,#2588);
#2080=AXIS2_PLACEMENT_3D('',#3149,#2591,#2592);
#2081=AXIS2_PLACEMENT_3D('',#3150,#2593,#2594);
#2082=AXIS2_PLACEMENT_3D('',#3156,#2598,#2599);
#2083=AXIS2_PLACEMENT_3D('',#3162,#2603,#2604);
#2084=AXIS2_PLACEMENT_3D('',#3165,#2607,#2608);
#2085=AXIS2_PLACEMENT_3D('',#3166,#2609,#2610);
#2086=AXIS2_PLACEMENT_3D('',#3172,#2614,#2615);
#2087=AXIS2_PLACEMENT_3D('',#3178,#2619,#2620);
#2088=AXIS2_PLACEMENT_3D('',#3181,#2623,#2624);
#2089=AXIS2_PLACEMENT_3D('',#3182,#2625,#2626);
#2090=AXIS2_PLACEMENT_3D('',#3183,#2627,#2628);
#2091=DIRECTION('',(0.,0.,1.));
#2092=DIRECTION('',(1.,0.,0.));
#2093=DIRECTION('',(1.,0.,0.));
#2094=DIRECTION('',(0.,0.,-1.));
#2095=DIRECTION('',(0.,-1.,0.));
#2096=DIRECTION('',(0.,0.,-1.));
#2097=DIRECTION('',(0.,-1.,0.));
#2098=DIRECTION('',(0.,0.,-1.));
#2099=DIRECTION('',(0.,-1.,0.));
#2100=DIRECTION('',(0.,0.,-1.));
#2101=DIRECTION('',(0.,-1.,0.));
#2102=DIRECTION('',(0.,0.,-1.));
#2103=DIRECTION('',(0.,1.,0.));
#2104=DIRECTION('',(0.,0.,1.));
#2105=DIRECTION('',(1.,0.,0.));
#2106=DIRECTION('',(0.,0.,-1.));
#2107=DIRECTION('',(1.,0.,0.));
#2108=DIRECTION('',(0.,0.,-1.));
#2109=DIRECTION('',(1.,0.,0.));
#2110=DIRECTION('',(1.,0.,0.));
#2111=DIRECTION('',(0.,0.,-1.));
#2112=DIRECTION('',(0.,1.,0.));
#2113=DIRECTION('',(0.,0.,1.));
#2114=DIRECTION('',(0.,0.,-1.));
#2115=DIRECTION('',(1.,0.,0.));
#2116=DIRECTION('',(0.,0.,-1.));
#2117=DIRECTION('',(1.,0.,0.));
#2118=DIRECTION('',(0.,0.,-1.));
#2119=DIRECTION('',(-1.,0.,0.));
#2120=DIRECTION('',(0.,0.,-1.));
#2121=DIRECTION('',(1.,0.,0.));
#2122=DIRECTION('',(0.,0.,-1.));
#2123=DIRECTION('',(0.,0.,-1.));
#2124=DIRECTION('',(1.,0.,0.));
#2125=DIRECTION('',(1.,0.,0.));
#2126=DIRECTION('',(0.,0.,-1.));
#2127=DIRECTION('',(0.,-1.,0.));
#2128=DIRECTION('',(0.,0.,-1.));
#2129=DIRECTION('',(0.,-1.,0.));
#2130=DIRECTION('',(0.,0.,-1.));
#2131=DIRECTION('',(-1.,0.,0.));
#2132=DIRECTION('',(0.,0.,1.));
#2133=DIRECTION('',(1.,0.,0.));
#2134=DIRECTION('',(0.,0.,-1.));
#2135=DIRECTION('',(0.,0.,1.));
#2136=DIRECTION('',(1.,0.,0.));
#2137=DIRECTION('',(0.,-1.,0.));
#2138=DIRECTION('',(0.,0.,-1.));
#2139=DIRECTION('',(-1.,0.,0.));
#2140=DIRECTION('',(0.,0.,-1.));
#2141=DIRECTION('',(-1.,0.,0.));
#2142=DIRECTION('',(0.,0.,-1.));
#2143=DIRECTION('',(-1.,0.,0.));
#2144=DIRECTION('',(0.,0.,1.));
#2145=DIRECTION('',(1.,0.,0.));
#2146=DIRECTION('',(0.,0.,-1.));
#2147=DIRECTION('',(0.,0.,1.));
#2148=DIRECTION('',(1.,0.,0.));
#2149=DIRECTION('',(-1.,0.,0.));
#2150=DIRECTION('',(0.,0.,1.));
#2151=DIRECTION('',(0.,1.,0.));
#2152=DIRECTION('',(0.,0.,-1.));
#2153=DIRECTION('',(0.,1.,0.));
#2154=DIRECTION('',(0.,0.,-1.));
#2155=DIRECTION('',(-1.,0.,0.));
#2156=DIRECTION('',(0.,0.,-1.));
#2157=DIRECTION('',(0.,0.,-1.));
#2158=DIRECTION('',(1.,0.,0.));
#2159=DIRECTION('',(0.,0.,-1.));
#2160=DIRECTION('',(0.,0.,-1.));
#2161=DIRECTION('',(1.,0.,0.));
#2162=DIRECTION('',(0.,1.,0.));
#2163=DIRECTION('',(0.,0.,1.));
#2164=DIRECTION('',(1.,0.,0.));
#2165=DIRECTION('',(0.,0.,-1.));
#2166=DIRECTION('',(1.,0.,0.));
#2167=DIRECTION('',(0.,0.,-1.));
#2168=DIRECTION('',(-1.,0.,0.));
#2169=DIRECTION('',(0.,0.,-1.));
#2170=DIRECTION('',(1.,0.,0.));
#2171=DIRECTION('',(0.,0.,-1.));
#2172=DIRECTION('',(0.,0.,-1.));
#2173=DIRECTION('',(1.,0.,0.));
#2174=DIRECTION('',(1.,0.,0.));
#2175=DIRECTION('',(0.,0.,-1.));
#2176=DIRECTION('',(0.,-1.,0.));
#2177=DIRECTION('',(0.,0.,-1.));
#2178=DIRECTION('',(0.,-1.,0.));
#2179=DIRECTION('',(0.,0.,-1.));
#2180=DIRECTION('',(-1.,0.,0.));
#2181=DIRECTION('',(0.,0.,-1.));
#2182=DIRECTION('',(1.,0.,0.));
#2183=DIRECTION('',(0.,0.,-1.));
#2184=DIRECTION('',(0.,0.,-1.));
#2185=DIRECTION('',(1.,0.,0.));
#2186=DIRECTION('',(0.,-1.,0.));
#2187=DIRECTION('',(0.,0.,-1.));
#2188=DIRECTION('',(-1.,0.,0.));
#2189=DIRECTION('',(0.,0.,-1.));
#2190=DIRECTION('',(-1.,0.,0.));
#2191=DIRECTION('',(0.,0.,-1.));
#2192=DIRECTION('',(-1.,0.,0.));
#2193=DIRECTION('',(0.,0.,1.));
#2194=DIRECTION('',(1.,0.,0.));
#2195=DIRECTION('',(0.,0.,-1.));
#2196=DIRECTION('',(0.,0.,1.));
#2197=DIRECTION('',(1.,0.,0.));
#2198=DIRECTION('',(0.,0.,-1.));
#2199=DIRECTION('',(-1.,0.,0.));
#2200=DIRECTION('',(0.,0.,-1.));
#2201=DIRECTION('',(0.,0.,1.));
#2202=DIRECTION('',(1.,0.,0.));
#2203=DIRECTION('',(0.,0.,-1.));
#2204=DIRECTION('',(0.,0.,1.));
#2205=DIRECTION('',(1.,0.,0.));
#2206=DIRECTION('',(1.,0.,0.));
#2207=DIRECTION('',(0.,0.,-1.));
#2208=DIRECTION('',(0.,-1.,0.));
#2209=DIRECTION('',(0.,0.,-1.));
#2210=DIRECTION('',(0.,-1.,0.));
#2211=DIRECTION('',(0.,0.,-1.));
#2212=DIRECTION('',(-1.,0.,0.));
#2213=DIRECTION('',(0.,0.,1.));
#2214=DIRECTION('',(1.,0.,0.));
#2215=DIRECTION('',(0.,0.,-1.));
#2216=DIRECTION('',(0.,0.,1.));
#2217=DIRECTION('',(1.,0.,0.));
#2218=DIRECTION('',(0.,-1.,0.));
#2219=DIRECTION('',(0.,0.,-1.));
#2220=DIRECTION('',(-1.,0.,0.));
#2221=DIRECTION('',(0.,0.,-1.));
#2222=DIRECTION('',(-1.,0.,0.));
#2223=DIRECTION('',(0.,0.,-1.));
#2224=DIRECTION('',(-1.,0.,0.));
#2225=DIRECTION('',(0.,0.,1.));
#2226=DIRECTION('',(1.,0.,0.));
#2227=DIRECTION('',(0.,0.,-1.));
#2228=DIRECTION('',(0.,0.,1.));
#2229=DIRECTION('',(1.,0.,0.));
#2230=DIRECTION('',(-1.,0.,0.));
#2231=DIRECTION('',(0.,0.,1.));
#2232=DIRECTION('',(0.,1.,0.));
#2233=DIRECTION('',(0.,0.,-1.));
#2234=DIRECTION('',(0.,1.,0.));
#2235=DIRECTION('',(0.,0.,-1.));
#2236=DIRECTION('',(-1.,0.,0.));
#2237=DIRECTION('',(0.,0.,1.));
#2238=DIRECTION('',(1.,0.,0.));
#2239=DIRECTION('',(0.,0.,-1.));
#2240=DIRECTION('',(0.,0.,1.));
#2241=DIRECTION('',(1.,0.,0.));
#2242=DIRECTION('',(0.,0.,-1.));
#2243=DIRECTION('',(-1.,0.,0.));
#2244=DIRECTION('',(0.,0.,-1.));
#2245=DIRECTION('',(0.,0.,1.));
#2246=DIRECTION('',(1.,0.,0.));
#2247=DIRECTION('',(0.,0.,-1.));
#2248=DIRECTION('',(0.,0.,1.));
#2249=DIRECTION('',(1.,0.,0.));
#2250=DIRECTION('',(1.,0.,0.));
#2251=DIRECTION('',(0.,0.,-1.));
#2252=DIRECTION('',(0.,-1.,0.));
#2253=DIRECTION('',(0.,0.,-1.));
#2254=DIRECTION('',(0.,-1.,0.));
#2255=DIRECTION('',(0.,0.,-1.));
#2256=DIRECTION('',(-1.,0.,0.));
#2257=DIRECTION('',(0.,0.,1.));
#2258=DIRECTION('',(1.,0.,0.));
#2259=DIRECTION('',(0.,0.,-1.));
#2260=DIRECTION('',(0.,0.,1.));
#2261=DIRECTION('',(1.,0.,0.));
#2262=DIRECTION('',(3.90099446459998E-16,-1.,0.));
#2263=DIRECTION('',(1.,3.90099446459998E-16,0.));
#2264=DIRECTION('',(-1.,-3.90099446459998E-16,0.));
#2265=DIRECTION('',(0.,0.,-1.));
#2266=DIRECTION('',(-1.,-3.90099446459998E-16,0.));
#2267=DIRECTION('',(0.,0.,-1.));
#2268=DIRECTION('',(-1.,0.,0.));
#2269=DIRECTION('',(0.,0.,1.));
#2270=DIRECTION('',(1.,0.,0.));
#2271=DIRECTION('',(0.,0.,-1.));
#2272=DIRECTION('',(0.,0.,1.));
#2273=DIRECTION('',(1.,0.,0.));
#2274=DIRECTION('',(-1.,0.,0.));
#2275=DIRECTION('',(0.,0.,1.));
#2276=DIRECTION('',(0.,1.,0.));
#2277=DIRECTION('',(0.,0.,-1.));
#2278=DIRECTION('',(0.,1.,0.));
#2279=DIRECTION('',(0.,0.,-1.));
#2280=DIRECTION('',(-1.,0.,0.));
#2281=DIRECTION('',(0.,0.,1.));
#2282=DIRECTION('',(1.,0.,0.));
#2283=DIRECTION('',(0.,0.,-1.));
#2284=DIRECTION('',(0.,0.,1.));
#2285=DIRECTION('',(1.,0.,0.));
#2286=DIRECTION('',(0.,0.,-1.));
#2287=DIRECTION('',(-1.,0.,0.));
#2288=DIRECTION('',(0.,0.,-1.));
#2289=DIRECTION('',(0.,0.,1.));
#2290=DIRECTION('',(1.,0.,0.));
#2291=DIRECTION('',(0.,0.,-1.));
#2292=DIRECTION('',(0.,0.,1.));
#2293=DIRECTION('',(1.,0.,0.));
#2294=DIRECTION('',(1.,0.,0.));
#2295=DIRECTION('',(0.,0.,-1.));
#2296=DIRECTION('',(0.,-1.,0.));
#2297=DIRECTION('',(0.,0.,-1.));
#2298=DIRECTION('',(0.,-1.,0.));
#2299=DIRECTION('',(0.,0.,-1.));
#2300=DIRECTION('',(-1.,0.,0.));
#2301=DIRECTION('',(0.,0.,1.));
#2302=DIRECTION('',(1.,0.,0.));
#2303=DIRECTION('',(0.,0.,-1.));
#2304=DIRECTION('',(0.,0.,1.));
#2305=DIRECTION('',(1.,0.,0.));
#2306=DIRECTION('',(3.90099446459998E-16,-1.,0.));
#2307=DIRECTION('',(1.,3.90099446459998E-16,0.));
#2308=DIRECTION('',(-1.,-3.90099446459998E-16,0.));
#2309=DIRECTION('',(0.,0.,-1.));
#2310=DIRECTION('',(-1.,-3.90099446459998E-16,0.));
#2311=DIRECTION('',(0.,0.,-1.));
#2312=DIRECTION('',(-1.,0.,0.));
#2313=DIRECTION('',(0.,0.,1.));
#2314=DIRECTION('',(1.,0.,0.));
#2315=DIRECTION('',(0.,0.,-1.));
#2316=DIRECTION('',(0.,0.,1.));
#2317=DIRECTION('',(1.,0.,0.));
#2318=DIRECTION('',(-1.,0.,0.));
#2319=DIRECTION('',(0.,0.,1.));
#2320=DIRECTION('',(0.,1.,0.));
#2321=DIRECTION('',(0.,0.,-1.));
#2322=DIRECTION('',(0.,1.,0.));
#2323=DIRECTION('',(0.,0.,-1.));
#2324=DIRECTION('',(-1.,0.,0.));
#2325=DIRECTION('',(0.,0.,1.));
#2326=DIRECTION('',(1.,0.,0.));
#2327=DIRECTION('',(0.,0.,-1.));
#2328=DIRECTION('',(0.,0.,1.));
#2329=DIRECTION('',(1.,0.,0.));
#2330=DIRECTION('',(0.,0.,-1.));
#2331=DIRECTION('',(-1.,0.,0.));
#2332=DIRECTION('',(0.,0.,-1.));
#2333=DIRECTION('',(0.,0.,1.));
#2334=DIRECTION('',(1.,0.,0.));
#2335=DIRECTION('',(0.,0.,-1.));
#2336=DIRECTION('',(0.,0.,1.));
#2337=DIRECTION('',(1.,0.,0.));
#2338=DIRECTION('',(1.,0.,0.));
#2339=DIRECTION('',(0.,0.,-1.));
#2340=DIRECTION('',(0.,-1.,0.));
#2341=DIRECTION('',(0.,0.,-1.));
#2342=DIRECTION('',(0.,-1.,0.));
#2343=DIRECTION('',(0.,0.,-1.));
#2344=DIRECTION('',(-1.,0.,0.));
#2345=DIRECTION('',(0.,0.,1.));
#2346=DIRECTION('',(1.,0.,0.));
#2347=DIRECTION('',(0.,0.,-1.));
#2348=DIRECTION('',(0.,0.,1.));
#2349=DIRECTION('',(1.,0.,0.));
#2350=DIRECTION('',(3.90099446459998E-16,-1.,0.));
#2351=DIRECTION('',(1.,3.90099446459998E-16,0.));
#2352=DIRECTION('',(-1.,-3.90099446459998E-16,0.));
#2353=DIRECTION('',(0.,0.,-1.));
#2354=DIRECTION('',(-1.,-3.90099446459998E-16,0.));
#2355=DIRECTION('',(0.,0.,-1.));
#2356=DIRECTION('',(-1.,0.,0.));
#2357=DIRECTION('',(0.,0.,1.));
#2358=DIRECTION('',(1.,0.,0.));
#2359=DIRECTION('',(0.,0.,-1.));
#2360=DIRECTION('',(0.,0.,1.));
#2361=DIRECTION('',(1.,0.,0.));
#2362=DIRECTION('',(-1.,0.,0.));
#2363=DIRECTION('',(0.,0.,1.));
#2364=DIRECTION('',(0.,1.,0.));
#2365=DIRECTION('',(0.,0.,-1.));
#2366=DIRECTION('',(0.,1.,0.));
#2367=DIRECTION('',(0.,0.,-1.));
#2368=DIRECTION('',(-1.,0.,0.));
#2369=DIRECTION('',(0.,0.,1.));
#2370=DIRECTION('',(1.,0.,0.));
#2371=DIRECTION('',(0.,0.,-1.));
#2372=DIRECTION('',(0.,0.,1.));
#2373=DIRECTION('',(1.,0.,0.));
#2374=DIRECTION('',(-1.,0.,0.));
#2375=DIRECTION('',(0.,0.,1.));
#2376=DIRECTION('',(0.,0.,-1.));
#2377=DIRECTION('',(0.,1.,0.));
#2378=DIRECTION('',(0.,0.,-1.));
#2379=DIRECTION('',(0.,1.,0.));
#2380=DIRECTION('',(0.,0.,-1.));
#2381=DIRECTION('',(-1.,0.,0.));
#2382=DIRECTION('',(0.,0.,1.));
#2383=DIRECTION('',(1.,0.,0.));
#2384=DIRECTION('',(0.,0.,-1.));
#2385=DIRECTION('',(0.,0.,1.));
#2386=DIRECTION('',(1.,0.,0.));
#2387=DIRECTION('',(0.,1.,0.));
#2388=DIRECTION('',(0.,0.,1.));
#2389=DIRECTION('',(1.,0.,0.));
#2390=DIRECTION('',(0.,0.,-1.));
#2391=DIRECTION('',(1.,0.,0.));
#2392=DIRECTION('',(0.,0.,-1.));
#2393=DIRECTION('',(-1.,0.,0.));
#2394=DIRECTION('',(0.,0.,1.));
#2395=DIRECTION('',(1.,0.,0.));
#2396=DIRECTION('',(0.,0.,-1.));
#2397=DIRECTION('',(0.,0.,1.));
#2398=DIRECTION('',(1.,0.,0.));
#2399=DIRECTION('',(1.,0.,0.));
#2400=DIRECTION('',(0.,0.,-1.));
#2401=DIRECTION('',(0.,-1.,0.));
#2402=DIRECTION('',(0.,0.,-1.));
#2403=DIRECTION('',(0.,-1.,0.));
#2404=DIRECTION('',(0.,0.,-1.));
#2405=DIRECTION('',(-1.,0.,0.));
#2406=DIRECTION('',(0.,0.,1.));
#2407=DIRECTION('',(1.,0.,0.));
#2408=DIRECTION('',(0.,0.,-1.));
#2409=DIRECTION('',(0.,0.,1.));
#2410=DIRECTION('',(1.,0.,0.));
#2411=DIRECTION('',(0.,-1.,0.));
#2412=DIRECTION('',(0.,0.,-1.));
#2413=DIRECTION('',(-1.,0.,0.));
#2414=DIRECTION('',(0.,0.,-1.));
#2415=DIRECTION('',(-1.,0.,0.));
#2416=DIRECTION('',(0.,0.,-1.));
#2417=DIRECTION('',(-1.,0.,0.));
#2418=DIRECTION('',(0.,0.,-1.));
#2419=DIRECTION('',(0.,0.,1.));
#2420=DIRECTION('',(1.,0.,0.));
#2421=DIRECTION('',(0.,0.,-1.));
#2422=DIRECTION('',(0.,0.,1.));
#2423=DIRECTION('',(1.,0.,0.));
#2424=DIRECTION('',(0.,1.,0.));
#2425=DIRECTION('',(0.,0.,1.));
#2426=DIRECTION('',(1.,0.,0.));
#2427=DIRECTION('',(0.,0.,-1.));
#2428=DIRECTION('',(1.,0.,0.));
#2429=DIRECTION('',(0.,0.,-1.));
#2430=DIRECTION('',(-1.,0.,0.));
#2431=DIRECTION('',(0.,0.,1.));
#2432=DIRECTION('',(1.,0.,0.));
#2433=DIRECTION('',(0.,0.,-1.));
#2434=DIRECTION('',(0.,0.,1.));
#2435=DIRECTION('',(1.,0.,0.));
#2436=DIRECTION('',(1.,0.,0.));
#2437=DIRECTION('',(0.,0.,-1.));
#2438=DIRECTION('',(0.,-1.,0.));
#2439=DIRECTION('',(0.,0.,-1.));
#2440=DIRECTION('',(0.,-1.,0.));
#2441=DIRECTION('',(0.,0.,-1.));
#2442=DIRECTION('',(-1.,0.,0.));
#2443=DIRECTION('',(0.,0.,1.));
#2444=DIRECTION('',(1.,0.,0.));
#2445=DIRECTION('',(0.,0.,-1.));
#2446=DIRECTION('',(0.,0.,1.));
#2447=DIRECTION('',(1.,0.,0.));
#2448=DIRECTION('',(0.,-1.,0.));
#2449=DIRECTION('',(0.,0.,-1.));
#2450=DIRECTION('',(-1.,0.,0.));
#2451=DIRECTION('',(0.,0.,-1.));
#2452=DIRECTION('',(-1.,0.,0.));
#2453=DIRECTION('',(0.,0.,-1.));
#2454=DIRECTION('',(-1.,0.,0.));
#2455=DIRECTION('',(0.,0.,1.));
#2456=DIRECTION('',(1.,0.,0.));
#2457=DIRECTION('',(0.,0.,-1.));
#2458=DIRECTION('',(0.,0.,1.));
#2459=DIRECTION('',(1.,0.,0.));
#2460=DIRECTION('',(1.,0.,0.));
#2461=DIRECTION('',(0.,0.,-1.));
#2462=DIRECTION('',(0.,-1.,0.));
#2463=DIRECTION('',(0.,0.,-1.));
#2464=DIRECTION('',(0.,-1.,0.));
#2465=DIRECTION('',(0.,0.,-1.));
#2466=DIRECTION('',(-1.,0.,0.));
#2467=DIRECTION('',(0.,0.,1.));
#2468=DIRECTION('',(1.,0.,0.));
#2469=DIRECTION('',(0.,0.,-1.));
#2470=DIRECTION('',(0.,0.,1.));
#2471=DIRECTION('',(1.,0.,0.));
#2472=DIRECTION('',(0.,-1.,0.));
#2473=DIRECTION('',(0.,0.,-1.));
#2474=DIRECTION('',(-1.,0.,0.));
#2475=DIRECTION('',(0.,0.,-1.));
#2476=DIRECTION('',(-1.,0.,0.));
#2477=DIRECTION('',(0.,0.,-1.));
#2478=DIRECTION('',(-1.,0.,0.));
#2479=DIRECTION('',(0.,0.,1.));
#2480=DIRECTION('',(1.,0.,0.));
#2481=DIRECTION('',(0.,0.,-1.));
#2482=DIRECTION('',(0.,0.,1.));
#2483=DIRECTION('',(1.,0.,0.));
#2484=DIRECTION('',(-1.,0.,0.));
#2485=DIRECTION('',(0.,0.,1.));
#2486=DIRECTION('',(0.,1.,0.));
#2487=DIRECTION('',(0.,0.,-1.));
#2488=DIRECTION('',(0.,1.,0.));
#2489=DIRECTION('',(0.,0.,-1.));
#2490=DIRECTION('',(-1.,0.,0.));
#2491=DIRECTION('',(0.,0.,1.));
#2492=DIRECTION('',(1.,0.,0.));
#2493=DIRECTION('',(0.,0.,-1.));
#2494=DIRECTION('',(0.,0.,1.));
#2495=DIRECTION('',(1.,0.,0.));
#2496=DIRECTION('',(0.,-1.,0.));
#2497=DIRECTION('',(0.,0.,-1.));
#2498=DIRECTION('',(-1.,0.,0.));
#2499=DIRECTION('',(0.,0.,-1.));
#2500=DIRECTION('',(-1.,0.,0.));
#2501=DIRECTION('',(0.,0.,-1.));
#2502=DIRECTION('',(-1.,0.,0.));
#2503=DIRECTION('',(0.,0.,1.));
#2504=DIRECTION('',(1.,0.,0.));
#2505=DIRECTION('',(0.,0.,-1.));
#2506=DIRECTION('',(0.,0.,1.));
#2507=DIRECTION('',(1.,0.,0.));
#2508=DIRECTION('',(-1.,0.,0.));
#2509=DIRECTION('',(0.,0.,1.));
#2510=DIRECTION('',(0.,1.,0.));
#2511=DIRECTION('',(0.,1.,0.));
#2512=DIRECTION('',(0.,1.,0.));
#2513=DIRECTION('',(0.,0.,1.));
#2514=DIRECTION('',(1.,0.,0.));
#2515=DIRECTION('',(1.,0.,0.));
#2516=DIRECTION('',(-1.91022543810247E-16,1.,0.));
#2517=DIRECTION('',(-1.,-1.91022543810247E-16,0.));
#2518=DIRECTION('',(1.,1.91022543810247E-16,0.));
#2519=DIRECTION('',(1.,1.91022543810247E-16,0.));
#2520=DIRECTION('',(-1.91022543810247E-16,1.,0.));
#2521=DIRECTION('',(-1.,-1.91022543810247E-16,0.));
#2522=DIRECTION('',(1.,1.91022543810247E-16,0.));
#2523=DIRECTION('',(1.,1.91022543810247E-16,0.));
#2524=DIRECTION('',(-1.91022543810247E-16,1.,0.));
#2525=DIRECTION('',(-1.,-1.91022543810247E-16,0.));
#2526=DIRECTION('',(1.,1.91022543810247E-16,0.));
#2527=DIRECTION('',(1.,1.91022543810247E-16,0.));
#2528=DIRECTION('',(0.,0.,-1.));
#2529=DIRECTION('',(-1.,0.,0.));
#2530=DIRECTION('',(0.,0.,1.));
#2531=DIRECTION('',(1.,0.,0.));
#2532=DIRECTION('',(0.,0.,1.));
#2533=DIRECTION('',(1.,0.,0.));
#2534=DIRECTION('',(-1.,0.,0.));
#2535=DIRECTION('',(0.,0.,1.));
#2536=DIRECTION('',(0.,1.,0.));
#2537=DIRECTION('',(0.,1.,0.));
#2538=DIRECTION('',(0.,0.,-1.));
#2539=DIRECTION('',(-1.,0.,0.));
#2540=DIRECTION('',(0.,0.,-1.));
#2541=DIRECTION('',(1.,0.,0.));
#2542=DIRECTION('',(0.,0.,-1.));
#2543=DIRECTION('',(1.,0.,0.));
#2544=DIRECTION('',(1.,0.,0.));
#2545=DIRECTION('',(0.,0.,-1.));
#2546=DIRECTION('',(0.,-1.,0.));
#2547=DIRECTION('',(0.,0.,-1.));
#2548=DIRECTION('',(0.,-1.,0.));
#2549=DIRECTION('',(0.,0.,-1.));
#2550=DIRECTION('',(0.,-1.,0.));
#2551=DIRECTION('',(0.,-1.,0.));
#2552=DIRECTION('',(0.,0.,-1.));
#2553=DIRECTION('',(7.67778470992902E-17,1.,0.));
#2554=DIRECTION('',(-1.,7.67778470992902E-17,0.));
#2555=DIRECTION('',(1.,-7.67778470992902E-17,0.));
#2556=DIRECTION('',(0.,0.,-1.));
#2557=DIRECTION('',(1.,-7.67778470992902E-17,0.));
#2558=DIRECTION('',(1.,-7.67778470992902E-17,0.));
#2559=DIRECTION('',(1.,-7.67778470992902E-17,0.));
#2560=DIRECTION('',(0.,0.,-1.));
#2561=DIRECTION('',(0.,1.,0.));
#2562=DIRECTION('',(0.,0.,1.));
#2563=DIRECTION('',(0.,0.,-1.));
#2564=DIRECTION('',(1.,0.,0.));
#2565=DIRECTION('',(0.,0.,-1.));
#2566=DIRECTION('',(1.,0.,0.));
#2567=DIRECTION('',(0.514495755427527,0.857492925712544,0.));
#2568=DIRECTION('',(-0.857492925712544,0.514495755427527,0.));
#2569=DIRECTION('',(0.857492925712544,-0.514495755427527,0.));
#2570=DIRECTION('',(0.857492925712544,-0.514495755427527,0.));
#2571=DIRECTION('',(-0.514495755427527,0.857492925712544,0.));
#2572=DIRECTION('',(-0.857492925712544,-0.514495755427527,0.));
#2573=DIRECTION('',(0.857492925712544,0.514495755427527,0.));
#2574=DIRECTION('',(0.857492925712544,0.514495755427527,0.));
#2575=DIRECTION('',(0.,0.,-1.));
#2576=DIRECTION('',(1.,0.,0.));
#2577=DIRECTION('',(1.,0.,0.));
#2578=DIRECTION('',(0.,0.,-1.));
#2579=DIRECTION('',(0.,0.,-1.));
#2580=DIRECTION('',(0.,-1.,0.));
#2581=DIRECTION('',(0.,0.,-1.));
#2582=DIRECTION('',(0.,-1.,0.));
#2583=DIRECTION('',(-0.857492925712544,0.514495755427528,0.));
#2584=DIRECTION('',(-0.514495755427528,-0.857492925712544,0.));
#2585=DIRECTION('',(0.514495755427528,0.857492925712544,0.));
#2586=DIRECTION('',(0.514495755427528,0.857492925712544,0.));
#2587=DIRECTION('',(0.857492925712543,0.514495755427528,0.));
#2588=DIRECTION('',(-0.514495755427528,0.857492925712543,0.));
#2589=DIRECTION('',(0.514495755427528,-0.857492925712543,0.));
#2590=DIRECTION('',(0.514495755427528,-0.857492925712543,0.));
#2591=DIRECTION('',(0.,0.,-1.));
#2592=DIRECTION('',(1.,0.,0.));
#2593=DIRECTION('',(-0.514495755427527,0.857492925712544,0.));
#2594=DIRECTION('',(-0.857492925712544,-0.514495755427527,0.));
#2595=DIRECTION('',(0.857492925712544,0.514495755427527,0.));
#2596=DIRECTION('',(0.,0.,-1.));
#2597=DIRECTION('',(0.857492925712544,0.514495755427527,0.));
#2598=DIRECTION('',(0.,1.,0.));
#2599=DIRECTION('',(0.,0.,1.));
#2600=DIRECTION('',(1.,0.,0.));
#2601=DIRECTION('',(0.,0.,-1.));
#2602=DIRECTION('',(1.,0.,0.));
#2603=DIRECTION('',(0.514495755427525,0.857492925712545,0.));
#2604=DIRECTION('',(-0.857492925712545,0.514495755427525,0.));
#2605=DIRECTION('',(0.857492925712545,-0.514495755427525,0.));
#2606=DIRECTION('',(0.857492925712545,-0.514495755427525,0.));
#2607=DIRECTION('',(0.,0.,-1.));
#2608=DIRECTION('',(1.,0.,0.));
#2609=DIRECTION('',(-0.857492925712544,-0.514495755427527,0.));
#2610=DIRECTION('',(0.514495755427527,-0.857492925712544,0.));
#2611=DIRECTION('',(-0.514495755427527,0.857492925712544,0.));
#2612=DIRECTION('',(0.,0.,-1.));
#2613=DIRECTION('',(-0.514495755427527,0.857492925712544,0.));
#2614=DIRECTION('',(1.,0.,0.));
#2615=DIRECTION('',(0.,0.,-1.));
#2616=DIRECTION('',(0.,-1.,0.));
#2617=DIRECTION('',(0.,0.,-1.));
#2618=DIRECTION('',(0.,-1.,0.));
#2619=DIRECTION('',(-0.857492925712544,0.514495755427527,0.));
#2620=DIRECTION('',(-0.514495755427527,-0.857492925712544,0.));
#2621=DIRECTION('',(0.514495755427527,0.857492925712544,0.));
#2622=DIRECTION('',(0.514495755427527,0.857492925712544,0.));
#2623=DIRECTION('',(0.,0.,-1.));
#2624=DIRECTION('',(1.,0.,0.));
#2625=DIRECTION('',(0.,0.,1.));
#2626=DIRECTION('',(1.,0.,0.));
#2627=DIRECTION('',(0.,0.,1.));
#2628=DIRECTION('',(1.,0.,0.));
#2629=CARTESIAN_POINT('',(0.,0.,0.));
#2630=CARTESIAN_POINT('',(0.18406875,-3.75000000000167E-5,0.002));
#2631=CARTESIAN_POINT('',(0.18406875,-3.75000000000167E-5,0.0015));
#2632=CARTESIAN_POINT('',(0.18406875,0.0137125,0.0015));
#2633=CARTESIAN_POINT('',(0.18406875,-0.0262875,0.0015));
#2634=CARTESIAN_POINT('',(0.18406875,0.0137125,0.0015));
#2635=CARTESIAN_POINT('',(0.18406875,0.0137125,-0.0015));
#2636=CARTESIAN_POINT('',(0.18406875,-3.75000000000167E-5,-0.0015));
#2637=CARTESIAN_POINT('',(0.18406875,0.0673875,-0.0015));
#2638=CARTESIAN_POINT('',(0.18406875,0.0673875,0.002));
#2639=CARTESIAN_POINT('',(0.18406875,0.0673875,0.00325));
#2640=CARTESIAN_POINT('',(0.18406875,-3.75000000000167E-5,0.00325));
#2641=CARTESIAN_POINT('',(0.18406875,-0.0673875,0.00325));
#2642=CARTESIAN_POINT('',(0.18406875,-0.0673875,0.002));
#2643=CARTESIAN_POINT('',(0.18406875,-0.0673875,-0.0015));
#2644=CARTESIAN_POINT('',(0.18406875,-3.75000000000167E-5,-0.0015));
#2645=CARTESIAN_POINT('',(0.18406875,-0.0262875,-0.0015));
#2646=CARTESIAN_POINT('',(0.18406875,-0.0262875,0.0015));
#2647=CARTESIAN_POINT('',(0.00248625,0.0673875,0.002));
#2648=CARTESIAN_POINT('',(0.00248625,0.0673875,0.0015));
#2649=CARTESIAN_POINT('',(-0.01761875,0.0673875,0.0015));
#2650=CARTESIAN_POINT('',(0.02238125,0.0673875,0.0015));
#2651=CARTESIAN_POINT('',(-0.01761875,0.0673875,0.0015));
#2652=CARTESIAN_POINT('',(-0.01761875,0.0673875,-0.0015));
#2653=CARTESIAN_POINT('',(0.00248625,0.0673875,-0.0015));
#2654=CARTESIAN_POINT('',(-0.17930625,0.0673875,-0.0015));
#2655=CARTESIAN_POINT('',(-0.17930625,0.0673875,0.002));
#2656=CARTESIAN_POINT('',(-0.17930625,0.0673875,0.00325));
#2657=CARTESIAN_POINT('',(0.00248625,0.0673875,0.00325));
#2658=CARTESIAN_POINT('',(0.00248625,0.0673875,-0.0015));
#2659=CARTESIAN_POINT('',(0.02238125,0.0673875,-0.0015));
#2660=CARTESIAN_POINT('',(0.02238125,0.0673875,0.0015));
#2661=CARTESIAN_POINT('',(0.17756875,-0.0052375,0.002));
#2662=CARTESIAN_POINT('',(0.17856875,-0.0052375,0.002));
#2663=CARTESIAN_POINT('',(0.17856875,-0.0052375,0.00325));
#2664=CARTESIAN_POINT('',(0.17856875,-0.0052375,-0.0015));
#2665=CARTESIAN_POINT('',(0.17756875,-0.0052375,-0.0015));
#2666=CARTESIAN_POINT('',(0.12146875,-0.0052375,-0.0015));
#2667=CARTESIAN_POINT('',(0.12146875,-0.0052375,0.002));
#2668=CARTESIAN_POINT('',(0.12146875,-0.0052375,0.00325));
#2669=CARTESIAN_POINT('',(0.17756875,-0.0052375,0.00325));
#2670=CARTESIAN_POINT('',(0.12146875,-0.0047375,0.002));
#2671=CARTESIAN_POINT('',(0.12146875,-0.0047375,-0.0015));
#2672=CARTESIAN_POINT('',(0.12096875,-0.0047375,-0.0015));
#2673=CARTESIAN_POINT('',(0.12096875,-0.0047375,0.002));
#2674=CARTESIAN_POINT('',(0.12096875,-0.0047375,0.00325));
#2675=CARTESIAN_POINT('',(0.12146875,-0.0047375,0.00325));
#2676=CARTESIAN_POINT('',(0.12096875,-0.0032375,0.002));
#2677=CARTESIAN_POINT('',(0.12096875,-0.0032375,-0.0015));
#2678=CARTESIAN_POINT('',(0.12096875,0.0333125,-0.0015));
#2679=CARTESIAN_POINT('',(0.12096875,0.0333125,0.002));
#2680=CARTESIAN_POINT('',(0.12096875,0.0333125,0.00325));
#2681=CARTESIAN_POINT('',(0.12096875,-0.0032375,0.00325));
#2682=CARTESIAN_POINT('',(0.12146875,0.0333125,0.002));
#2683=CARTESIAN_POINT('',(0.12146875,0.0333125,-0.0015));
#2684=CARTESIAN_POINT('',(0.12146875,0.0338125,-0.0015));
#2685=CARTESIAN_POINT('',(0.12146875,0.0338125,0.002));
#2686=CARTESIAN_POINT('',(0.12146875,0.0338125,0.00325));
#2687=CARTESIAN_POINT('',(0.12146875,0.0333125,0.00325));
#2688=CARTESIAN_POINT('',(0.12296875,0.0338125,0.002));
#2689=CARTESIAN_POINT('',(0.12296875,0.0338125,-0.0015));
#2690=CARTESIAN_POINT('',(0.17856875,0.0338125,-0.0015));
#2691=CARTESIAN_POINT('',(0.17856875,0.0338125,0.002));
#2692=CARTESIAN_POINT('',(0.17856875,0.0338125,0.00325));
#2693=CARTESIAN_POINT('',(0.12296875,0.0338125,0.00325));
#2694=CARTESIAN_POINT('',(0.17856875,0.0333125,0.002));
#2695=CARTESIAN_POINT('',(0.17856875,0.0333125,-0.0015));
#2696=CARTESIAN_POINT('',(0.17906875,0.0333125,-0.0015));
#2697=CARTESIAN_POINT('',(0.17906875,0.0333125,0.002));
#2698=CARTESIAN_POINT('',(0.17906875,0.0333125,0.00325));
#2699=CARTESIAN_POINT('',(0.17856875,0.0333125,0.00325));
#2700=CARTESIAN_POINT('',(0.17906875,0.0318125,0.002));
#2701=CARTESIAN_POINT('',(0.17906875,0.0318125,-0.0015));
#2702=CARTESIAN_POINT('',(0.17906875,-0.0047375,-0.0015));
#2703=CARTESIAN_POINT('',(0.17906875,-0.0047375,0.002));
#2704=CARTESIAN_POINT('',(0.17906875,-0.0047375,0.00325));
#2705=CARTESIAN_POINT('',(0.17906875,0.0318125,0.00325));
#2706=CARTESIAN_POINT('',(-0.17380625,0.0333125,0.002));
#2707=CARTESIAN_POINT('',(-0.17430625,0.0333125,0.002));
#2708=CARTESIAN_POINT('',(-0.17430625,0.0333125,0.00325));
#2709=CARTESIAN_POINT('',(-0.17430625,0.0333125,-0.0015));
#2710=CARTESIAN_POINT('',(-0.17380625,0.0333125,-0.0015));
#2711=CARTESIAN_POINT('',(-0.17380625,0.0338125,-0.0015));
#2712=CARTESIAN_POINT('',(-0.17380625,0.0338125,0.002));
#2713=CARTESIAN_POINT('',(-0.17380625,0.0338125,0.00325));
#2714=CARTESIAN_POINT('',(-0.17380625,0.0333125,0.00325));
#2715=CARTESIAN_POINT('',(-0.106543231707811,0.0338125,0.002));
#2716=CARTESIAN_POINT('',(-0.106543231707811,0.0338125,-0.0015));
#2717=CARTESIAN_POINT('',(0.11189375,0.0338125,-0.0015));
#2718=CARTESIAN_POINT('',(0.11189375,0.0338125,0.002));
#2719=CARTESIAN_POINT('',(0.11189375,0.0338125,0.00325));
#2720=CARTESIAN_POINT('',(-0.106543231707811,0.0338125,0.00325));
#2721=CARTESIAN_POINT('',(0.11189375,0.0333125,0.002));
#2722=CARTESIAN_POINT('',(0.11189375,0.0333125,-0.0015));
#2723=CARTESIAN_POINT('',(0.11239375,0.0333125,-0.0015));
#2724=CARTESIAN_POINT('',(0.11239375,0.0333125,0.002));
#2725=CARTESIAN_POINT('',(0.11239375,0.0333125,0.00325));
#2726=CARTESIAN_POINT('',(0.11189375,0.0333125,0.00325));
#2727=CARTESIAN_POINT('',(0.11239375,0.0157125,0.002));
#2728=CARTESIAN_POINT('',(0.11239375,0.0157125,-0.0015));
#2729=CARTESIAN_POINT('',(0.11239375,-0.0618875,-0.0015));
#2730=CARTESIAN_POINT('',(0.11239375,-0.0618875,0.002));
#2731=CARTESIAN_POINT('',(0.11239375,-0.0618875,0.00325));
#2732=CARTESIAN_POINT('',(0.11239375,0.0157125,0.00325));
#2733=CARTESIAN_POINT('',(0.11189375,-0.0618875,0.002));
#2734=CARTESIAN_POINT('',(0.11189375,-0.0618875,-0.0015));
#2735=CARTESIAN_POINT('',(0.11189375,-0.0623875,-0.0015));
#2736=CARTESIAN_POINT('',(0.11189375,-0.0623875,0.002));
#2737=CARTESIAN_POINT('',(0.11189375,-0.0623875,0.00325));
#2738=CARTESIAN_POINT('',(0.11189375,-0.0618875,0.00325));
#2739=CARTESIAN_POINT('',(0.06904375,-0.0623875,0.002));
#2740=CARTESIAN_POINT('',(0.06904375,-0.0623875,-0.0015));
#2741=CARTESIAN_POINT('',(-0.17380625,-0.0623875,-0.0015));
#2742=CARTESIAN_POINT('',(-0.17380625,-0.0623875,0.002));
#2743=CARTESIAN_POINT('',(-0.17380625,-0.0623875,0.00325));
#2744=CARTESIAN_POINT('',(0.06904375,-0.0623875,0.00325));
#2745=CARTESIAN_POINT('',(-0.17380625,-0.0618875,0.002));
#2746=CARTESIAN_POINT('',(-0.17380625,-0.0618875,-0.0015));
#2747=CARTESIAN_POINT('',(-0.17430625,-0.0618875,-0.0015));
#2748=CARTESIAN_POINT('',(-0.17430625,-0.0618875,0.002));
#2749=CARTESIAN_POINT('',(-0.17430625,-0.0618875,0.00325));
#2750=CARTESIAN_POINT('',(-0.17380625,-0.0618875,0.00325));
#2751=CARTESIAN_POINT('',(-0.17380625,0.0428875,0.002));
#2752=CARTESIAN_POINT('',(-0.17380625,0.0423875,0.002));
#2753=CARTESIAN_POINT('',(-0.17380625,0.0423875,0.00325));
#2754=CARTESIAN_POINT('',(-0.17380625,0.0423875,-0.0015));
#2755=CARTESIAN_POINT('',(-0.17380625,0.0428875,-0.0015));
#2756=CARTESIAN_POINT('',(-0.17430625,0.0428875,-0.0015));
#2757=CARTESIAN_POINT('',(-0.17430625,0.0428875,0.002));
#2758=CARTESIAN_POINT('',(-0.17430625,0.0428875,0.00325));
#2759=CARTESIAN_POINT('',(-0.17380625,0.0428875,0.00325));
#2760=CARTESIAN_POINT('',(-0.17430625,0.0443875,0.002));
#2761=CARTESIAN_POINT('',(-0.17430625,0.0443875,-0.0015));
#2762=CARTESIAN_POINT('',(-0.17430625,0.0618875,-0.0015));
#2763=CARTESIAN_POINT('',(-0.17430625,0.0618875,0.002));
#2764=CARTESIAN_POINT('',(-0.17430625,0.0618875,0.00325));
#2765=CARTESIAN_POINT('',(-0.17430625,0.0443875,0.00325));
#2766=CARTESIAN_POINT('',(-0.17380625,0.0618875,0.002));
#2767=CARTESIAN_POINT('',(-0.17380625,0.0618875,-0.0015));
#2768=CARTESIAN_POINT('',(-0.17380625,0.0623875,-0.0015));
#2769=CARTESIAN_POINT('',(-0.17380625,0.0623875,0.002));
#2770=CARTESIAN_POINT('',(-0.17380625,0.0623875,0.00325));
#2771=CARTESIAN_POINT('',(-0.17380625,0.0618875,0.00325));
#2772=CARTESIAN_POINT('',(-0.16580625,0.0623875,0.002));
#2773=CARTESIAN_POINT('',(-0.16580625,0.0623875,-0.0015));
#2774=CARTESIAN_POINT('',(-0.15480625,0.0623875,-0.0015));
#2775=CARTESIAN_POINT('',(-0.15480625,0.0623875,0.002));
#2776=CARTESIAN_POINT('',(-0.15480625,0.0623875,0.00325));
#2777=CARTESIAN_POINT('',(-0.16580625,0.0623875,0.00325));
#2778=CARTESIAN_POINT('',(-0.15480625,0.0618875,0.002));
#2779=CARTESIAN_POINT('',(-0.15480625,0.0618875,-0.0015));
#2780=CARTESIAN_POINT('',(-0.15430625,0.0618875,-0.0015));
#2781=CARTESIAN_POINT('',(-0.15430625,0.0618875,0.002));
#2782=CARTESIAN_POINT('',(-0.15430625,0.0618875,0.00325));
#2783=CARTESIAN_POINT('',(-0.15480625,0.0618875,0.00325));
#2784=CARTESIAN_POINT('',(-0.15430625,0.0603875,0.002));
#2785=CARTESIAN_POINT('',(-0.15430625,0.0603875,-0.0015));
#2786=CARTESIAN_POINT('',(-0.15430625,0.0428875,-0.0015));
#2787=CARTESIAN_POINT('',(-0.15430625,0.0428875,0.002));
#2788=CARTESIAN_POINT('',(-0.15430625,0.0428875,0.00325));
#2789=CARTESIAN_POINT('',(-0.15430625,0.0603875,0.00325));
#2790=CARTESIAN_POINT('',(-0.15480625,0.0428875,0.002));
#2791=CARTESIAN_POINT('',(-0.15480625,0.0428875,-0.0015));
#2792=CARTESIAN_POINT('',(-0.15480625,0.0423875,-0.0015));
#2793=CARTESIAN_POINT('',(-0.15480625,0.0423875,0.002));
#2794=CARTESIAN_POINT('',(-0.15480625,0.0423875,0.00325));
#2795=CARTESIAN_POINT('',(-0.15480625,0.0428875,0.00325));
#2796=CARTESIAN_POINT('',(0.03574375,0.0428875,0.002));
#2797=CARTESIAN_POINT('',(0.03574375,0.0423875,0.002));
#2798=CARTESIAN_POINT('',(0.03574375,0.0423875,0.00325));
#2799=CARTESIAN_POINT('',(0.03574375,0.0423875,-0.0015));
#2800=CARTESIAN_POINT('',(0.03574375,0.0428875,-0.0015));
#2801=CARTESIAN_POINT('',(0.03524375,0.0428875,-0.0015));
#2802=CARTESIAN_POINT('',(0.03524375,0.0428875,0.002));
#2803=CARTESIAN_POINT('',(0.03524375,0.0428875,0.00325));
#2804=CARTESIAN_POINT('',(0.03574375,0.0428875,0.00325));
#2805=CARTESIAN_POINT('',(0.03524375,0.0443875,0.002));
#2806=CARTESIAN_POINT('',(0.03524375,0.0443875,-0.0015));
#2807=CARTESIAN_POINT('',(0.03524375,0.0618875,-0.0015));
#2808=CARTESIAN_POINT('',(0.03524375,0.0618875,0.002));
#2809=CARTESIAN_POINT('',(0.03524375,0.0618875,0.00325));
#2810=CARTESIAN_POINT('',(0.03524375,0.0443875,0.00325));
#2811=CARTESIAN_POINT('',(0.03574375,0.0618875,0.002));
#2812=CARTESIAN_POINT('',(0.03574375,0.0618875,-0.0015));
#2813=CARTESIAN_POINT('',(0.03574375,0.0623875,-0.0015));
#2814=CARTESIAN_POINT('',(0.03574375,0.0623875,0.002));
#2815=CARTESIAN_POINT('',(0.03574375,0.0623875,0.00325));
#2816=CARTESIAN_POINT('',(0.03574375,0.0618875,0.00325));
#2817=CARTESIAN_POINT('',(0.07131875,0.0623875,0.002));
#2818=CARTESIAN_POINT('',(0.07131875,0.0623875,-0.0015));
#2819=CARTESIAN_POINT('',(0.11189375,0.0623875,-0.0015));
#2820=CARTESIAN_POINT('',(0.11189375,0.0623875,0.002));
#2821=CARTESIAN_POINT('',(0.11189375,0.0623875,0.00325));
#2822=CARTESIAN_POINT('',(0.07131875,0.0623875,0.00325));
#2823=CARTESIAN_POINT('',(0.11189375,0.0618875,0.002));
#2824=CARTESIAN_POINT('',(0.11189375,0.0618875,-0.0015));
#2825=CARTESIAN_POINT('',(0.11239375,0.0618875,-0.0015));
#2826=CARTESIAN_POINT('',(0.11239375,0.0618875,0.002));
#2827=CARTESIAN_POINT('',(0.11239375,0.0618875,0.00325));
#2828=CARTESIAN_POINT('',(0.11189375,0.0618875,0.00325));
#2829=CARTESIAN_POINT('',(0.11239375,0.0603875,0.002));
#2830=CARTESIAN_POINT('',(0.11239375,0.0603875,-0.0015));
#2831=CARTESIAN_POINT('',(0.11239375,0.0428875,-0.0015));
#2832=CARTESIAN_POINT('',(0.11239375,0.0428875,0.002));
#2833=CARTESIAN_POINT('',(0.11239375,0.0428875,0.00325));
#2834=CARTESIAN_POINT('',(0.11239375,0.0603875,0.00325));
#2835=CARTESIAN_POINT('',(0.11189375,0.0428875,0.002));
#2836=CARTESIAN_POINT('',(0.11189375,0.0428875,-0.0015));
#2837=CARTESIAN_POINT('',(0.11189375,0.0423875,-0.0015));
#2838=CARTESIAN_POINT('',(0.11189375,0.0423875,0.002));
#2839=CARTESIAN_POINT('',(0.11189375,0.0423875,0.00325));
#2840=CARTESIAN_POINT('',(0.11189375,0.0428875,0.00325));
#2841=CARTESIAN_POINT('',(-0.04998125,0.0428875,0.002));
#2842=CARTESIAN_POINT('',(-0.04998125,0.0423875,0.002));
#2843=CARTESIAN_POINT('',(-0.04998125,0.0423875,0.00325));
#2844=CARTESIAN_POINT('',(-0.04998125,0.0423875,-0.0015));
#2845=CARTESIAN_POINT('',(-0.04998125,0.0428875,-0.0015));
#2846=CARTESIAN_POINT('',(-0.05048125,0.0428875,-0.0015));
#2847=CARTESIAN_POINT('',(-0.05048125,0.0428875,0.002));
#2848=CARTESIAN_POINT('',(-0.05048125,0.0428875,0.00325));
#2849=CARTESIAN_POINT('',(-0.04998125,0.0428875,0.00325));
#2850=CARTESIAN_POINT('',(-0.05048125,0.0443875,0.002));
#2851=CARTESIAN_POINT('',(-0.05048125,0.0443875,-0.0015));
#2852=CARTESIAN_POINT('',(-0.05048125,0.0618875,-0.0015));
#2853=CARTESIAN_POINT('',(-0.05048125,0.0618875,0.002));
#2854=CARTESIAN_POINT('',(-0.05048125,0.0618875,0.00325));
#2855=CARTESIAN_POINT('',(-0.05048125,0.0443875,0.00325));
#2856=CARTESIAN_POINT('',(-0.04998125,0.0618875,0.002));
#2857=CARTESIAN_POINT('',(-0.04998125,0.0618875,-0.0015));
#2858=CARTESIAN_POINT('',(-0.04998125,0.0623875,-0.0015));
#2859=CARTESIAN_POINT('',(-0.04998125,0.0623875,0.002));
#2860=CARTESIAN_POINT('',(-0.04998125,0.0623875,0.00325));
#2861=CARTESIAN_POINT('',(-0.04998125,0.0618875,0.00325));
#2862=CARTESIAN_POINT('',(-0.01440625,0.0623875,0.002));
#2863=CARTESIAN_POINT('',(-0.01440625,0.0623875,-0.0015));
#2864=CARTESIAN_POINT('',(0.02616875,0.0623875,-0.0015));
#2865=CARTESIAN_POINT('',(0.02616875,0.0623875,0.002));
#2866=CARTESIAN_POINT('',(0.02616875,0.0623875,0.00325));
#2867=CARTESIAN_POINT('',(-0.01440625,0.0623875,0.00325));
#2868=CARTESIAN_POINT('',(0.02616875,0.0618875,0.002));
#2869=CARTESIAN_POINT('',(0.02616875,0.0618875,-0.0015));
#2870=CARTESIAN_POINT('',(0.02666875,0.0618875,-0.0015));
#2871=CARTESIAN_POINT('',(0.02666875,0.0618875,0.002));
#2872=CARTESIAN_POINT('',(0.02666875,0.0618875,0.00325));
#2873=CARTESIAN_POINT('',(0.02616875,0.0618875,0.00325));
#2874=CARTESIAN_POINT('',(0.02666875,0.0603875,0.002));
#2875=CARTESIAN_POINT('',(0.02666875,0.0603875,-0.0015));
#2876=CARTESIAN_POINT('',(0.02666875,0.0428875,-0.0015));
#2877=CARTESIAN_POINT('',(0.02666875,0.0428875,0.002));
#2878=CARTESIAN_POINT('',(0.02666875,0.0428875,0.00325));
#2879=CARTESIAN_POINT('',(0.02666875,0.0603875,0.00325));
#2880=CARTESIAN_POINT('',(0.02616875,0.0428875,0.002));
#2881=CARTESIAN_POINT('',(0.02616875,0.0428875,-0.0015));
#2882=CARTESIAN_POINT('',(0.02616875,0.0423875,-0.0015));
#2883=CARTESIAN_POINT('',(0.02616875,0.0423875,0.002));
#2884=CARTESIAN_POINT('',(0.02616875,0.0423875,0.00325));
#2885=CARTESIAN_POINT('',(0.02616875,0.0428875,0.00325));
#2886=CARTESIAN_POINT('',(-0.13570625,0.0428875,0.002));
#2887=CARTESIAN_POINT('',(-0.13570625,0.0423875,0.002));
#2888=CARTESIAN_POINT('',(-0.13570625,0.0423875,0.00325));
#2889=CARTESIAN_POINT('',(-0.13570625,0.0423875,-0.0015));
#2890=CARTESIAN_POINT('',(-0.13570625,0.0428875,-0.0015));
#2891=CARTESIAN_POINT('',(-0.13620625,0.0428875,-0.0015));
#2892=CARTESIAN_POINT('',(-0.13620625,0.0428875,0.002));
#2893=CARTESIAN_POINT('',(-0.13620625,0.0428875,0.00325));
#2894=CARTESIAN_POINT('',(-0.13570625,0.0428875,0.00325));
#2895=CARTESIAN_POINT('',(-0.13620625,0.0443875,0.002));
#2896=CARTESIAN_POINT('',(-0.13620625,0.0443875,-0.0015));
#2897=CARTESIAN_POINT('',(-0.13620625,0.0618875,-0.0015));
#2898=CARTESIAN_POINT('',(-0.13620625,0.0618875,0.002));
#2899=CARTESIAN_POINT('',(-0.13620625,0.0618875,0.00325));
#2900=CARTESIAN_POINT('',(-0.13620625,0.0443875,0.00325));
#2901=CARTESIAN_POINT('',(-0.13570625,0.0618875,0.002));
#2902=CARTESIAN_POINT('',(-0.13570625,0.0618875,-0.0015));
#2903=CARTESIAN_POINT('',(-0.13570625,0.0623875,-0.0015));
#2904=CARTESIAN_POINT('',(-0.13570625,0.0623875,0.002));
#2905=CARTESIAN_POINT('',(-0.13570625,0.0623875,0.00325));
#2906=CARTESIAN_POINT('',(-0.13570625,0.0618875,0.00325));
#2907=CARTESIAN_POINT('',(-0.10013125,0.0623875,0.002));
#2908=CARTESIAN_POINT('',(-0.10013125,0.0623875,-0.0015));
#2909=CARTESIAN_POINT('',(-0.05955625,0.0623875,-0.0015));
#2910=CARTESIAN_POINT('',(-0.05955625,0.0623875,0.002));
#2911=CARTESIAN_POINT('',(-0.05955625,0.0623875,0.00325));
#2912=CARTESIAN_POINT('',(-0.10013125,0.0623875,0.00325));
#2913=CARTESIAN_POINT('',(-0.05955625,0.0618875,0.002));
#2914=CARTESIAN_POINT('',(-0.05955625,0.0618875,-0.0015));
#2915=CARTESIAN_POINT('',(-0.05905625,0.0618875,-0.0015));
#2916=CARTESIAN_POINT('',(-0.05905625,0.0618875,0.002));
#2917=CARTESIAN_POINT('',(-0.05905625,0.0618875,0.00325));
#2918=CARTESIAN_POINT('',(-0.05955625,0.0618875,0.00325));
#2919=CARTESIAN_POINT('',(-0.05905625,0.0603875,0.002));
#2920=CARTESIAN_POINT('',(-0.05905625,0.0603875,-0.0015));
#2921=CARTESIAN_POINT('',(-0.05905625,0.0428875,-0.0015));
#2922=CARTESIAN_POINT('',(-0.05905625,0.0428875,0.002));
#2923=CARTESIAN_POINT('',(-0.05905625,0.0428875,0.00325));
#2924=CARTESIAN_POINT('',(-0.05905625,0.0603875,0.00325));
#2925=CARTESIAN_POINT('',(-0.05955625,0.0428875,0.002));
#2926=CARTESIAN_POINT('',(-0.05955625,0.0428875,-0.0015));
#2927=CARTESIAN_POINT('',(-0.05955625,0.0423875,-0.0015));
#2928=CARTESIAN_POINT('',(-0.05955625,0.0423875,0.002));
#2929=CARTESIAN_POINT('',(-0.05955625,0.0423875,0.00325));
#2930=CARTESIAN_POINT('',(-0.05955625,0.0428875,0.00325));
#2931=CARTESIAN_POINT('',(0.17906875,0.0598875,0.002));
#2932=CARTESIAN_POINT('',(0.17906875,0.0618875,0.002));
#2933=CARTESIAN_POINT('',(0.17906875,0.0618875,0.00325));
#2934=CARTESIAN_POINT('',(0.17906875,0.0618875,-0.0015));
#2935=CARTESIAN_POINT('',(0.17906875,0.0598875,-0.0015));
#2936=CARTESIAN_POINT('',(0.17906875,0.0428875,-0.0015));
#2937=CARTESIAN_POINT('',(0.17906875,0.0428875,0.002));
#2938=CARTESIAN_POINT('',(0.17906875,0.0428875,0.00325));
#2939=CARTESIAN_POINT('',(0.17906875,0.0598875,0.00325));
#2940=CARTESIAN_POINT('',(0.17856875,0.0428875,0.002));
#2941=CARTESIAN_POINT('',(0.17856875,0.0428875,-0.0015));
#2942=CARTESIAN_POINT('',(0.17856875,0.0423875,-0.0015));
#2943=CARTESIAN_POINT('',(0.17856875,0.0423875,0.002));
#2944=CARTESIAN_POINT('',(0.17856875,0.0423875,0.00325));
#2945=CARTESIAN_POINT('',(0.17856875,0.0428875,0.00325));
#2946=CARTESIAN_POINT('',(0.17706875,0.0423875,0.002));
#2947=CARTESIAN_POINT('',(0.17706875,0.0423875,-0.0015));
#2948=CARTESIAN_POINT('',(0.12146875,0.0423875,-0.0015));
#2949=CARTESIAN_POINT('',(0.12146875,0.0423875,0.002));
#2950=CARTESIAN_POINT('',(0.12146875,0.0423875,0.00325));
#2951=CARTESIAN_POINT('',(0.17706875,0.0423875,0.00325));
#2952=CARTESIAN_POINT('',(0.12146875,0.0428875,0.002));
#2953=CARTESIAN_POINT('',(0.12146875,0.0428875,-0.0015));
#2954=CARTESIAN_POINT('',(0.12096875,0.0428875,-0.0015));
#2955=CARTESIAN_POINT('',(0.12096875,0.0428875,0.002));
#2956=CARTESIAN_POINT('',(0.12096875,0.0428875,0.00325));
#2957=CARTESIAN_POINT('',(0.12146875,0.0428875,0.00325));
#2958=CARTESIAN_POINT('',(0.12096875,0.0443875,0.002));
#2959=CARTESIAN_POINT('',(0.12096875,0.0443875,-0.0015));
#2960=CARTESIAN_POINT('',(0.12096875,0.0618875,-0.0015));
#2961=CARTESIAN_POINT('',(0.12096875,0.0618875,0.002));
#2962=CARTESIAN_POINT('',(0.12096875,0.0618875,0.00325));
#2963=CARTESIAN_POINT('',(0.12096875,0.0443875,0.00325));
#2964=CARTESIAN_POINT('',(0.12146875,0.0618875,0.002));
#2965=CARTESIAN_POINT('',(0.12146875,0.0618875,-0.0015));
#2966=CARTESIAN_POINT('',(0.12146875,0.0623875,-0.0015));
#2967=CARTESIAN_POINT('',(0.12146875,0.0623875,0.002));
#2968=CARTESIAN_POINT('',(0.12146875,0.0623875,0.00325));
#2969=CARTESIAN_POINT('',(0.12146875,0.0618875,0.00325));
#2970=CARTESIAN_POINT('',(0.12251875,0.0623875,0.002));
#2971=CARTESIAN_POINT('',(0.12251875,0.0623875,-0.0015));
#2972=CARTESIAN_POINT('',(0.17856875,0.0623875,-0.0015));
#2973=CARTESIAN_POINT('',(0.17856875,0.0623875,0.002));
#2974=CARTESIAN_POINT('',(0.17856875,0.0623875,0.00325));
#2975=CARTESIAN_POINT('',(0.12251875,0.0623875,0.00325));
#2976=CARTESIAN_POINT('',(0.17856875,-0.0618875,0.002));
#2977=CARTESIAN_POINT('',(0.17906875,-0.0618875,0.002));
#2978=CARTESIAN_POINT('',(0.17906875,-0.0618875,0.00325));
#2979=CARTESIAN_POINT('',(0.17906875,-0.0618875,-0.0015));
#2980=CARTESIAN_POINT('',(0.17856875,-0.0618875,-0.0015));
#2981=CARTESIAN_POINT('',(0.17856875,-0.0623875,-0.0015));
#2982=CARTESIAN_POINT('',(0.17856875,-0.0623875,0.002));
#2983=CARTESIAN_POINT('',(0.17856875,-0.0623875,0.00325));
#2984=CARTESIAN_POINT('',(0.17856875,-0.0618875,0.00325));
#2985=CARTESIAN_POINT('',(0.17706875,-0.0623875,0.002));
#2986=CARTESIAN_POINT('',(0.17706875,-0.0623875,-0.0015));
#2987=CARTESIAN_POINT('',(0.12146875,-0.0623875,-0.0015));
#2988=CARTESIAN_POINT('',(0.12146875,-0.0623875,0.002));
#2989=CARTESIAN_POINT('',(0.12146875,-0.0623875,0.00325));
#2990=CARTESIAN_POINT('',(0.17706875,-0.0623875,0.00325));
#2991=CARTESIAN_POINT('',(0.12146875,-0.0618875,0.002));
#2992=CARTESIAN_POINT('',(0.12146875,-0.0618875,-0.0015));
#2993=CARTESIAN_POINT('',(0.12096875,-0.0618875,-0.0015));
#2994=CARTESIAN_POINT('',(0.12096875,-0.0618875,0.002));
#2995=CARTESIAN_POINT('',(0.12096875,-0.0618875,0.00325));
#2996=CARTESIAN_POINT('',(0.12146875,-0.0618875,0.00325));
#2997=CARTESIAN_POINT('',(0.12096875,-0.0603875,0.002));
#2998=CARTESIAN_POINT('',(0.12096875,-0.0603875,-0.0015));
#2999=CARTESIAN_POINT('',(0.12096875,-0.0428875,-0.0015));
#3000=CARTESIAN_POINT('',(0.12096875,-0.0428875,0.002));
#3001=CARTESIAN_POINT('',(0.12096875,-0.0428875,0.00325));
#3002=CARTESIAN_POINT('',(0.12096875,-0.0603875,0.00325));
#3003=CARTESIAN_POINT('',(0.12146875,-0.0428875,0.002));
#3004=CARTESIAN_POINT('',(0.12146875,-0.0428875,-0.0015));
#3005=CARTESIAN_POINT('',(0.12146875,-0.0423875,-0.0015));
#3006=CARTESIAN_POINT('',(0.12146875,-0.0423875,0.002));
#3007=CARTESIAN_POINT('',(0.12146875,-0.0423875,0.00325));
#3008=CARTESIAN_POINT('',(0.12146875,-0.0428875,0.00325));
#3009=CARTESIAN_POINT('',(0.12296875,-0.0423875,0.002));
#3010=CARTESIAN_POINT('',(0.12296875,-0.0423875,-0.0015));
#3011=CARTESIAN_POINT('',(0.13951875,-0.0423875,-0.0015));
#3012=CARTESIAN_POINT('',(0.13951875,-0.0423875,0.002));
#3013=CARTESIAN_POINT('',(0.13951875,-0.0423875,0.00325));
#3014=CARTESIAN_POINT('',(0.12296875,-0.0423875,0.00325));
#3015=CARTESIAN_POINT('',(0.13951875,-0.0418875,0.002));
#3016=CARTESIAN_POINT('',(0.13951875,-0.0418875,-0.0015));
#3017=CARTESIAN_POINT('',(0.14001875,-0.0418875,-0.0015));
#3018=CARTESIAN_POINT('',(0.14001875,-0.0418875,0.002));
#3019=CARTESIAN_POINT('',(0.14001875,-0.0418875,0.00325));
#3020=CARTESIAN_POINT('',(0.13951875,-0.0418875,0.00325));
#3021=CARTESIAN_POINT('',(0.14001875,-0.0413625,0.002));
#3022=CARTESIAN_POINT('',(0.14001875,-0.0413625,-0.0015));
#3023=CARTESIAN_POINT('',(0.14001875,-0.0238375,-0.0015));
#3024=CARTESIAN_POINT('',(0.14001875,-0.0238375,0.002));
#3025=CARTESIAN_POINT('',(0.14001875,-0.0238375,0.00325));
#3026=CARTESIAN_POINT('',(0.14001875,-0.0413625,0.00325));
#3027=CARTESIAN_POINT('',(0.14051875,-0.0238375,0.002));
#3028=CARTESIAN_POINT('',(0.14051875,-0.0238375,-0.0015));
#3029=CARTESIAN_POINT('',(0.14051875,-0.0233375,-0.0015));
#3030=CARTESIAN_POINT('',(0.14051875,-0.0233375,0.002));
#3031=CARTESIAN_POINT('',(0.14051875,-0.0233375,0.00325));
#3032=CARTESIAN_POINT('',(0.14051875,-0.0238375,0.00325));
#3033=CARTESIAN_POINT('',(0.14201875,-0.0233375,0.002));
#3034=CARTESIAN_POINT('',(0.14201875,-0.0233375,-0.0015));
#3035=CARTESIAN_POINT('',(0.15951875,-0.0233375,-0.0015));
#3036=CARTESIAN_POINT('',(0.15951875,-0.0233375,0.002));
#3037=CARTESIAN_POINT('',(0.15951875,-0.0233375,0.00325));
#3038=CARTESIAN_POINT('',(0.14201875,-0.0233375,0.00325));
#3039=CARTESIAN_POINT('',(0.15951875,-0.0238375,0.002));
#3040=CARTESIAN_POINT('',(0.15951875,-0.0238375,-0.0015));
#3041=CARTESIAN_POINT('',(0.16001875,-0.0238375,-0.0015));
#3042=CARTESIAN_POINT('',(0.16001875,-0.0238375,0.002));
#3043=CARTESIAN_POINT('',(0.16001875,-0.0238375,0.00325));
#3044=CARTESIAN_POINT('',(0.15951875,-0.0238375,0.00325));
#3045=CARTESIAN_POINT('',(0.16001875,-0.0253375,0.002));
#3046=CARTESIAN_POINT('',(0.16001875,-0.0253375,-0.0015));
#3047=CARTESIAN_POINT('',(0.16001875,-0.0418875,-0.0015));
#3048=CARTESIAN_POINT('',(0.16001875,-0.0418875,0.002));
#3049=CARTESIAN_POINT('',(0.16001875,-0.0418875,0.00325));
#3050=CARTESIAN_POINT('',(0.16001875,-0.0253375,0.00325));
#3051=CARTESIAN_POINT('',(0.16051875,-0.0418875,0.002));
#3052=CARTESIAN_POINT('',(0.16051875,-0.0418875,-0.0015));
#3053=CARTESIAN_POINT('',(0.16051875,-0.0423875,-0.0015));
#3054=CARTESIAN_POINT('',(0.16051875,-0.0423875,0.002));
#3055=CARTESIAN_POINT('',(0.16051875,-0.0423875,0.00325));
#3056=CARTESIAN_POINT('',(0.16051875,-0.0418875,0.00325));
#3057=CARTESIAN_POINT('',(0.16101875,-0.0423875,0.002));
#3058=CARTESIAN_POINT('',(0.16101875,-0.0423875,-0.0015));
#3059=CARTESIAN_POINT('',(0.17856875,-0.0423875,-0.0015));
#3060=CARTESIAN_POINT('',(0.17856875,-0.0423875,0.002));
#3061=CARTESIAN_POINT('',(0.17856875,-0.0423875,0.00325));
#3062=CARTESIAN_POINT('',(0.16101875,-0.0423875,0.00325));
#3063=CARTESIAN_POINT('',(0.17856875,-0.0428875,0.002));
#3064=CARTESIAN_POINT('',(0.17856875,-0.0428875,-0.0015));
#3065=CARTESIAN_POINT('',(0.17906875,-0.0428875,-0.0015));
#3066=CARTESIAN_POINT('',(0.17906875,-0.0428875,0.002));
#3067=CARTESIAN_POINT('',(0.17906875,-0.0428875,0.00325));
#3068=CARTESIAN_POINT('',(0.17856875,-0.0428875,0.00325));
#3069=CARTESIAN_POINT('',(-0.17430625,-0.0442875,0.002));
#3070=CARTESIAN_POINT('',(-0.17430625,-0.0442875,-0.0015));
#3071=CARTESIAN_POINT('',(-0.17430625,-0.0442875,0.00325));
#3072=CARTESIAN_POINT('',(-0.16280625,0.0423875,0.002));
#3073=CARTESIAN_POINT('',(-0.16280625,0.0423875,-0.0015));
#3074=CARTESIAN_POINT('',(-0.16280625,0.0423875,0.00325));
#3075=CARTESIAN_POINT('',(0.07556875,0.0423875,0.002));
#3076=CARTESIAN_POINT('',(0.07556875,0.0423875,-0.0015));
#3077=CARTESIAN_POINT('',(0.07556875,0.0423875,0.00325));
#3078=CARTESIAN_POINT('',(-0.01015625,0.0423875,0.002));
#3079=CARTESIAN_POINT('',(-0.01015625,0.0423875,-0.0015));
#3080=CARTESIAN_POINT('',(-0.01015625,0.0423875,0.00325));
#3081=CARTESIAN_POINT('',(-0.09588125,0.0423875,0.002));
#3082=CARTESIAN_POINT('',(-0.09588125,0.0423875,-0.0015));
#3083=CARTESIAN_POINT('',(-0.09588125,0.0423875,0.00325));
#3084=CARTESIAN_POINT('',(0.17856875,0.0618875,0.002));
#3085=CARTESIAN_POINT('',(0.17856875,0.0618875,-0.0015));
#3086=CARTESIAN_POINT('',(0.17856875,0.0618875,0.00325));
#3087=CARTESIAN_POINT('',(0.17906875,-0.0443875,0.002));
#3088=CARTESIAN_POINT('',(0.17906875,-0.0443875,-0.0015));
#3089=CARTESIAN_POINT('',(0.17906875,-0.0443875,0.00325));
#3090=CARTESIAN_POINT('',(0.17856875,-0.0047375,0.002));
#3091=CARTESIAN_POINT('',(0.17856875,-0.0047375,-0.0015));
#3092=CARTESIAN_POINT('',(0.17856875,-0.0047375,0.00325));
#3093=CARTESIAN_POINT('',(-0.17930625,-3.75000000000167E-5,0.002));
#3094=CARTESIAN_POINT('',(-0.17930625,-3.75000000000167E-5,0.0015));
#3095=CARTESIAN_POINT('',(-0.17930625,0.0199253,0.0015));
#3096=CARTESIAN_POINT('',(-0.17930625,-0.0200747,0.0015));
#3097=CARTESIAN_POINT('',(-0.17930625,-0.0200747,0.0015));
#3098=CARTESIAN_POINT('',(-0.17930625,-0.0200747,-0.0015));
#3099=CARTESIAN_POINT('',(-0.17930625,-3.75000000000167E-5,-0.0015));
#3100=CARTESIAN_POINT('',(-0.17930625,-0.0673875,-0.0015));
#3101=CARTESIAN_POINT('',(-0.17930625,-0.0673875,0.002));
#3102=CARTESIAN_POINT('',(-0.17930625,-0.0673875,0.00325));
#3103=CARTESIAN_POINT('',(-0.17930625,-3.75000000000167E-5,0.00325));
#3104=CARTESIAN_POINT('',(-0.17930625,-3.75000000000167E-5,-0.0015));
#3105=CARTESIAN_POINT('',(-0.17930625,0.0199253,-0.0015));
#3106=CARTESIAN_POINT('',(-0.17930625,0.0199253,0.0015));
#3107=CARTESIAN_POINT('',(0.00248625000000003,-0.0673875,0.002));
#3108=CARTESIAN_POINT('',(0.00248625000000003,-0.0673875,0.0015));
#3109=CARTESIAN_POINT('',(-0.01753375,-0.0673875,0.0015));
#3110=CARTESIAN_POINT('',(0.02246625,-0.0673875,0.0015));
#3111=CARTESIAN_POINT('',(0.02246625,-0.0673875,0.0015));
#3112=CARTESIAN_POINT('',(0.02246625,-0.0673875,-0.0015));
#3113=CARTESIAN_POINT('',(0.00248625000000003,-0.0673875,-0.0015));
#3114=CARTESIAN_POINT('',(0.00248625000000003,-0.0673875,0.00325));
#3115=CARTESIAN_POINT('',(0.00248625000000003,-0.0673875,-0.0015));
#3116=CARTESIAN_POINT('',(-0.01753375,-0.0673875,-0.0015));
#3117=CARTESIAN_POINT('',(-0.01753375,-0.0673875,0.0015));
#3118=CARTESIAN_POINT('',(0.00988125,0.0643875,0.0015));
#3119=CARTESIAN_POINT('',(0.01738125,0.0643875,0.0015));
#3120=CARTESIAN_POINT('',(0.01738125,0.0643875,0.0015));
#3121=CARTESIAN_POINT('',(0.01738125,0.0643875,-0.0015));
#3122=CARTESIAN_POINT('',(0.00988125,0.0643875,-0.0015));
#3123=CARTESIAN_POINT('',(-0.01261875,0.0643875,-0.0015));
#3124=CARTESIAN_POINT('',(-0.01261875,0.0643875,0.0015));
#3125=CARTESIAN_POINT('',(-0.01261875,0.0643875,0.0015));
#3126=CARTESIAN_POINT('',(0.00988125,0.0643875,0.0015));
#3127=CARTESIAN_POINT('',(-0.01511875,0.0658875,0.0015));
#3128=CARTESIAN_POINT('',(-0.01511875,0.0658875,-0.0015));
#3129=CARTESIAN_POINT('',(-0.01511875,0.0658875,0.0015));
#3130=CARTESIAN_POINT('',(0.01988125,0.0658875,0.0015));
#3131=CARTESIAN_POINT('',(0.01988125,0.0658875,-0.0015));
#3132=CARTESIAN_POINT('',(0.01988125,0.0658875,0.0015));
#3133=CARTESIAN_POINT('',(0.00238125000000003,-2.77555756156289E-17,0.0015));
#3134=CARTESIAN_POINT('',(0.18106875,-0.0137875,0.0015));
#3135=CARTESIAN_POINT('',(0.18106875,-0.0212875,0.0015));
#3136=CARTESIAN_POINT('',(0.18106875,-0.0212875,0.0015));
#3137=CARTESIAN_POINT('',(0.18106875,-0.0212875,-0.0015));
#3138=CARTESIAN_POINT('',(0.18106875,-0.0137875,-0.0015));
#3139=CARTESIAN_POINT('',(0.18106875,0.0087125,-0.0015));
#3140=CARTESIAN_POINT('',(0.18106875,0.0087125,0.0015));
#3141=CARTESIAN_POINT('',(0.18106875,0.0087125,0.0015));
#3142=CARTESIAN_POINT('',(0.18106875,-0.0137875,0.0015));
#3143=CARTESIAN_POINT('',(0.18256875,0.0112125,0.0015));
#3144=CARTESIAN_POINT('',(0.18256875,0.0112125,-0.0015));
#3145=CARTESIAN_POINT('',(0.18256875,0.0112125,0.0015));
#3146=CARTESIAN_POINT('',(0.18256875,-0.0237875,0.0015));
#3147=CARTESIAN_POINT('',(0.18256875,-0.0237875,-0.0015));
#3148=CARTESIAN_POINT('',(0.18256875,-0.0237875,0.0015));
#3149=CARTESIAN_POINT('',(0.00238125000000003,-2.77555756156289E-17,0.0015));
#3150=CARTESIAN_POINT('',(-0.01503375,-0.0658875,0.0015));
#3151=CARTESIAN_POINT('',(-0.01503375,-0.0658875,-0.0015));
#3152=CARTESIAN_POINT('',(-0.01253375,-0.0643875,-0.0015));
#3153=CARTESIAN_POINT('',(-0.01253375,-0.0643875,0.0015));
#3154=CARTESIAN_POINT('',(-0.01253375,-0.0643875,0.0015));
#3155=CARTESIAN_POINT('',(-0.01503375,-0.0658875,0.0015));
#3156=CARTESIAN_POINT('',(0.00996625,-0.0643875,0.0015));
#3157=CARTESIAN_POINT('',(0.00996625,-0.0643875,-0.0015));
#3158=CARTESIAN_POINT('',(0.01746625,-0.0643875,-0.0015));
#3159=CARTESIAN_POINT('',(0.01746625,-0.0643875,0.0015));
#3160=CARTESIAN_POINT('',(0.01746625,-0.0643875,0.0015));
#3161=CARTESIAN_POINT('',(0.00996625,-0.0643875,0.0015));
#3162=CARTESIAN_POINT('',(0.01996625,-0.0658875,0.0015));
#3163=CARTESIAN_POINT('',(0.01996625,-0.0658875,-0.0015));
#3164=CARTESIAN_POINT('',(0.01996625,-0.0658875,0.0015));
#3165=CARTESIAN_POINT('',(0.00238125000000003,-2.77555756156289E-17,0.0015));
#3166=CARTESIAN_POINT('',(-0.17780625,0.0174253,0.0015));
#3167=CARTESIAN_POINT('',(-0.17780625,0.0174253,-0.0015));
#3168=CARTESIAN_POINT('',(-0.17630625,0.0149253,-0.0015));
#3169=CARTESIAN_POINT('',(-0.17630625,0.0149253,0.0015));
#3170=CARTESIAN_POINT('',(-0.17630625,0.0149253,0.0015));
#3171=CARTESIAN_POINT('',(-0.17780625,0.0174253,0.0015));
#3172=CARTESIAN_POINT('',(-0.17630625,-0.0075747,0.0015));
#3173=CARTESIAN_POINT('',(-0.17630625,-0.0075747,-0.0015));
#3174=CARTESIAN_POINT('',(-0.17630625,-0.0150747,-0.0015));
#3175=CARTESIAN_POINT('',(-0.17630625,-0.0150747,0.0015));
#3176=CARTESIAN_POINT('',(-0.17630625,-0.0150747,0.0015));
#3177=CARTESIAN_POINT('',(-0.17630625,-0.0075747,0.0015));
#3178=CARTESIAN_POINT('',(-0.17780625,-0.0175747,0.0015));
#3179=CARTESIAN_POINT('',(-0.17780625,-0.0175747,-0.0015));
#3180=CARTESIAN_POINT('',(-0.17780625,-0.0175747,0.0015));
#3181=CARTESIAN_POINT('',(0.00238125000000003,-2.77555756156289E-17,0.0015));
#3182=CARTESIAN_POINT('',(0.00248625000000003,-3.75000000000097E-5,-0.0015));
#3183=CARTESIAN_POINT('',(0.00248625000000003,-3.75000000000097E-5,0.00325));
#3184=MECHANICAL_DESIGN_GEOMETRIC_PRESENTATION_REPRESENTATION('',(#1913),
#3185);
#3185=(
GEOMETRIC_REPRESENTATION_CONTEXT(3)
GLOBAL_UNCERTAINTY_ASSIGNED_CONTEXT((#3186))
GLOBAL_UNIT_ASSIGNED_CONTEXT((#3189,#3188,#3187))
REPRESENTATION_CONTEXT('Part 1','TOP_LEVEL_ASSEMBLY_PART')
);
#3186=UNCERTAINTY_MEASURE_WITH_UNIT(LENGTH_MEASURE(1.E-8),#3189,
'DISTANCE_ACCURACY_VALUE','Maximum Tolerance applied to model');
#3187=(
NAMED_UNIT(*)
SI_UNIT($,.STERADIAN.)
SOLID_ANGLE_UNIT()
);
#3188=(
NAMED_UNIT(*)
PLANE_ANGLE_UNIT()
SI_UNIT($,.RADIAN.)
);
#3189=(
LENGTH_UNIT()
NAMED_UNIT(*)
SI_UNIT($,.METRE.)
);
#3190=PRODUCT_DEFINITION_SHAPE('','',#3191);
#3191=PRODUCT_DEFINITION('','',#3193,#3192);
#3192=PRODUCT_DEFINITION_CONTEXT('',#3199,'design');
#3193=PRODUCT_DEFINITION_FORMATION_WITH_SPECIFIED_SOURCE('','',#3195,
 .NOT_KNOWN.);
#3194=PRODUCT_RELATED_PRODUCT_CATEGORY('','',(#3195));
#3195=PRODUCT('Part 1','Part 1','Part 1',(#3197));
#3196=PRODUCT_CATEGORY('','');
#3197=PRODUCT_CONTEXT('',#3199,'mechanical');
#3198=APPLICATION_PROTOCOL_DEFINITION('international standard',
'ap242_managed_model_based_3d_engineering',2020,#3199);
#3199=APPLICATION_CONTEXT('managed model based 3d engineering');
ENDSEC;
END-ISO-10303-21;
