ISO-10303-21;
HEADER;
/* Generated by software containing ST-Developer
 * from STEP Tools, Inc. (www.steptools.com) 
 */
/* OPTION: using custom renumber hook */

FILE_DESCRIPTION(
/* description */ ('STEP AP242 Edition 2',
'CAx-IF Rec.Pracs.---Representation and Presentation of Product Manufa
cturing Information (PMI)---4.0---2014-10-13',
'CAx-IF Rec.Pracs.---3D Tessellated Geometry---0.4---2014-09-14','2;1',
'CAx-IF Rec.Pracs.---User Defined Attributes---1.5---2016-08-15'),
/* implementation_level */ '2;1');

FILE_NAME(
/* name */ 'Top Sheel',
/* time_stamp */ '2026-09-11T18:14:31Z',
/* author */ (''),
/* organization */ (''),
/* preprocessor_version */ 'ST-DEVELOPER v20',
/* originating_system */ 'ONSHAPE BY PTC INC, 1.220',
/* authorisation */ '  ');

FILE_SCHEMA (('AP242_MANAGED_MODEL_BASED_3D_ENGINEERING_MIM_LF { 1 0 10303 442 3 1 4 }'));
ENDSEC;

DATA;
#10=SHAPE_REPRESENTATION_RELATIONSHIP('','',#2007,#11);
#11=ADVANCED_BREP_SHAPE_REPRESENTATION('',(#2005),#3317);
#12=CIRCLE('',#2013,0.0005);
#13=CIRCLE('',#2014,0.0005);
#14=CIRCLE('',#2017,0.000500000000000011);
#15=CIRCLE('',#2018,0.000500000000000011);
#16=CIRCLE('',#2021,0.000499999999999983);
#17=CIRCLE('',#2022,0.000499999999999983);
#18=CIRCLE('',#2025,0.000500000000000025);
#19=CIRCLE('',#2026,0.000500000000000025);
#20=CIRCLE('',#2029,0.0005);
#21=CIRCLE('',#2030,0.0005);
#22=CIRCLE('',#2033,0.0005);
#23=CIRCLE('',#2034,0.0005);
#24=CIRCLE('',#2037,0.000500000000000025);
#25=CIRCLE('',#2038,0.000500000000000025);
#26=CIRCLE('',#2040,0.000499999999999966);
#27=CIRCLE('',#2041,0.000499999999999966);
#28=CIRCLE('',#2044,0.000499999999999983);
#29=CIRCLE('',#2045,0.000499999999999983);
#30=CIRCLE('',#2048,0.000499999999999973);
#31=CIRCLE('',#2049,0.000499999999999973);
#32=CIRCLE('',#2052,0.000499999999999962);
#33=CIRCLE('',#2053,0.000499999999999962);
#34=CIRCLE('',#2055,0.00050000000000008);
#35=CIRCLE('',#2056,0.00050000000000008);
#36=CIRCLE('',#2059,0.0005);
#37=CIRCLE('',#2060,0.0005);
#38=CIRCLE('',#2063,0.000499999999999983);
#39=CIRCLE('',#2064,0.000499999999999983);
#40=CIRCLE('',#2067,0.0005);
#41=CIRCLE('',#2068,0.0005);
#42=CIRCLE('',#2070,0.000500000000000084);
#43=CIRCLE('',#2071,0.000500000000000084);
#44=CIRCLE('',#2074,0.000500000000000011);
#45=CIRCLE('',#2075,0.000500000000000011);
#46=CIRCLE('',#2078,0.000499999999999985);
#47=CIRCLE('',#2079,0.000499999999999985);
#48=CIRCLE('',#2082,0.000499999999999992);
#49=CIRCLE('',#2083,0.000499999999999992);
#50=CIRCLE('',#2085,0.00050000000000008);
#51=CIRCLE('',#2086,0.00050000000000008);
#52=CIRCLE('',#2089,0.0005);
#53=CIRCLE('',#2090,0.0005);
#54=CIRCLE('',#2093,0.000499999999999994);
#55=CIRCLE('',#2094,0.000499999999999994);
#56=CIRCLE('',#2097,0.0005);
#57=CIRCLE('',#2098,0.0005);
#58=CIRCLE('',#2101,0.000500000000000059);
#59=CIRCLE('',#2102,0.000500000000000059);
#60=CIRCLE('',#2105,0.000499999999999987);
#61=CIRCLE('',#2106,0.000499999999999987);
#62=CIRCLE('',#2109,0.000500000000000018);
#63=CIRCLE('',#2110,0.000500000000000018);
#64=CIRCLE('',#2113,0.000499999999999962);
#65=CIRCLE('',#2114,0.000499999999999962);
#66=CIRCLE('',#2117,0.000500000000000032);
#67=CIRCLE('',#2118,0.000500000000000032);
#68=CIRCLE('',#2121,0.000500000000000021);
#69=CIRCLE('',#2122,0.000500000000000021);
#70=CIRCLE('',#2125,0.000499999999999942);
#71=CIRCLE('',#2126,0.000499999999999942);
#72=CIRCLE('',#2129,0.000500000000000046);
#73=CIRCLE('',#2130,0.000500000000000046);
#74=CIRCLE('',#2133,0.000500000000000053);
#75=CIRCLE('',#2134,0.000500000000000053);
#76=CIRCLE('',#2137,0.000500000000000021);
#77=CIRCLE('',#2138,0.000500000000000021);
#78=CIRCLE('',#2141,0.000499999999999994);
#79=CIRCLE('',#2142,0.000499999999999994);
#80=CIRCLE('',#2149,0.0005);
#81=CIRCLE('',#2150,0.0005);
#82=CIRCLE('',#2153,0.0005);
#83=CIRCLE('',#2154,0.0005);
#84=CYLINDRICAL_SURFACE('',#2012,0.0005);
#85=CYLINDRICAL_SURFACE('',#2016,0.000500000000000011);
#86=CYLINDRICAL_SURFACE('',#2020,0.000499999999999983);
#87=CYLINDRICAL_SURFACE('',#2024,0.000500000000000025);
#88=CYLINDRICAL_SURFACE('',#2028,0.0005);
#89=CYLINDRICAL_SURFACE('',#2032,0.0005);
#90=CYLINDRICAL_SURFACE('',#2036,0.000500000000000025);
#91=CYLINDRICAL_SURFACE('',#2039,0.000499999999999966);
#92=CYLINDRICAL_SURFACE('',#2043,0.000499999999999983);
#93=CYLINDRICAL_SURFACE('',#2047,0.000499999999999973);
#94=CYLINDRICAL_SURFACE('',#2051,0.000499999999999962);
#95=CYLINDRICAL_SURFACE('',#2054,0.00050000000000008);
#96=CYLINDRICAL_SURFACE('',#2058,0.0005);
#97=CYLINDRICAL_SURFACE('',#2062,0.000499999999999983);
#98=CYLINDRICAL_SURFACE('',#2066,0.0005);
#99=CYLINDRICAL_SURFACE('',#2069,0.000500000000000084);
#100=CYLINDRICAL_SURFACE('',#2073,0.000500000000000011);
#101=CYLINDRICAL_SURFACE('',#2077,0.000499999999999985);
#102=CYLINDRICAL_SURFACE('',#2081,0.000499999999999992);
#103=CYLINDRICAL_SURFACE('',#2084,0.00050000000000008);
#104=CYLINDRICAL_SURFACE('',#2088,0.0005);
#105=CYLINDRICAL_SURFACE('',#2092,0.000499999999999994);
#106=CYLINDRICAL_SURFACE('',#2096,0.0005);
#107=CYLINDRICAL_SURFACE('',#2100,0.000500000000000059);
#108=CYLINDRICAL_SURFACE('',#2104,0.000499999999999987);
#109=CYLINDRICAL_SURFACE('',#2108,0.000500000000000018);
#110=CYLINDRICAL_SURFACE('',#2112,0.000499999999999962);
#111=CYLINDRICAL_SURFACE('',#2116,0.000500000000000032);
#112=CYLINDRICAL_SURFACE('',#2120,0.000500000000000021);
#113=CYLINDRICAL_SURFACE('',#2124,0.000499999999999942);
#114=CYLINDRICAL_SURFACE('',#2128,0.000500000000000046);
#115=CYLINDRICAL_SURFACE('',#2132,0.000500000000000053);
#116=CYLINDRICAL_SURFACE('',#2136,0.000500000000000021);
#117=CYLINDRICAL_SURFACE('',#2140,0.000499999999999994);
#118=CYLINDRICAL_SURFACE('',#2148,0.0005);
#119=CYLINDRICAL_SURFACE('',#2152,0.0005);
#120=ORIENTED_EDGE('',*,*,#696,.F.);
#121=ORIENTED_EDGE('',*,*,#697,.F.);
#122=ORIENTED_EDGE('',*,*,#698,.F.);
#123=ORIENTED_EDGE('',*,*,#699,.T.);
#124=ORIENTED_EDGE('',*,*,#700,.F.);
#125=ORIENTED_EDGE('',*,*,#701,.F.);
#126=ORIENTED_EDGE('',*,*,#702,.F.);
#127=ORIENTED_EDGE('',*,*,#703,.T.);
#128=ORIENTED_EDGE('',*,*,#704,.F.);
#129=ORIENTED_EDGE('',*,*,#705,.F.);
#130=ORIENTED_EDGE('',*,*,#706,.T.);
#131=ORIENTED_EDGE('',*,*,#707,.T.);
#132=ORIENTED_EDGE('',*,*,#708,.F.);
#133=ORIENTED_EDGE('',*,*,#709,.F.);
#134=ORIENTED_EDGE('',*,*,#710,.T.);
#135=ORIENTED_EDGE('',*,*,#705,.T.);
#136=ORIENTED_EDGE('',*,*,#711,.F.);
#137=ORIENTED_EDGE('',*,*,#712,.F.);
#138=ORIENTED_EDGE('',*,*,#713,.F.);
#139=ORIENTED_EDGE('',*,*,#714,.T.);
#140=ORIENTED_EDGE('',*,*,#715,.F.);
#141=ORIENTED_EDGE('',*,*,#716,.F.);
#142=ORIENTED_EDGE('',*,*,#717,.T.);
#143=ORIENTED_EDGE('',*,*,#718,.T.);
#144=ORIENTED_EDGE('',*,*,#716,.T.);
#145=ORIENTED_EDGE('',*,*,#719,.T.);
#146=ORIENTED_EDGE('',*,*,#720,.F.);
#147=ORIENTED_EDGE('',*,*,#721,.F.);
#148=ORIENTED_EDGE('',*,*,#722,.F.);
#149=ORIENTED_EDGE('',*,*,#723,.F.);
#150=ORIENTED_EDGE('',*,*,#724,.T.);
#151=ORIENTED_EDGE('',*,*,#720,.T.);
#152=ORIENTED_EDGE('',*,*,#725,.F.);
#153=ORIENTED_EDGE('',*,*,#726,.F.);
#154=ORIENTED_EDGE('',*,*,#727,.T.);
#155=ORIENTED_EDGE('',*,*,#723,.T.);
#156=ORIENTED_EDGE('',*,*,#728,.F.);
#157=ORIENTED_EDGE('',*,*,#729,.F.);
#158=ORIENTED_EDGE('',*,*,#730,.T.);
#159=ORIENTED_EDGE('',*,*,#726,.T.);
#160=ORIENTED_EDGE('',*,*,#731,.F.);
#161=ORIENTED_EDGE('',*,*,#732,.F.);
#162=ORIENTED_EDGE('',*,*,#733,.T.);
#163=ORIENTED_EDGE('',*,*,#729,.T.);
#164=ORIENTED_EDGE('',*,*,#734,.F.);
#165=ORIENTED_EDGE('',*,*,#735,.F.);
#166=ORIENTED_EDGE('',*,*,#736,.T.);
#167=ORIENTED_EDGE('',*,*,#732,.T.);
#168=ORIENTED_EDGE('',*,*,#737,.T.);
#169=ORIENTED_EDGE('',*,*,#738,.T.);
#170=ORIENTED_EDGE('',*,*,#739,.F.);
#171=ORIENTED_EDGE('',*,*,#740,.F.);
#172=ORIENTED_EDGE('',*,*,#739,.T.);
#173=ORIENTED_EDGE('',*,*,#741,.T.);
#174=ORIENTED_EDGE('',*,*,#742,.F.);
#175=ORIENTED_EDGE('',*,*,#743,.F.);
#176=ORIENTED_EDGE('',*,*,#742,.T.);
#177=ORIENTED_EDGE('',*,*,#744,.T.);
#178=ORIENTED_EDGE('',*,*,#745,.F.);
#179=ORIENTED_EDGE('',*,*,#746,.F.);
#180=ORIENTED_EDGE('',*,*,#745,.T.);
#181=ORIENTED_EDGE('',*,*,#747,.T.);
#182=ORIENTED_EDGE('',*,*,#748,.F.);
#183=ORIENTED_EDGE('',*,*,#749,.F.);
#184=ORIENTED_EDGE('',*,*,#748,.T.);
#185=ORIENTED_EDGE('',*,*,#750,.T.);
#186=ORIENTED_EDGE('',*,*,#751,.F.);
#187=ORIENTED_EDGE('',*,*,#752,.F.);
#188=ORIENTED_EDGE('',*,*,#751,.T.);
#189=ORIENTED_EDGE('',*,*,#753,.T.);
#190=ORIENTED_EDGE('',*,*,#754,.F.);
#191=ORIENTED_EDGE('',*,*,#755,.F.);
#192=ORIENTED_EDGE('',*,*,#756,.F.);
#193=ORIENTED_EDGE('',*,*,#757,.F.);
#194=ORIENTED_EDGE('',*,*,#758,.T.);
#195=ORIENTED_EDGE('',*,*,#754,.T.);
#196=ORIENTED_EDGE('',*,*,#759,.F.);
#197=ORIENTED_EDGE('',*,*,#760,.F.);
#198=ORIENTED_EDGE('',*,*,#761,.T.);
#199=ORIENTED_EDGE('',*,*,#762,.T.);
#200=ORIENTED_EDGE('',*,*,#763,.F.);
#201=ORIENTED_EDGE('',*,*,#764,.F.);
#202=ORIENTED_EDGE('',*,*,#765,.T.);
#203=ORIENTED_EDGE('',*,*,#760,.T.);
#204=ORIENTED_EDGE('',*,*,#766,.F.);
#205=ORIENTED_EDGE('',*,*,#767,.F.);
#206=ORIENTED_EDGE('',*,*,#768,.T.);
#207=ORIENTED_EDGE('',*,*,#764,.T.);
#208=ORIENTED_EDGE('',*,*,#769,.F.);
#209=ORIENTED_EDGE('',*,*,#770,.F.);
#210=ORIENTED_EDGE('',*,*,#771,.T.);
#211=ORIENTED_EDGE('',*,*,#767,.T.);
#212=ORIENTED_EDGE('',*,*,#772,.F.);
#213=ORIENTED_EDGE('',*,*,#773,.F.);
#214=ORIENTED_EDGE('',*,*,#774,.T.);
#215=ORIENTED_EDGE('',*,*,#770,.T.);
#216=ORIENTED_EDGE('',*,*,#775,.F.);
#217=ORIENTED_EDGE('',*,*,#776,.F.);
#218=ORIENTED_EDGE('',*,*,#777,.T.);
#219=ORIENTED_EDGE('',*,*,#773,.T.);
#220=ORIENTED_EDGE('',*,*,#778,.F.);
#221=ORIENTED_EDGE('',*,*,#779,.F.);
#222=ORIENTED_EDGE('',*,*,#780,.T.);
#223=ORIENTED_EDGE('',*,*,#776,.T.);
#224=ORIENTED_EDGE('',*,*,#781,.F.);
#225=ORIENTED_EDGE('',*,*,#782,.F.);
#226=ORIENTED_EDGE('',*,*,#783,.T.);
#227=ORIENTED_EDGE('',*,*,#784,.T.);
#228=ORIENTED_EDGE('',*,*,#785,.F.);
#229=ORIENTED_EDGE('',*,*,#786,.F.);
#230=ORIENTED_EDGE('',*,*,#787,.T.);
#231=ORIENTED_EDGE('',*,*,#782,.T.);
#232=ORIENTED_EDGE('',*,*,#788,.F.);
#233=ORIENTED_EDGE('',*,*,#789,.F.);
#234=ORIENTED_EDGE('',*,*,#790,.T.);
#235=ORIENTED_EDGE('',*,*,#786,.T.);
#236=ORIENTED_EDGE('',*,*,#791,.F.);
#237=ORIENTED_EDGE('',*,*,#792,.F.);
#238=ORIENTED_EDGE('',*,*,#793,.T.);
#239=ORIENTED_EDGE('',*,*,#789,.T.);
#240=ORIENTED_EDGE('',*,*,#794,.F.);
#241=ORIENTED_EDGE('',*,*,#795,.F.);
#242=ORIENTED_EDGE('',*,*,#796,.T.);
#243=ORIENTED_EDGE('',*,*,#792,.T.);
#244=ORIENTED_EDGE('',*,*,#797,.F.);
#245=ORIENTED_EDGE('',*,*,#798,.F.);
#246=ORIENTED_EDGE('',*,*,#799,.T.);
#247=ORIENTED_EDGE('',*,*,#795,.T.);
#248=ORIENTED_EDGE('',*,*,#800,.F.);
#249=ORIENTED_EDGE('',*,*,#801,.F.);
#250=ORIENTED_EDGE('',*,*,#802,.T.);
#251=ORIENTED_EDGE('',*,*,#798,.T.);
#252=ORIENTED_EDGE('',*,*,#803,.F.);
#253=ORIENTED_EDGE('',*,*,#804,.F.);
#254=ORIENTED_EDGE('',*,*,#805,.T.);
#255=ORIENTED_EDGE('',*,*,#806,.T.);
#256=ORIENTED_EDGE('',*,*,#807,.F.);
#257=ORIENTED_EDGE('',*,*,#808,.F.);
#258=ORIENTED_EDGE('',*,*,#809,.T.);
#259=ORIENTED_EDGE('',*,*,#804,.T.);
#260=ORIENTED_EDGE('',*,*,#810,.F.);
#261=ORIENTED_EDGE('',*,*,#811,.F.);
#262=ORIENTED_EDGE('',*,*,#812,.T.);
#263=ORIENTED_EDGE('',*,*,#808,.T.);
#264=ORIENTED_EDGE('',*,*,#813,.F.);
#265=ORIENTED_EDGE('',*,*,#814,.F.);
#266=ORIENTED_EDGE('',*,*,#815,.T.);
#267=ORIENTED_EDGE('',*,*,#811,.T.);
#268=ORIENTED_EDGE('',*,*,#816,.F.);
#269=ORIENTED_EDGE('',*,*,#817,.F.);
#270=ORIENTED_EDGE('',*,*,#818,.T.);
#271=ORIENTED_EDGE('',*,*,#814,.T.);
#272=ORIENTED_EDGE('',*,*,#819,.F.);
#273=ORIENTED_EDGE('',*,*,#820,.F.);
#274=ORIENTED_EDGE('',*,*,#821,.T.);
#275=ORIENTED_EDGE('',*,*,#817,.T.);
#276=ORIENTED_EDGE('',*,*,#822,.F.);
#277=ORIENTED_EDGE('',*,*,#823,.F.);
#278=ORIENTED_EDGE('',*,*,#824,.T.);
#279=ORIENTED_EDGE('',*,*,#820,.T.);
#280=ORIENTED_EDGE('',*,*,#825,.F.);
#281=ORIENTED_EDGE('',*,*,#826,.F.);
#282=ORIENTED_EDGE('',*,*,#827,.T.);
#283=ORIENTED_EDGE('',*,*,#828,.T.);
#284=ORIENTED_EDGE('',*,*,#829,.F.);
#285=ORIENTED_EDGE('',*,*,#830,.F.);
#286=ORIENTED_EDGE('',*,*,#831,.T.);
#287=ORIENTED_EDGE('',*,*,#826,.T.);
#288=ORIENTED_EDGE('',*,*,#832,.F.);
#289=ORIENTED_EDGE('',*,*,#833,.F.);
#290=ORIENTED_EDGE('',*,*,#834,.T.);
#291=ORIENTED_EDGE('',*,*,#830,.T.);
#292=ORIENTED_EDGE('',*,*,#835,.F.);
#293=ORIENTED_EDGE('',*,*,#836,.F.);
#294=ORIENTED_EDGE('',*,*,#837,.T.);
#295=ORIENTED_EDGE('',*,*,#833,.T.);
#296=ORIENTED_EDGE('',*,*,#838,.F.);
#297=ORIENTED_EDGE('',*,*,#839,.F.);
#298=ORIENTED_EDGE('',*,*,#840,.T.);
#299=ORIENTED_EDGE('',*,*,#836,.T.);
#300=ORIENTED_EDGE('',*,*,#841,.F.);
#301=ORIENTED_EDGE('',*,*,#842,.F.);
#302=ORIENTED_EDGE('',*,*,#843,.T.);
#303=ORIENTED_EDGE('',*,*,#839,.T.);
#304=ORIENTED_EDGE('',*,*,#844,.F.);
#305=ORIENTED_EDGE('',*,*,#845,.F.);
#306=ORIENTED_EDGE('',*,*,#846,.T.);
#307=ORIENTED_EDGE('',*,*,#842,.T.);
#308=ORIENTED_EDGE('',*,*,#847,.F.);
#309=ORIENTED_EDGE('',*,*,#848,.F.);
#310=ORIENTED_EDGE('',*,*,#849,.T.);
#311=ORIENTED_EDGE('',*,*,#850,.T.);
#312=ORIENTED_EDGE('',*,*,#851,.F.);
#313=ORIENTED_EDGE('',*,*,#852,.F.);
#314=ORIENTED_EDGE('',*,*,#853,.T.);
#315=ORIENTED_EDGE('',*,*,#848,.T.);
#316=ORIENTED_EDGE('',*,*,#854,.F.);
#317=ORIENTED_EDGE('',*,*,#855,.F.);
#318=ORIENTED_EDGE('',*,*,#856,.T.);
#319=ORIENTED_EDGE('',*,*,#852,.T.);
#320=ORIENTED_EDGE('',*,*,#857,.F.);
#321=ORIENTED_EDGE('',*,*,#858,.F.);
#322=ORIENTED_EDGE('',*,*,#859,.T.);
#323=ORIENTED_EDGE('',*,*,#855,.T.);
#324=ORIENTED_EDGE('',*,*,#860,.F.);
#325=ORIENTED_EDGE('',*,*,#861,.F.);
#326=ORIENTED_EDGE('',*,*,#862,.T.);
#327=ORIENTED_EDGE('',*,*,#858,.T.);
#328=ORIENTED_EDGE('',*,*,#863,.F.);
#329=ORIENTED_EDGE('',*,*,#864,.F.);
#330=ORIENTED_EDGE('',*,*,#865,.T.);
#331=ORIENTED_EDGE('',*,*,#861,.T.);
#332=ORIENTED_EDGE('',*,*,#866,.F.);
#333=ORIENTED_EDGE('',*,*,#867,.F.);
#334=ORIENTED_EDGE('',*,*,#868,.T.);
#335=ORIENTED_EDGE('',*,*,#864,.T.);
#336=ORIENTED_EDGE('',*,*,#869,.F.);
#337=ORIENTED_EDGE('',*,*,#870,.F.);
#338=ORIENTED_EDGE('',*,*,#871,.T.);
#339=ORIENTED_EDGE('',*,*,#872,.T.);
#340=ORIENTED_EDGE('',*,*,#873,.F.);
#341=ORIENTED_EDGE('',*,*,#874,.F.);
#342=ORIENTED_EDGE('',*,*,#875,.T.);
#343=ORIENTED_EDGE('',*,*,#870,.T.);
#344=ORIENTED_EDGE('',*,*,#876,.F.);
#345=ORIENTED_EDGE('',*,*,#877,.F.);
#346=ORIENTED_EDGE('',*,*,#878,.T.);
#347=ORIENTED_EDGE('',*,*,#874,.T.);
#348=ORIENTED_EDGE('',*,*,#879,.F.);
#349=ORIENTED_EDGE('',*,*,#880,.F.);
#350=ORIENTED_EDGE('',*,*,#881,.T.);
#351=ORIENTED_EDGE('',*,*,#877,.T.);
#352=ORIENTED_EDGE('',*,*,#882,.F.);
#353=ORIENTED_EDGE('',*,*,#883,.F.);
#354=ORIENTED_EDGE('',*,*,#884,.T.);
#355=ORIENTED_EDGE('',*,*,#880,.T.);
#356=ORIENTED_EDGE('',*,*,#885,.F.);
#357=ORIENTED_EDGE('',*,*,#886,.F.);
#358=ORIENTED_EDGE('',*,*,#887,.T.);
#359=ORIENTED_EDGE('',*,*,#883,.T.);
#360=ORIENTED_EDGE('',*,*,#886,.T.);
#361=ORIENTED_EDGE('',*,*,#888,.T.);
#362=ORIENTED_EDGE('',*,*,#889,.F.);
#363=ORIENTED_EDGE('',*,*,#890,.F.);
#364=ORIENTED_EDGE('',*,*,#891,.F.);
#365=ORIENTED_EDGE('',*,*,#892,.F.);
#366=ORIENTED_EDGE('',*,*,#893,.T.);
#367=ORIENTED_EDGE('',*,*,#889,.T.);
#368=ORIENTED_EDGE('',*,*,#894,.F.);
#369=ORIENTED_EDGE('',*,*,#895,.F.);
#370=ORIENTED_EDGE('',*,*,#896,.T.);
#371=ORIENTED_EDGE('',*,*,#892,.T.);
#372=ORIENTED_EDGE('',*,*,#897,.F.);
#373=ORIENTED_EDGE('',*,*,#898,.F.);
#374=ORIENTED_EDGE('',*,*,#899,.T.);
#375=ORIENTED_EDGE('',*,*,#895,.T.);
#376=ORIENTED_EDGE('',*,*,#900,.F.);
#377=ORIENTED_EDGE('',*,*,#901,.F.);
#378=ORIENTED_EDGE('',*,*,#902,.T.);
#379=ORIENTED_EDGE('',*,*,#898,.T.);
#380=ORIENTED_EDGE('',*,*,#903,.F.);
#381=ORIENTED_EDGE('',*,*,#904,.F.);
#382=ORIENTED_EDGE('',*,*,#905,.T.);
#383=ORIENTED_EDGE('',*,*,#901,.T.);
#384=ORIENTED_EDGE('',*,*,#904,.T.);
#385=ORIENTED_EDGE('',*,*,#906,.T.);
#386=ORIENTED_EDGE('',*,*,#907,.F.);
#387=ORIENTED_EDGE('',*,*,#908,.F.);
#388=ORIENTED_EDGE('',*,*,#909,.F.);
#389=ORIENTED_EDGE('',*,*,#910,.F.);
#390=ORIENTED_EDGE('',*,*,#911,.T.);
#391=ORIENTED_EDGE('',*,*,#907,.T.);
#392=ORIENTED_EDGE('',*,*,#912,.F.);
#393=ORIENTED_EDGE('',*,*,#913,.F.);
#394=ORIENTED_EDGE('',*,*,#914,.T.);
#395=ORIENTED_EDGE('',*,*,#910,.T.);
#396=ORIENTED_EDGE('',*,*,#757,.T.);
#397=ORIENTED_EDGE('',*,*,#915,.T.);
#398=ORIENTED_EDGE('',*,*,#737,.F.);
#399=ORIENTED_EDGE('',*,*,#916,.F.);
#400=ORIENTED_EDGE('',*,*,#917,.F.);
#401=ORIENTED_EDGE('',*,*,#762,.F.);
#402=ORIENTED_EDGE('',*,*,#918,.T.);
#403=ORIENTED_EDGE('',*,*,#779,.T.);
#404=ORIENTED_EDGE('',*,*,#919,.F.);
#405=ORIENTED_EDGE('',*,*,#784,.F.);
#406=ORIENTED_EDGE('',*,*,#920,.T.);
#407=ORIENTED_EDGE('',*,*,#801,.T.);
#408=ORIENTED_EDGE('',*,*,#921,.F.);
#409=ORIENTED_EDGE('',*,*,#806,.F.);
#410=ORIENTED_EDGE('',*,*,#922,.T.);
#411=ORIENTED_EDGE('',*,*,#823,.T.);
#412=ORIENTED_EDGE('',*,*,#923,.F.);
#413=ORIENTED_EDGE('',*,*,#828,.F.);
#414=ORIENTED_EDGE('',*,*,#924,.T.);
#415=ORIENTED_EDGE('',*,*,#845,.T.);
#416=ORIENTED_EDGE('',*,*,#925,.F.);
#417=ORIENTED_EDGE('',*,*,#850,.F.);
#418=ORIENTED_EDGE('',*,*,#926,.T.);
#419=ORIENTED_EDGE('',*,*,#867,.T.);
#420=ORIENTED_EDGE('',*,*,#927,.F.);
#421=ORIENTED_EDGE('',*,*,#872,.F.);
#422=ORIENTED_EDGE('',*,*,#928,.T.);
#423=ORIENTED_EDGE('',*,*,#913,.T.);
#424=ORIENTED_EDGE('',*,*,#735,.T.);
#425=ORIENTED_EDGE('',*,*,#929,.T.);
#426=ORIENTED_EDGE('',*,*,#718,.F.);
#427=ORIENTED_EDGE('',*,*,#930,.F.);
#428=ORIENTED_EDGE('',*,*,#931,.T.);
#429=ORIENTED_EDGE('',*,*,#932,.T.);
#430=ORIENTED_EDGE('',*,*,#933,.F.);
#431=ORIENTED_EDGE('',*,*,#934,.F.);
#432=ORIENTED_EDGE('',*,*,#709,.T.);
#433=ORIENTED_EDGE('',*,*,#935,.T.);
#434=ORIENTED_EDGE('',*,*,#936,.F.);
#435=ORIENTED_EDGE('',*,*,#937,.T.);
#436=ORIENTED_EDGE('',*,*,#938,.T.);
#437=ORIENTED_EDGE('',*,*,#939,.T.);
#438=ORIENTED_EDGE('',*,*,#707,.F.);
#439=ORIENTED_EDGE('',*,*,#940,.F.);
#440=ORIENTED_EDGE('',*,*,#933,.T.);
#441=ORIENTED_EDGE('',*,*,#941,.T.);
#442=ORIENTED_EDGE('',*,*,#942,.F.);
#443=ORIENTED_EDGE('',*,*,#943,.T.);
#444=ORIENTED_EDGE('',*,*,#944,.F.);
#445=ORIENTED_EDGE('',*,*,#945,.F.);
#446=ORIENTED_EDGE('',*,*,#946,.T.);
#447=ORIENTED_EDGE('',*,*,#947,.T.);
#448=ORIENTED_EDGE('',*,*,#948,.F.);
#449=ORIENTED_EDGE('',*,*,#714,.F.);
#450=ORIENTED_EDGE('',*,*,#949,.T.);
#451=ORIENTED_EDGE('',*,*,#945,.T.);
#452=ORIENTED_EDGE('',*,*,#950,.F.);
#453=ORIENTED_EDGE('',*,*,#947,.F.);
#454=ORIENTED_EDGE('',*,*,#951,.T.);
#455=ORIENTED_EDGE('',*,*,#712,.T.);
#456=ORIENTED_EDGE('',*,*,#946,.F.);
#457=ORIENTED_EDGE('',*,*,#949,.F.);
#458=ORIENTED_EDGE('',*,*,#713,.T.);
#459=ORIENTED_EDGE('',*,*,#951,.F.);
#460=ORIENTED_EDGE('',*,*,#952,.F.);
#461=ORIENTED_EDGE('',*,*,#953,.F.);
#462=ORIENTED_EDGE('',*,*,#954,.T.);
#463=ORIENTED_EDGE('',*,*,#955,.T.);
#464=ORIENTED_EDGE('',*,*,#953,.T.);
#465=ORIENTED_EDGE('',*,*,#956,.T.);
#466=ORIENTED_EDGE('',*,*,#703,.F.);
#467=ORIENTED_EDGE('',*,*,#957,.F.);
#468=ORIENTED_EDGE('',*,*,#958,.F.);
#469=ORIENTED_EDGE('',*,*,#955,.F.);
#470=ORIENTED_EDGE('',*,*,#959,.T.);
#471=ORIENTED_EDGE('',*,*,#701,.T.);
#472=ORIENTED_EDGE('',*,*,#954,.F.);
#473=ORIENTED_EDGE('',*,*,#957,.T.);
#474=ORIENTED_EDGE('',*,*,#702,.T.);
#475=ORIENTED_EDGE('',*,*,#959,.F.);
#476=ORIENTED_EDGE('',*,*,#942,.T.);
#477=ORIENTED_EDGE('',*,*,#960,.T.);
#478=ORIENTED_EDGE('',*,*,#961,.F.);
#479=ORIENTED_EDGE('',*,*,#962,.F.);
#480=ORIENTED_EDGE('',*,*,#961,.T.);
#481=ORIENTED_EDGE('',*,*,#963,.T.);
#482=ORIENTED_EDGE('',*,*,#964,.F.);
#483=ORIENTED_EDGE('',*,*,#965,.F.);
#484=ORIENTED_EDGE('',*,*,#964,.T.);
#485=ORIENTED_EDGE('',*,*,#966,.T.);
#486=ORIENTED_EDGE('',*,*,#938,.F.);
#487=ORIENTED_EDGE('',*,*,#967,.F.);
#488=ORIENTED_EDGE('',*,*,#962,.T.);
#489=ORIENTED_EDGE('',*,*,#965,.T.);
#490=ORIENTED_EDGE('',*,*,#967,.T.);
#491=ORIENTED_EDGE('',*,*,#943,.F.);
#492=ORIENTED_EDGE('',*,*,#968,.F.);
#493=ORIENTED_EDGE('',*,*,#969,.F.);
#494=ORIENTED_EDGE('',*,*,#970,.T.);
#495=ORIENTED_EDGE('',*,*,#936,.T.);
#496=ORIENTED_EDGE('',*,*,#969,.T.);
#497=ORIENTED_EDGE('',*,*,#971,.T.);
#498=ORIENTED_EDGE('',*,*,#972,.F.);
#499=ORIENTED_EDGE('',*,*,#973,.F.);
#500=ORIENTED_EDGE('',*,*,#974,.F.);
#501=ORIENTED_EDGE('',*,*,#931,.F.);
#502=ORIENTED_EDGE('',*,*,#975,.T.);
#503=ORIENTED_EDGE('',*,*,#972,.T.);
#504=ORIENTED_EDGE('',*,*,#937,.F.);
#505=ORIENTED_EDGE('',*,*,#970,.F.);
#506=ORIENTED_EDGE('',*,*,#973,.T.);
#507=ORIENTED_EDGE('',*,*,#975,.F.);
#508=ORIENTED_EDGE('',*,*,#706,.F.);
#509=ORIENTED_EDGE('',*,*,#710,.F.);
#510=ORIENTED_EDGE('',*,*,#934,.T.);
#511=ORIENTED_EDGE('',*,*,#940,.T.);
#512=ORIENTED_EDGE('',*,*,#871,.F.);
#513=ORIENTED_EDGE('',*,*,#875,.F.);
#514=ORIENTED_EDGE('',*,*,#878,.F.);
#515=ORIENTED_EDGE('',*,*,#881,.F.);
#516=ORIENTED_EDGE('',*,*,#884,.F.);
#517=ORIENTED_EDGE('',*,*,#887,.F.);
#518=ORIENTED_EDGE('',*,*,#890,.T.);
#519=ORIENTED_EDGE('',*,*,#893,.F.);
#520=ORIENTED_EDGE('',*,*,#896,.F.);
#521=ORIENTED_EDGE('',*,*,#899,.F.);
#522=ORIENTED_EDGE('',*,*,#902,.F.);
#523=ORIENTED_EDGE('',*,*,#905,.F.);
#524=ORIENTED_EDGE('',*,*,#908,.T.);
#525=ORIENTED_EDGE('',*,*,#911,.F.);
#526=ORIENTED_EDGE('',*,*,#914,.F.);
#527=ORIENTED_EDGE('',*,*,#928,.F.);
#528=ORIENTED_EDGE('',*,*,#849,.F.);
#529=ORIENTED_EDGE('',*,*,#853,.F.);
#530=ORIENTED_EDGE('',*,*,#856,.F.);
#531=ORIENTED_EDGE('',*,*,#859,.F.);
#532=ORIENTED_EDGE('',*,*,#862,.F.);
#533=ORIENTED_EDGE('',*,*,#865,.F.);
#534=ORIENTED_EDGE('',*,*,#868,.F.);
#535=ORIENTED_EDGE('',*,*,#926,.F.);
#536=ORIENTED_EDGE('',*,*,#827,.F.);
#537=ORIENTED_EDGE('',*,*,#831,.F.);
#538=ORIENTED_EDGE('',*,*,#834,.F.);
#539=ORIENTED_EDGE('',*,*,#837,.F.);
#540=ORIENTED_EDGE('',*,*,#840,.F.);
#541=ORIENTED_EDGE('',*,*,#843,.F.);
#542=ORIENTED_EDGE('',*,*,#846,.F.);
#543=ORIENTED_EDGE('',*,*,#924,.F.);
#544=ORIENTED_EDGE('',*,*,#805,.F.);
#545=ORIENTED_EDGE('',*,*,#809,.F.);
#546=ORIENTED_EDGE('',*,*,#812,.F.);
#547=ORIENTED_EDGE('',*,*,#815,.F.);
#548=ORIENTED_EDGE('',*,*,#818,.F.);
#549=ORIENTED_EDGE('',*,*,#821,.F.);
#550=ORIENTED_EDGE('',*,*,#824,.F.);
#551=ORIENTED_EDGE('',*,*,#922,.F.);
#552=ORIENTED_EDGE('',*,*,#783,.F.);
#553=ORIENTED_EDGE('',*,*,#787,.F.);
#554=ORIENTED_EDGE('',*,*,#790,.F.);
#555=ORIENTED_EDGE('',*,*,#793,.F.);
#556=ORIENTED_EDGE('',*,*,#796,.F.);
#557=ORIENTED_EDGE('',*,*,#799,.F.);
#558=ORIENTED_EDGE('',*,*,#802,.F.);
#559=ORIENTED_EDGE('',*,*,#920,.F.);
#560=ORIENTED_EDGE('',*,*,#761,.F.);
#561=ORIENTED_EDGE('',*,*,#765,.F.);
#562=ORIENTED_EDGE('',*,*,#768,.F.);
#563=ORIENTED_EDGE('',*,*,#771,.F.);
#564=ORIENTED_EDGE('',*,*,#774,.F.);
#565=ORIENTED_EDGE('',*,*,#777,.F.);
#566=ORIENTED_EDGE('',*,*,#780,.F.);
#567=ORIENTED_EDGE('',*,*,#918,.F.);
#568=ORIENTED_EDGE('',*,*,#740,.T.);
#569=ORIENTED_EDGE('',*,*,#743,.T.);
#570=ORIENTED_EDGE('',*,*,#746,.T.);
#571=ORIENTED_EDGE('',*,*,#749,.T.);
#572=ORIENTED_EDGE('',*,*,#752,.T.);
#573=ORIENTED_EDGE('',*,*,#755,.T.);
#574=ORIENTED_EDGE('',*,*,#758,.F.);
#575=ORIENTED_EDGE('',*,*,#916,.T.);
#576=ORIENTED_EDGE('',*,*,#717,.F.);
#577=ORIENTED_EDGE('',*,*,#721,.T.);
#578=ORIENTED_EDGE('',*,*,#724,.F.);
#579=ORIENTED_EDGE('',*,*,#727,.F.);
#580=ORIENTED_EDGE('',*,*,#730,.F.);
#581=ORIENTED_EDGE('',*,*,#733,.F.);
#582=ORIENTED_EDGE('',*,*,#736,.F.);
#583=ORIENTED_EDGE('',*,*,#930,.T.);
#584=ORIENTED_EDGE('',*,*,#697,.T.);
#585=ORIENTED_EDGE('',*,*,#976,.T.);
#586=ORIENTED_EDGE('',*,*,#977,.F.);
#587=ORIENTED_EDGE('',*,*,#978,.F.);
#588=ORIENTED_EDGE('',*,*,#977,.T.);
#589=ORIENTED_EDGE('',*,*,#979,.T.);
#590=ORIENTED_EDGE('',*,*,#980,.F.);
#591=ORIENTED_EDGE('',*,*,#981,.F.);
#592=ORIENTED_EDGE('',*,*,#980,.T.);
#593=ORIENTED_EDGE('',*,*,#982,.T.);
#594=ORIENTED_EDGE('',*,*,#699,.F.);
#595=ORIENTED_EDGE('',*,*,#983,.F.);
#596=ORIENTED_EDGE('',*,*,#698,.T.);
#597=ORIENTED_EDGE('',*,*,#978,.T.);
#598=ORIENTED_EDGE('',*,*,#981,.T.);
#599=ORIENTED_EDGE('',*,*,#983,.T.);
#600=ORIENTED_EDGE('',*,*,#715,.T.);
#601=ORIENTED_EDGE('',*,*,#929,.F.);
#602=ORIENTED_EDGE('',*,*,#734,.T.);
#603=ORIENTED_EDGE('',*,*,#731,.T.);
#604=ORIENTED_EDGE('',*,*,#728,.T.);
#605=ORIENTED_EDGE('',*,*,#725,.T.);
#606=ORIENTED_EDGE('',*,*,#722,.T.);
#607=ORIENTED_EDGE('',*,*,#719,.F.);
#608=ORIENTED_EDGE('',*,*,#738,.F.);
#609=ORIENTED_EDGE('',*,*,#915,.F.);
#610=ORIENTED_EDGE('',*,*,#756,.T.);
#611=ORIENTED_EDGE('',*,*,#753,.F.);
#612=ORIENTED_EDGE('',*,*,#750,.F.);
#613=ORIENTED_EDGE('',*,*,#747,.F.);
#614=ORIENTED_EDGE('',*,*,#744,.F.);
#615=ORIENTED_EDGE('',*,*,#741,.F.);
#616=ORIENTED_EDGE('',*,*,#759,.T.);
#617=ORIENTED_EDGE('',*,*,#917,.T.);
#618=ORIENTED_EDGE('',*,*,#778,.T.);
#619=ORIENTED_EDGE('',*,*,#775,.T.);
#620=ORIENTED_EDGE('',*,*,#772,.T.);
#621=ORIENTED_EDGE('',*,*,#769,.T.);
#622=ORIENTED_EDGE('',*,*,#766,.T.);
#623=ORIENTED_EDGE('',*,*,#763,.T.);
#624=ORIENTED_EDGE('',*,*,#781,.T.);
#625=ORIENTED_EDGE('',*,*,#919,.T.);
#626=ORIENTED_EDGE('',*,*,#800,.T.);
#627=ORIENTED_EDGE('',*,*,#797,.T.);
#628=ORIENTED_EDGE('',*,*,#794,.T.);
#629=ORIENTED_EDGE('',*,*,#791,.T.);
#630=ORIENTED_EDGE('',*,*,#788,.T.);
#631=ORIENTED_EDGE('',*,*,#785,.T.);
#632=ORIENTED_EDGE('',*,*,#803,.T.);
#633=ORIENTED_EDGE('',*,*,#921,.T.);
#634=ORIENTED_EDGE('',*,*,#822,.T.);
#635=ORIENTED_EDGE('',*,*,#819,.T.);
#636=ORIENTED_EDGE('',*,*,#816,.T.);
#637=ORIENTED_EDGE('',*,*,#813,.T.);
#638=ORIENTED_EDGE('',*,*,#810,.T.);
#639=ORIENTED_EDGE('',*,*,#807,.T.);
#640=ORIENTED_EDGE('',*,*,#825,.T.);
#641=ORIENTED_EDGE('',*,*,#923,.T.);
#642=ORIENTED_EDGE('',*,*,#844,.T.);
#643=ORIENTED_EDGE('',*,*,#841,.T.);
#644=ORIENTED_EDGE('',*,*,#838,.T.);
#645=ORIENTED_EDGE('',*,*,#835,.T.);
#646=ORIENTED_EDGE('',*,*,#832,.T.);
#647=ORIENTED_EDGE('',*,*,#829,.T.);
#648=ORIENTED_EDGE('',*,*,#847,.T.);
#649=ORIENTED_EDGE('',*,*,#925,.T.);
#650=ORIENTED_EDGE('',*,*,#866,.T.);
#651=ORIENTED_EDGE('',*,*,#863,.T.);
#652=ORIENTED_EDGE('',*,*,#860,.T.);
#653=ORIENTED_EDGE('',*,*,#857,.T.);
#654=ORIENTED_EDGE('',*,*,#854,.T.);
#655=ORIENTED_EDGE('',*,*,#851,.T.);
#656=ORIENTED_EDGE('',*,*,#869,.T.);
#657=ORIENTED_EDGE('',*,*,#927,.T.);
#658=ORIENTED_EDGE('',*,*,#912,.T.);
#659=ORIENTED_EDGE('',*,*,#909,.T.);
#660=ORIENTED_EDGE('',*,*,#906,.F.);
#661=ORIENTED_EDGE('',*,*,#903,.T.);
#662=ORIENTED_EDGE('',*,*,#900,.T.);
#663=ORIENTED_EDGE('',*,*,#897,.T.);
#664=ORIENTED_EDGE('',*,*,#894,.T.);
#665=ORIENTED_EDGE('',*,*,#891,.T.);
#666=ORIENTED_EDGE('',*,*,#888,.F.);
#667=ORIENTED_EDGE('',*,*,#885,.T.);
#668=ORIENTED_EDGE('',*,*,#882,.T.);
#669=ORIENTED_EDGE('',*,*,#879,.T.);
#670=ORIENTED_EDGE('',*,*,#876,.T.);
#671=ORIENTED_EDGE('',*,*,#873,.T.);
#672=ORIENTED_EDGE('',*,*,#976,.F.);
#673=ORIENTED_EDGE('',*,*,#696,.T.);
#674=ORIENTED_EDGE('',*,*,#939,.F.);
#675=ORIENTED_EDGE('',*,*,#966,.F.);
#676=ORIENTED_EDGE('',*,*,#963,.F.);
#677=ORIENTED_EDGE('',*,*,#960,.F.);
#678=ORIENTED_EDGE('',*,*,#941,.F.);
#679=ORIENTED_EDGE('',*,*,#932,.F.);
#680=ORIENTED_EDGE('',*,*,#974,.T.);
#681=ORIENTED_EDGE('',*,*,#971,.F.);
#682=ORIENTED_EDGE('',*,*,#968,.T.);
#683=ORIENTED_EDGE('',*,*,#935,.F.);
#684=ORIENTED_EDGE('',*,*,#708,.T.);
#685=ORIENTED_EDGE('',*,*,#948,.T.);
#686=ORIENTED_EDGE('',*,*,#944,.T.);
#687=ORIENTED_EDGE('',*,*,#950,.T.);
#688=ORIENTED_EDGE('',*,*,#711,.T.);
#689=ORIENTED_EDGE('',*,*,#704,.T.);
#690=ORIENTED_EDGE('',*,*,#956,.F.);
#691=ORIENTED_EDGE('',*,*,#952,.T.);
#692=ORIENTED_EDGE('',*,*,#958,.T.);
#693=ORIENTED_EDGE('',*,*,#700,.T.);
#694=ORIENTED_EDGE('',*,*,#982,.F.);
#695=ORIENTED_EDGE('',*,*,#979,.F.);
#696=EDGE_CURVE('',#984,#985,#1176,.T.);
#697=EDGE_CURVE('',#986,#984,#1177,.T.);
#698=EDGE_CURVE('',#987,#986,#1178,.T.);
#699=EDGE_CURVE('',#987,#988,#1179,.T.);
#700=EDGE_CURVE('',#989,#988,#1180,.T.);
#701=EDGE_CURVE('',#990,#989,#1181,.T.);
#702=EDGE_CURVE('',#991,#990,#1182,.T.);
#703=EDGE_CURVE('',#991,#992,#1183,.T.);
#704=EDGE_CURVE('',#993,#992,#1184,.T.);
#705=EDGE_CURVE('',#994,#993,#1185,.T.);
#706=EDGE_CURVE('',#994,#995,#1186,.T.);
#707=EDGE_CURVE('',#995,#985,#1187,.T.);
#708=EDGE_CURVE('',#996,#997,#1188,.T.);
#709=EDGE_CURVE('',#998,#996,#1189,.T.);
#710=EDGE_CURVE('',#998,#994,#1190,.T.);
#711=EDGE_CURVE('',#999,#993,#1191,.T.);
#712=EDGE_CURVE('',#1000,#999,#1192,.T.);
#713=EDGE_CURVE('',#1001,#1000,#1193,.T.);
#714=EDGE_CURVE('',#1001,#997,#1194,.T.);
#715=EDGE_CURVE('',#1002,#1003,#1195,.T.);
#716=EDGE_CURVE('',#1004,#1002,#1196,.T.);
#717=EDGE_CURVE('',#1004,#1005,#1197,.T.);
#718=EDGE_CURVE('',#1005,#1003,#1198,.T.);
#719=EDGE_CURVE('',#1002,#1006,#12,.T.);
#720=EDGE_CURVE('',#1007,#1006,#1199,.T.);
#721=EDGE_CURVE('',#1004,#1007,#13,.T.);
#722=EDGE_CURVE('',#1008,#1006,#1200,.T.);
#723=EDGE_CURVE('',#1009,#1008,#1201,.T.);
#724=EDGE_CURVE('',#1009,#1007,#1202,.T.);
#725=EDGE_CURVE('',#1010,#1008,#14,.T.);
#726=EDGE_CURVE('',#1011,#1010,#1203,.T.);
#727=EDGE_CURVE('',#1011,#1009,#15,.T.);
#728=EDGE_CURVE('',#1012,#1010,#1204,.T.);
#729=EDGE_CURVE('',#1013,#1012,#1205,.T.);
#730=EDGE_CURVE('',#1013,#1011,#1206,.T.);
#731=EDGE_CURVE('',#1014,#1012,#16,.T.);
#732=EDGE_CURVE('',#1015,#1014,#1207,.T.);
#733=EDGE_CURVE('',#1015,#1013,#17,.T.);
#734=EDGE_CURVE('',#1016,#1014,#1208,.T.);
#735=EDGE_CURVE('',#1017,#1016,#1209,.T.);
#736=EDGE_CURVE('',#1017,#1015,#1210,.T.);
#737=EDGE_CURVE('',#1018,#1019,#1211,.T.);
#738=EDGE_CURVE('',#1019,#1020,#18,.T.);
#739=EDGE_CURVE('',#1021,#1020,#1212,.T.);
#740=EDGE_CURVE('',#1018,#1021,#19,.T.);
#741=EDGE_CURVE('',#1020,#1022,#1213,.T.);
#742=EDGE_CURVE('',#1023,#1022,#1214,.T.);
#743=EDGE_CURVE('',#1021,#1023,#1215,.T.);
#744=EDGE_CURVE('',#1022,#1024,#20,.T.);
#745=EDGE_CURVE('',#1025,#1024,#1216,.T.);
#746=EDGE_CURVE('',#1023,#1025,#21,.T.);
#747=EDGE_CURVE('',#1024,#1026,#1217,.T.);
#748=EDGE_CURVE('',#1027,#1026,#1218,.T.);
#749=EDGE_CURVE('',#1025,#1027,#1219,.T.);
#750=EDGE_CURVE('',#1026,#1028,#22,.T.);
#751=EDGE_CURVE('',#1029,#1028,#1220,.T.);
#752=EDGE_CURVE('',#1027,#1029,#23,.T.);
#753=EDGE_CURVE('',#1028,#1030,#1221,.T.);
#754=EDGE_CURVE('',#1031,#1030,#1222,.T.);
#755=EDGE_CURVE('',#1029,#1031,#1223,.T.);
#756=EDGE_CURVE('',#1032,#1030,#24,.T.);
#757=EDGE_CURVE('',#1033,#1032,#1224,.T.);
#758=EDGE_CURVE('',#1033,#1031,#25,.T.);
#759=EDGE_CURVE('',#1034,#1035,#26,.T.);
#760=EDGE_CURVE('',#1036,#1034,#1225,.T.);
#761=EDGE_CURVE('',#1036,#1037,#27,.T.);
#762=EDGE_CURVE('',#1037,#1035,#1226,.T.);
#763=EDGE_CURVE('',#1038,#1034,#1227,.T.);
#764=EDGE_CURVE('',#1039,#1038,#1228,.T.);
#765=EDGE_CURVE('',#1039,#1036,#1229,.T.);
#766=EDGE_CURVE('',#1040,#1038,#28,.T.);
#767=EDGE_CURVE('',#1041,#1040,#1230,.T.);
#768=EDGE_CURVE('',#1041,#1039,#29,.T.);
#769=EDGE_CURVE('',#1042,#1040,#1231,.T.);
#770=EDGE_CURVE('',#1043,#1042,#1232,.T.);
#771=EDGE_CURVE('',#1043,#1041,#1233,.T.);
#772=EDGE_CURVE('',#1044,#1042,#30,.T.);
#773=EDGE_CURVE('',#1045,#1044,#1234,.T.);
#774=EDGE_CURVE('',#1045,#1043,#31,.T.);
#775=EDGE_CURVE('',#1046,#1044,#1235,.T.);
#776=EDGE_CURVE('',#1047,#1046,#1236,.T.);
#777=EDGE_CURVE('',#1047,#1045,#1237,.T.);
#778=EDGE_CURVE('',#1048,#1046,#32,.T.);
#779=EDGE_CURVE('',#1049,#1048,#1238,.T.);
#780=EDGE_CURVE('',#1049,#1047,#33,.T.);
#781=EDGE_CURVE('',#1050,#1051,#34,.T.);
#782=EDGE_CURVE('',#1052,#1050,#1239,.T.);
#783=EDGE_CURVE('',#1052,#1053,#35,.T.);
#784=EDGE_CURVE('',#1053,#1051,#1240,.T.);
#785=EDGE_CURVE('',#1054,#1050,#1241,.T.);
#786=EDGE_CURVE('',#1055,#1054,#1242,.T.);
#787=EDGE_CURVE('',#1055,#1052,#1243,.T.);
#788=EDGE_CURVE('',#1056,#1054,#36,.T.);
#789=EDGE_CURVE('',#1057,#1056,#1244,.T.);
#790=EDGE_CURVE('',#1057,#1055,#37,.T.);
#791=EDGE_CURVE('',#1058,#1056,#1245,.T.);
#792=EDGE_CURVE('',#1059,#1058,#1246,.T.);
#793=EDGE_CURVE('',#1059,#1057,#1247,.T.);
#794=EDGE_CURVE('',#1060,#1058,#38,.T.);
#795=EDGE_CURVE('',#1061,#1060,#1248,.T.);
#796=EDGE_CURVE('',#1061,#1059,#39,.T.);
#797=EDGE_CURVE('',#1062,#1060,#1249,.T.);
#798=EDGE_CURVE('',#1063,#1062,#1250,.T.);
#799=EDGE_CURVE('',#1063,#1061,#1251,.T.);
#800=EDGE_CURVE('',#1064,#1062,#40,.T.);
#801=EDGE_CURVE('',#1065,#1064,#1252,.T.);
#802=EDGE_CURVE('',#1065,#1063,#41,.T.);
#803=EDGE_CURVE('',#1066,#1067,#42,.T.);
#804=EDGE_CURVE('',#1068,#1066,#1253,.T.);
#805=EDGE_CURVE('',#1068,#1069,#43,.T.);
#806=EDGE_CURVE('',#1069,#1067,#1254,.T.);
#807=EDGE_CURVE('',#1070,#1066,#1255,.T.);
#808=EDGE_CURVE('',#1071,#1070,#1256,.T.);
#809=EDGE_CURVE('',#1071,#1068,#1257,.T.);
#810=EDGE_CURVE('',#1072,#1070,#44,.T.);
#811=EDGE_CURVE('',#1073,#1072,#1258,.T.);
#812=EDGE_CURVE('',#1073,#1071,#45,.T.);
#813=EDGE_CURVE('',#1074,#1072,#1259,.T.);
#814=EDGE_CURVE('',#1075,#1074,#1260,.T.);
#815=EDGE_CURVE('',#1075,#1073,#1261,.T.);
#816=EDGE_CURVE('',#1076,#1074,#46,.T.);
#817=EDGE_CURVE('',#1077,#1076,#1262,.T.);
#818=EDGE_CURVE('',#1077,#1075,#47,.T.);
#819=EDGE_CURVE('',#1078,#1076,#1263,.T.);
#820=EDGE_CURVE('',#1079,#1078,#1264,.T.);
#821=EDGE_CURVE('',#1079,#1077,#1265,.T.);
#822=EDGE_CURVE('',#1080,#1078,#48,.T.);
#823=EDGE_CURVE('',#1081,#1080,#1266,.T.);
#824=EDGE_CURVE('',#1081,#1079,#49,.T.);
#825=EDGE_CURVE('',#1082,#1083,#50,.T.);
#826=EDGE_CURVE('',#1084,#1082,#1267,.T.);
#827=EDGE_CURVE('',#1084,#1085,#51,.T.);
#828=EDGE_CURVE('',#1085,#1083,#1268,.T.);
#829=EDGE_CURVE('',#1086,#1082,#1269,.T.);
#830=EDGE_CURVE('',#1087,#1086,#1270,.T.);
#831=EDGE_CURVE('',#1087,#1084,#1271,.T.);
#832=EDGE_CURVE('',#1088,#1086,#52,.T.);
#833=EDGE_CURVE('',#1089,#1088,#1272,.T.);
#834=EDGE_CURVE('',#1089,#1087,#53,.T.);
#835=EDGE_CURVE('',#1090,#1088,#1273,.T.);
#836=EDGE_CURVE('',#1091,#1090,#1274,.T.);
#837=EDGE_CURVE('',#1091,#1089,#1275,.T.);
#838=EDGE_CURVE('',#1092,#1090,#54,.T.);
#839=EDGE_CURVE('',#1093,#1092,#1276,.T.);
#840=EDGE_CURVE('',#1093,#1091,#55,.T.);
#841=EDGE_CURVE('',#1094,#1092,#1277,.T.);
#842=EDGE_CURVE('',#1095,#1094,#1278,.T.);
#843=EDGE_CURVE('',#1095,#1093,#1279,.T.);
#844=EDGE_CURVE('',#1096,#1094,#56,.T.);
#845=EDGE_CURVE('',#1097,#1096,#1280,.T.);
#846=EDGE_CURVE('',#1097,#1095,#57,.T.);
#847=EDGE_CURVE('',#1098,#1099,#1281,.T.);
#848=EDGE_CURVE('',#1100,#1098,#1282,.T.);
#849=EDGE_CURVE('',#1100,#1101,#1283,.T.);
#850=EDGE_CURVE('',#1101,#1099,#1284,.T.);
#851=EDGE_CURVE('',#1102,#1098,#58,.T.);
#852=EDGE_CURVE('',#1103,#1102,#1285,.T.);
#853=EDGE_CURVE('',#1103,#1100,#59,.T.);
#854=EDGE_CURVE('',#1104,#1102,#1286,.T.);
#855=EDGE_CURVE('',#1105,#1104,#1287,.T.);
#856=EDGE_CURVE('',#1105,#1103,#1288,.T.);
#857=EDGE_CURVE('',#1106,#1104,#60,.T.);
#858=EDGE_CURVE('',#1107,#1106,#1289,.T.);
#859=EDGE_CURVE('',#1107,#1105,#61,.T.);
#860=EDGE_CURVE('',#1108,#1106,#1290,.T.);
#861=EDGE_CURVE('',#1109,#1108,#1291,.T.);
#862=EDGE_CURVE('',#1109,#1107,#1292,.T.);
#863=EDGE_CURVE('',#1110,#1108,#62,.T.);
#864=EDGE_CURVE('',#1111,#1110,#1293,.T.);
#865=EDGE_CURVE('',#1111,#1109,#63,.T.);
#866=EDGE_CURVE('',#1112,#1110,#1294,.T.);
#867=EDGE_CURVE('',#1113,#1112,#1295,.T.);
#868=EDGE_CURVE('',#1113,#1111,#1296,.T.);
#869=EDGE_CURVE('',#1114,#1115,#64,.T.);
#870=EDGE_CURVE('',#1116,#1114,#1297,.T.);
#871=EDGE_CURVE('',#1116,#1117,#65,.T.);
#872=EDGE_CURVE('',#1117,#1115,#1298,.T.);
#873=EDGE_CURVE('',#1118,#1114,#1299,.T.);
#874=EDGE_CURVE('',#1119,#1118,#1300,.T.);
#875=EDGE_CURVE('',#1119,#1116,#1301,.T.);
#876=EDGE_CURVE('',#1120,#1118,#66,.T.);
#877=EDGE_CURVE('',#1121,#1120,#1302,.T.);
#878=EDGE_CURVE('',#1121,#1119,#67,.T.);
#879=EDGE_CURVE('',#1122,#1120,#1303,.T.);
#880=EDGE_CURVE('',#1123,#1122,#1304,.T.);
#881=EDGE_CURVE('',#1123,#1121,#1305,.T.);
#882=EDGE_CURVE('',#1124,#1122,#68,.T.);
#883=EDGE_CURVE('',#1125,#1124,#1306,.T.);
#884=EDGE_CURVE('',#1125,#1123,#69,.T.);
#885=EDGE_CURVE('',#1126,#1124,#1307,.T.);
#886=EDGE_CURVE('',#1127,#1126,#1308,.T.);
#887=EDGE_CURVE('',#1127,#1125,#1309,.T.);
#888=EDGE_CURVE('',#1126,#1128,#70,.T.);
#889=EDGE_CURVE('',#1129,#1128,#1310,.T.);
#890=EDGE_CURVE('',#1127,#1129,#71,.T.);
#891=EDGE_CURVE('',#1130,#1128,#1311,.T.);
#892=EDGE_CURVE('',#1131,#1130,#1312,.T.);
#893=EDGE_CURVE('',#1131,#1129,#1313,.T.);
#894=EDGE_CURVE('',#1132,#1130,#72,.T.);
#895=EDGE_CURVE('',#1133,#1132,#1314,.T.);
#896=EDGE_CURVE('',#1133,#1131,#73,.T.);
#897=EDGE_CURVE('',#1134,#1132,#1315,.T.);
#898=EDGE_CURVE('',#1135,#1134,#1316,.T.);
#899=EDGE_CURVE('',#1135,#1133,#1317,.T.);
#900=EDGE_CURVE('',#1136,#1134,#74,.T.);
#901=EDGE_CURVE('',#1137,#1136,#1318,.T.);
#902=EDGE_CURVE('',#1137,#1135,#75,.T.);
#903=EDGE_CURVE('',#1138,#1136,#1319,.T.);
#904=EDGE_CURVE('',#1139,#1138,#1320,.T.);
#905=EDGE_CURVE('',#1139,#1137,#1321,.T.);
#906=EDGE_CURVE('',#1138,#1140,#76,.T.);
#907=EDGE_CURVE('',#1141,#1140,#1322,.T.);
#908=EDGE_CURVE('',#1139,#1141,#77,.T.);
#909=EDGE_CURVE('',#1142,#1140,#1323,.T.);
#910=EDGE_CURVE('',#1143,#1142,#1324,.T.);
#911=EDGE_CURVE('',#1143,#1141,#1325,.T.);
#912=EDGE_CURVE('',#1144,#1142,#78,.T.);
#913=EDGE_CURVE('',#1145,#1144,#1326,.T.);
#914=EDGE_CURVE('',#1145,#1143,#79,.T.);
#915=EDGE_CURVE('',#1032,#1019,#1327,.T.);
#916=EDGE_CURVE('',#1033,#1018,#1328,.T.);
#917=EDGE_CURVE('',#1035,#1048,#1329,.T.);
#918=EDGE_CURVE('',#1037,#1049,#1330,.T.);
#919=EDGE_CURVE('',#1051,#1064,#1331,.T.);
#920=EDGE_CURVE('',#1053,#1065,#1332,.T.);
#921=EDGE_CURVE('',#1067,#1080,#1333,.T.);
#922=EDGE_CURVE('',#1069,#1081,#1334,.T.);
#923=EDGE_CURVE('',#1083,#1096,#1335,.T.);
#924=EDGE_CURVE('',#1085,#1097,#1336,.T.);
#925=EDGE_CURVE('',#1099,#1112,#80,.T.);
#926=EDGE_CURVE('',#1101,#1113,#81,.T.);
#927=EDGE_CURVE('',#1115,#1144,#1337,.T.);
#928=EDGE_CURVE('',#1117,#1145,#1338,.T.);
#929=EDGE_CURVE('',#1016,#1003,#82,.T.);
#930=EDGE_CURVE('',#1017,#1005,#83,.T.);
#931=EDGE_CURVE('',#1146,#1147,#1339,.T.);
#932=EDGE_CURVE('',#1147,#1148,#1340,.T.);
#933=EDGE_CURVE('',#1149,#1148,#1341,.T.);
#934=EDGE_CURVE('',#998,#1149,#1342,.T.);
#935=EDGE_CURVE('',#996,#1150,#1343,.T.);
#936=EDGE_CURVE('',#1151,#1150,#1344,.T.);
#937=EDGE_CURVE('',#1151,#1146,#1345,.T.);
#938=EDGE_CURVE('',#1152,#1153,#1346,.T.);
#939=EDGE_CURVE('',#1153,#985,#1347,.T.);
#940=EDGE_CURVE('',#1149,#995,#1348,.T.);
#941=EDGE_CURVE('',#1148,#1154,#1349,.T.);
#942=EDGE_CURVE('',#1155,#1154,#1350,.T.);
#943=EDGE_CURVE('',#1155,#1152,#1351,.T.);
#944=EDGE_CURVE('',#1156,#1157,#1352,.T.);
#945=EDGE_CURVE('',#1158,#1156,#1353,.T.);
#946=EDGE_CURVE('',#1158,#1159,#1354,.T.);
#947=EDGE_CURVE('',#1159,#1157,#1355,.T.);
#948=EDGE_CURVE('',#997,#1156,#1356,.T.);
#949=EDGE_CURVE('',#1001,#1158,#1357,.T.);
#950=EDGE_CURVE('',#1157,#999,#1358,.T.);
#951=EDGE_CURVE('',#1159,#1000,#1359,.T.);
#952=EDGE_CURVE('',#1160,#1161,#1360,.T.);
#953=EDGE_CURVE('',#1162,#1160,#1361,.T.);
#954=EDGE_CURVE('',#1162,#1163,#1362,.T.);
#955=EDGE_CURVE('',#1163,#1161,#1363,.T.);
#956=EDGE_CURVE('',#1160,#992,#1364,.T.);
#957=EDGE_CURVE('',#1162,#991,#1365,.T.);
#958=EDGE_CURVE('',#1161,#989,#1366,.T.);
#959=EDGE_CURVE('',#1163,#990,#1367,.T.);
#960=EDGE_CURVE('',#1154,#1164,#1368,.T.);
#961=EDGE_CURVE('',#1165,#1164,#1369,.T.);
#962=EDGE_CURVE('',#1155,#1165,#1370,.T.);
#963=EDGE_CURVE('',#1164,#1166,#1371,.T.);
#964=EDGE_CURVE('',#1167,#1166,#1372,.T.);
#965=EDGE_CURVE('',#1165,#1167,#1373,.T.);
#966=EDGE_CURVE('',#1166,#1153,#1374,.T.);
#967=EDGE_CURVE('',#1167,#1152,#1375,.T.);
#968=EDGE_CURVE('',#1168,#1150,#1376,.T.);
#969=EDGE_CURVE('',#1169,#1168,#1377,.T.);
#970=EDGE_CURVE('',#1169,#1151,#1378,.T.);
#971=EDGE_CURVE('',#1168,#1170,#1379,.T.);
#972=EDGE_CURVE('',#1171,#1170,#1380,.T.);
#973=EDGE_CURVE('',#1169,#1171,#1381,.T.);
#974=EDGE_CURVE('',#1147,#1170,#1382,.T.);
#975=EDGE_CURVE('',#1146,#1171,#1383,.T.);
#976=EDGE_CURVE('',#984,#1172,#1384,.T.);
#977=EDGE_CURVE('',#1173,#1172,#1385,.T.);
#978=EDGE_CURVE('',#986,#1173,#1386,.T.);
#979=EDGE_CURVE('',#1172,#1174,#1387,.T.);
#980=EDGE_CURVE('',#1175,#1174,#1388,.T.);
#981=EDGE_CURVE('',#1173,#1175,#1389,.T.);
#982=EDGE_CURVE('',#1174,#988,#1390,.T.);
#983=EDGE_CURVE('',#1175,#987,#1391,.T.);
#984=VERTEX_POINT('',#2740);
#985=VERTEX_POINT('',#2741);
#986=VERTEX_POINT('',#2743);
#987=VERTEX_POINT('',#2745);
#988=VERTEX_POINT('',#2747);
#989=VERTEX_POINT('',#2749);
#990=VERTEX_POINT('',#2751);
#991=VERTEX_POINT('',#2753);
#992=VERTEX_POINT('',#2755);
#993=VERTEX_POINT('',#2757);
#994=VERTEX_POINT('',#2759);
#995=VERTEX_POINT('',#2761);
#996=VERTEX_POINT('',#2765);
#997=VERTEX_POINT('',#2766);
#998=VERTEX_POINT('',#2768);
#999=VERTEX_POINT('',#2771);
#1000=VERTEX_POINT('',#2773);
#1001=VERTEX_POINT('',#2775);
#1002=VERTEX_POINT('',#2779);
#1003=VERTEX_POINT('',#2780);
#1004=VERTEX_POINT('',#2782);
#1005=VERTEX_POINT('',#2784);
#1006=VERTEX_POINT('',#2788);
#1007=VERTEX_POINT('',#2790);
#1008=VERTEX_POINT('',#2794);
#1009=VERTEX_POINT('',#2796);
#1010=VERTEX_POINT('',#2800);
#1011=VERTEX_POINT('',#2802);
#1012=VERTEX_POINT('',#2806);
#1013=VERTEX_POINT('',#2808);
#1014=VERTEX_POINT('',#2812);
#1015=VERTEX_POINT('',#2814);
#1016=VERTEX_POINT('',#2818);
#1017=VERTEX_POINT('',#2820);
#1018=VERTEX_POINT('',#2824);
#1019=VERTEX_POINT('',#2825);
#1020=VERTEX_POINT('',#2827);
#1021=VERTEX_POINT('',#2829);
#1022=VERTEX_POINT('',#2833);
#1023=VERTEX_POINT('',#2835);
#1024=VERTEX_POINT('',#2839);
#1025=VERTEX_POINT('',#2841);
#1026=VERTEX_POINT('',#2845);
#1027=VERTEX_POINT('',#2847);
#1028=VERTEX_POINT('',#2851);
#1029=VERTEX_POINT('',#2853);
#1030=VERTEX_POINT('',#2857);
#1031=VERTEX_POINT('',#2859);
#1032=VERTEX_POINT('',#2863);
#1033=VERTEX_POINT('',#2865);
#1034=VERTEX_POINT('',#2869);
#1035=VERTEX_POINT('',#2870);
#1036=VERTEX_POINT('',#2872);
#1037=VERTEX_POINT('',#2874);
#1038=VERTEX_POINT('',#2878);
#1039=VERTEX_POINT('',#2880);
#1040=VERTEX_POINT('',#2884);
#1041=VERTEX_POINT('',#2886);
#1042=VERTEX_POINT('',#2890);
#1043=VERTEX_POINT('',#2892);
#1044=VERTEX_POINT('',#2896);
#1045=VERTEX_POINT('',#2898);
#1046=VERTEX_POINT('',#2902);
#1047=VERTEX_POINT('',#2904);
#1048=VERTEX_POINT('',#2908);
#1049=VERTEX_POINT('',#2910);
#1050=VERTEX_POINT('',#2914);
#1051=VERTEX_POINT('',#2915);
#1052=VERTEX_POINT('',#2917);
#1053=VERTEX_POINT('',#2919);
#1054=VERTEX_POINT('',#2923);
#1055=VERTEX_POINT('',#2925);
#1056=VERTEX_POINT('',#2929);
#1057=VERTEX_POINT('',#2931);
#1058=VERTEX_POINT('',#2935);
#1059=VERTEX_POINT('',#2937);
#1060=VERTEX_POINT('',#2941);
#1061=VERTEX_POINT('',#2943);
#1062=VERTEX_POINT('',#2947);
#1063=VERTEX_POINT('',#2949);
#1064=VERTEX_POINT('',#2953);
#1065=VERTEX_POINT('',#2955);
#1066=VERTEX_POINT('',#2959);
#1067=VERTEX_POINT('',#2960);
#1068=VERTEX_POINT('',#2962);
#1069=VERTEX_POINT('',#2964);
#1070=VERTEX_POINT('',#2968);
#1071=VERTEX_POINT('',#2970);
#1072=VERTEX_POINT('',#2974);
#1073=VERTEX_POINT('',#2976);
#1074=VERTEX_POINT('',#2980);
#1075=VERTEX_POINT('',#2982);
#1076=VERTEX_POINT('',#2986);
#1077=VERTEX_POINT('',#2988);
#1078=VERTEX_POINT('',#2992);
#1079=VERTEX_POINT('',#2994);
#1080=VERTEX_POINT('',#2998);
#1081=VERTEX_POINT('',#3000);
#1082=VERTEX_POINT('',#3004);
#1083=VERTEX_POINT('',#3005);
#1084=VERTEX_POINT('',#3007);
#1085=VERTEX_POINT('',#3009);
#1086=VERTEX_POINT('',#3013);
#1087=VERTEX_POINT('',#3015);
#1088=VERTEX_POINT('',#3019);
#1089=VERTEX_POINT('',#3021);
#1090=VERTEX_POINT('',#3025);
#1091=VERTEX_POINT('',#3027);
#1092=VERTEX_POINT('',#3031);
#1093=VERTEX_POINT('',#3033);
#1094=VERTEX_POINT('',#3037);
#1095=VERTEX_POINT('',#3039);
#1096=VERTEX_POINT('',#3043);
#1097=VERTEX_POINT('',#3045);
#1098=VERTEX_POINT('',#3049);
#1099=VERTEX_POINT('',#3050);
#1100=VERTEX_POINT('',#3052);
#1101=VERTEX_POINT('',#3054);
#1102=VERTEX_POINT('',#3058);
#1103=VERTEX_POINT('',#3060);
#1104=VERTEX_POINT('',#3064);
#1105=VERTEX_POINT('',#3066);
#1106=VERTEX_POINT('',#3070);
#1107=VERTEX_POINT('',#3072);
#1108=VERTEX_POINT('',#3076);
#1109=VERTEX_POINT('',#3078);
#1110=VERTEX_POINT('',#3082);
#1111=VERTEX_POINT('',#3084);
#1112=VERTEX_POINT('',#3088);
#1113=VERTEX_POINT('',#3090);
#1114=VERTEX_POINT('',#3094);
#1115=VERTEX_POINT('',#3095);
#1116=VERTEX_POINT('',#3097);
#1117=VERTEX_POINT('',#3099);
#1118=VERTEX_POINT('',#3103);
#1119=VERTEX_POINT('',#3105);
#1120=VERTEX_POINT('',#3109);
#1121=VERTEX_POINT('',#3111);
#1122=VERTEX_POINT('',#3115);
#1123=VERTEX_POINT('',#3117);
#1124=VERTEX_POINT('',#3121);
#1125=VERTEX_POINT('',#3123);
#1126=VERTEX_POINT('',#3127);
#1127=VERTEX_POINT('',#3129);
#1128=VERTEX_POINT('',#3133);
#1129=VERTEX_POINT('',#3135);
#1130=VERTEX_POINT('',#3139);
#1131=VERTEX_POINT('',#3141);
#1132=VERTEX_POINT('',#3145);
#1133=VERTEX_POINT('',#3147);
#1134=VERTEX_POINT('',#3151);
#1135=VERTEX_POINT('',#3153);
#1136=VERTEX_POINT('',#3157);
#1137=VERTEX_POINT('',#3159);
#1138=VERTEX_POINT('',#3163);
#1139=VERTEX_POINT('',#3165);
#1140=VERTEX_POINT('',#3169);
#1141=VERTEX_POINT('',#3171);
#1142=VERTEX_POINT('',#3175);
#1143=VERTEX_POINT('',#3177);
#1144=VERTEX_POINT('',#3181);
#1145=VERTEX_POINT('',#3183);
#1146=VERTEX_POINT('',#3211);
#1147=VERTEX_POINT('',#3212);
#1148=VERTEX_POINT('',#3214);
#1149=VERTEX_POINT('',#3216);
#1150=VERTEX_POINT('',#3219);
#1151=VERTEX_POINT('',#3221);
#1152=VERTEX_POINT('',#3225);
#1153=VERTEX_POINT('',#3226);
#1154=VERTEX_POINT('',#3230);
#1155=VERTEX_POINT('',#3232);
#1156=VERTEX_POINT('',#3236);
#1157=VERTEX_POINT('',#3237);
#1158=VERTEX_POINT('',#3239);
#1159=VERTEX_POINT('',#3241);
#1160=VERTEX_POINT('',#3252);
#1161=VERTEX_POINT('',#3253);
#1162=VERTEX_POINT('',#3255);
#1163=VERTEX_POINT('',#3257);
#1164=VERTEX_POINT('',#3268);
#1165=VERTEX_POINT('',#3270);
#1166=VERTEX_POINT('',#3274);
#1167=VERTEX_POINT('',#3276);
#1168=VERTEX_POINT('',#3284);
#1169=VERTEX_POINT('',#3286);
#1170=VERTEX_POINT('',#3290);
#1171=VERTEX_POINT('',#3292);
#1172=VERTEX_POINT('',#3301);
#1173=VERTEX_POINT('',#3303);
#1174=VERTEX_POINT('',#3307);
#1175=VERTEX_POINT('',#3309);
#1176=LINE('',#2739,#1392);
#1177=LINE('',#2742,#1393);
#1178=LINE('',#2744,#1394);
#1179=LINE('',#2746,#1395);
#1180=LINE('',#2748,#1396);
#1181=LINE('',#2750,#1397);
#1182=LINE('',#2752,#1398);
#1183=LINE('',#2754,#1399);
#1184=LINE('',#2756,#1400);
#1185=LINE('',#2758,#1401);
#1186=LINE('',#2760,#1402);
#1187=LINE('',#2762,#1403);
#1188=LINE('',#2764,#1404);
#1189=LINE('',#2767,#1405);
#1190=LINE('',#2769,#1406);
#1191=LINE('',#2770,#1407);
#1192=LINE('',#2772,#1408);
#1193=LINE('',#2774,#1409);
#1194=LINE('',#2776,#1410);
#1195=LINE('',#2778,#1411);
#1196=LINE('',#2781,#1412);
#1197=LINE('',#2783,#1413);
#1198=LINE('',#2785,#1414);
#1199=LINE('',#2789,#1415);
#1200=LINE('',#2793,#1416);
#1201=LINE('',#2795,#1417);
#1202=LINE('',#2797,#1418);
#1203=LINE('',#2801,#1419);
#1204=LINE('',#2805,#1420);
#1205=LINE('',#2807,#1421);
#1206=LINE('',#2809,#1422);
#1207=LINE('',#2813,#1423);
#1208=LINE('',#2817,#1424);
#1209=LINE('',#2819,#1425);
#1210=LINE('',#2821,#1426);
#1211=LINE('',#2823,#1427);
#1212=LINE('',#2828,#1428);
#1213=LINE('',#2832,#1429);
#1214=LINE('',#2834,#1430);
#1215=LINE('',#2836,#1431);
#1216=LINE('',#2840,#1432);
#1217=LINE('',#2844,#1433);
#1218=LINE('',#2846,#1434);
#1219=LINE('',#2848,#1435);
#1220=LINE('',#2852,#1436);
#1221=LINE('',#2856,#1437);
#1222=LINE('',#2858,#1438);
#1223=LINE('',#2860,#1439);
#1224=LINE('',#2864,#1440);
#1225=LINE('',#2871,#1441);
#1226=LINE('',#2875,#1442);
#1227=LINE('',#2877,#1443);
#1228=LINE('',#2879,#1444);
#1229=LINE('',#2881,#1445);
#1230=LINE('',#2885,#1446);
#1231=LINE('',#2889,#1447);
#1232=LINE('',#2891,#1448);
#1233=LINE('',#2893,#1449);
#1234=LINE('',#2897,#1450);
#1235=LINE('',#2901,#1451);
#1236=LINE('',#2903,#1452);
#1237=LINE('',#2905,#1453);
#1238=LINE('',#2909,#1454);
#1239=LINE('',#2916,#1455);
#1240=LINE('',#2920,#1456);
#1241=LINE('',#2922,#1457);
#1242=LINE('',#2924,#1458);
#1243=LINE('',#2926,#1459);
#1244=LINE('',#2930,#1460);
#1245=LINE('',#2934,#1461);
#1246=LINE('',#2936,#1462);
#1247=LINE('',#2938,#1463);
#1248=LINE('',#2942,#1464);
#1249=LINE('',#2946,#1465);
#1250=LINE('',#2948,#1466);
#1251=LINE('',#2950,#1467);
#1252=LINE('',#2954,#1468);
#1253=LINE('',#2961,#1469);
#1254=LINE('',#2965,#1470);
#1255=LINE('',#2967,#1471);
#1256=LINE('',#2969,#1472);
#1257=LINE('',#2971,#1473);
#1258=LINE('',#2975,#1474);
#1259=LINE('',#2979,#1475);
#1260=LINE('',#2981,#1476);
#1261=LINE('',#2983,#1477);
#1262=LINE('',#2987,#1478);
#1263=LINE('',#2991,#1479);
#1264=LINE('',#2993,#1480);
#1265=LINE('',#2995,#1481);
#1266=LINE('',#2999,#1482);
#1267=LINE('',#3006,#1483);
#1268=LINE('',#3010,#1484);
#1269=LINE('',#3012,#1485);
#1270=LINE('',#3014,#1486);
#1271=LINE('',#3016,#1487);
#1272=LINE('',#3020,#1488);
#1273=LINE('',#3024,#1489);
#1274=LINE('',#3026,#1490);
#1275=LINE('',#3028,#1491);
#1276=LINE('',#3032,#1492);
#1277=LINE('',#3036,#1493);
#1278=LINE('',#3038,#1494);
#1279=LINE('',#3040,#1495);
#1280=LINE('',#3044,#1496);
#1281=LINE('',#3048,#1497);
#1282=LINE('',#3051,#1498);
#1283=LINE('',#3053,#1499);
#1284=LINE('',#3055,#1500);
#1285=LINE('',#3059,#1501);
#1286=LINE('',#3063,#1502);
#1287=LINE('',#3065,#1503);
#1288=LINE('',#3067,#1504);
#1289=LINE('',#3071,#1505);
#1290=LINE('',#3075,#1506);
#1291=LINE('',#3077,#1507);
#1292=LINE('',#3079,#1508);
#1293=LINE('',#3083,#1509);
#1294=LINE('',#3087,#1510);
#1295=LINE('',#3089,#1511);
#1296=LINE('',#3091,#1512);
#1297=LINE('',#3096,#1513);
#1298=LINE('',#3100,#1514);
#1299=LINE('',#3102,#1515);
#1300=LINE('',#3104,#1516);
#1301=LINE('',#3106,#1517);
#1302=LINE('',#3110,#1518);
#1303=LINE('',#3114,#1519);
#1304=LINE('',#3116,#1520);
#1305=LINE('',#3118,#1521);
#1306=LINE('',#3122,#1522);
#1307=LINE('',#3126,#1523);
#1308=LINE('',#3128,#1524);
#1309=LINE('',#3130,#1525);
#1310=LINE('',#3134,#1526);
#1311=LINE('',#3138,#1527);
#1312=LINE('',#3140,#1528);
#1313=LINE('',#3142,#1529);
#1314=LINE('',#3146,#1530);
#1315=LINE('',#3150,#1531);
#1316=LINE('',#3152,#1532);
#1317=LINE('',#3154,#1533);
#1318=LINE('',#3158,#1534);
#1319=LINE('',#3162,#1535);
#1320=LINE('',#3164,#1536);
#1321=LINE('',#3166,#1537);
#1322=LINE('',#3170,#1538);
#1323=LINE('',#3174,#1539);
#1324=LINE('',#3176,#1540);
#1325=LINE('',#3178,#1541);
#1326=LINE('',#3182,#1542);
#1327=LINE('',#3186,#1543);
#1328=LINE('',#3187,#1544);
#1329=LINE('',#3189,#1545);
#1330=LINE('',#3190,#1546);
#1331=LINE('',#3192,#1547);
#1332=LINE('',#3193,#1548);
#1333=LINE('',#3195,#1549);
#1334=LINE('',#3196,#1550);
#1335=LINE('',#3198,#1551);
#1336=LINE('',#3199,#1552);
#1337=LINE('',#3204,#1553);
#1338=LINE('',#3205,#1554);
#1339=LINE('',#3210,#1555);
#1340=LINE('',#3213,#1556);
#1341=LINE('',#3215,#1557);
#1342=LINE('',#3217,#1558);
#1343=LINE('',#3218,#1559);
#1344=LINE('',#3220,#1560);
#1345=LINE('',#3222,#1561);
#1346=LINE('',#3224,#1562);
#1347=LINE('',#3227,#1563);
#1348=LINE('',#3228,#1564);
#1349=LINE('',#3229,#1565);
#1350=LINE('',#3231,#1566);
#1351=LINE('',#3233,#1567);
#1352=LINE('',#3235,#1568);
#1353=LINE('',#3238,#1569);
#1354=LINE('',#3240,#1570);
#1355=LINE('',#3242,#1571);
#1356=LINE('',#3244,#1572);
#1357=LINE('',#3245,#1573);
#1358=LINE('',#3247,#1574);
#1359=LINE('',#3248,#1575);
#1360=LINE('',#3251,#1576);
#1361=LINE('',#3254,#1577);
#1362=LINE('',#3256,#1578);
#1363=LINE('',#3258,#1579);
#1364=LINE('',#3260,#1580);
#1365=LINE('',#3261,#1581);
#1366=LINE('',#3263,#1582);
#1367=LINE('',#3264,#1583);
#1368=LINE('',#3267,#1584);
#1369=LINE('',#3269,#1585);
#1370=LINE('',#3271,#1586);
#1371=LINE('',#3273,#1587);
#1372=LINE('',#3275,#1588);
#1373=LINE('',#3277,#1589);
#1374=LINE('',#3279,#1590);
#1375=LINE('',#3280,#1591);
#1376=LINE('',#3283,#1592);
#1377=LINE('',#3285,#1593);
#1378=LINE('',#3287,#1594);
#1379=LINE('',#3289,#1595);
#1380=LINE('',#3291,#1596);
#1381=LINE('',#3293,#1597);
#1382=LINE('',#3295,#1598);
#1383=LINE('',#3296,#1599);
#1384=LINE('',#3300,#1600);
#1385=LINE('',#3302,#1601);
#1386=LINE('',#3304,#1602);
#1387=LINE('',#3306,#1603);
#1388=LINE('',#3308,#1604);
#1389=LINE('',#3310,#1605);
#1390=LINE('',#3312,#1606);
#1391=LINE('',#3313,#1607);
#1392=VECTOR('',#2183,1.);
#1393=VECTOR('',#2184,1.);
#1394=VECTOR('',#2185,1.);
#1395=VECTOR('',#2186,1.);
#1396=VECTOR('',#2187,1.);
#1397=VECTOR('',#2188,1.);
#1398=VECTOR('',#2189,1.);
#1399=VECTOR('',#2190,1.);
#1400=VECTOR('',#2191,1.);
#1401=VECTOR('',#2192,1.);
#1402=VECTOR('',#2193,1.);
#1403=VECTOR('',#2194,1.);
#1404=VECTOR('',#2197,1.);
#1405=VECTOR('',#2198,1.);
#1406=VECTOR('',#2199,1.);
#1407=VECTOR('',#2200,1.);
#1408=VECTOR('',#2201,1.);
#1409=VECTOR('',#2202,1.);
#1410=VECTOR('',#2203,1.);
#1411=VECTOR('',#2206,1.);
#1412=VECTOR('',#2207,1.);
#1413=VECTOR('',#2208,1.);
#1414=VECTOR('',#2209,1.);
#1415=VECTOR('',#2214,1.);
#1416=VECTOR('',#2219,1.);
#1417=VECTOR('',#2220,1.);
#1418=VECTOR('',#2221,1.);
#1419=VECTOR('',#2226,1.);
#1420=VECTOR('',#2231,1.);
#1421=VECTOR('',#2232,1.);
#1422=VECTOR('',#2233,1.);
#1423=VECTOR('',#2238,1.);
#1424=VECTOR('',#2243,1.);
#1425=VECTOR('',#2244,1.);
#1426=VECTOR('',#2245,1.);
#1427=VECTOR('',#2248,1.);
#1428=VECTOR('',#2251,1.);
#1429=VECTOR('',#2256,1.);
#1430=VECTOR('',#2257,1.);
#1431=VECTOR('',#2258,1.);
#1432=VECTOR('',#2263,1.);
#1433=VECTOR('',#2268,1.);
#1434=VECTOR('',#2269,1.);
#1435=VECTOR('',#2270,1.);
#1436=VECTOR('',#2275,1.);
#1437=VECTOR('',#2280,1.);
#1438=VECTOR('',#2281,1.);
#1439=VECTOR('',#2282,1.);
#1440=VECTOR('',#2287,1.);
#1441=VECTOR('',#2294,1.);
#1442=VECTOR('',#2297,1.);
#1443=VECTOR('',#2300,1.);
#1444=VECTOR('',#2301,1.);
#1445=VECTOR('',#2302,1.);
#1446=VECTOR('',#2307,1.);
#1447=VECTOR('',#2312,1.);
#1448=VECTOR('',#2313,1.);
#1449=VECTOR('',#2314,1.);
#1450=VECTOR('',#2319,1.);
#1451=VECTOR('',#2324,1.);
#1452=VECTOR('',#2325,1.);
#1453=VECTOR('',#2326,1.);
#1454=VECTOR('',#2331,1.);
#1455=VECTOR('',#2338,1.);
#1456=VECTOR('',#2341,1.);
#1457=VECTOR('',#2344,1.);
#1458=VECTOR('',#2345,1.);
#1459=VECTOR('',#2346,1.);
#1460=VECTOR('',#2351,1.);
#1461=VECTOR('',#2356,1.);
#1462=VECTOR('',#2357,1.);
#1463=VECTOR('',#2358,1.);
#1464=VECTOR('',#2363,1.);
#1465=VECTOR('',#2368,1.);
#1466=VECTOR('',#2369,1.);
#1467=VECTOR('',#2370,1.);
#1468=VECTOR('',#2375,1.);
#1469=VECTOR('',#2382,1.);
#1470=VECTOR('',#2385,1.);
#1471=VECTOR('',#2388,1.);
#1472=VECTOR('',#2389,1.);
#1473=VECTOR('',#2390,1.);
#1474=VECTOR('',#2395,1.);
#1475=VECTOR('',#2400,1.);
#1476=VECTOR('',#2401,1.);
#1477=VECTOR('',#2402,1.);
#1478=VECTOR('',#2407,1.);
#1479=VECTOR('',#2412,1.);
#1480=VECTOR('',#2413,1.);
#1481=VECTOR('',#2414,1.);
#1482=VECTOR('',#2419,1.);
#1483=VECTOR('',#2426,1.);
#1484=VECTOR('',#2429,1.);
#1485=VECTOR('',#2432,1.);
#1486=VECTOR('',#2433,1.);
#1487=VECTOR('',#2434,1.);
#1488=VECTOR('',#2439,1.);
#1489=VECTOR('',#2444,1.);
#1490=VECTOR('',#2445,1.);
#1491=VECTOR('',#2446,1.);
#1492=VECTOR('',#2451,1.);
#1493=VECTOR('',#2456,1.);
#1494=VECTOR('',#2457,1.);
#1495=VECTOR('',#2458,1.);
#1496=VECTOR('',#2463,1.);
#1497=VECTOR('',#2468,1.);
#1498=VECTOR('',#2469,1.);
#1499=VECTOR('',#2470,1.);
#1500=VECTOR('',#2471,1.);
#1501=VECTOR('',#2476,1.);
#1502=VECTOR('',#2481,1.);
#1503=VECTOR('',#2482,1.);
#1504=VECTOR('',#2483,1.);
#1505=VECTOR('',#2488,1.);
#1506=VECTOR('',#2493,1.);
#1507=VECTOR('',#2494,1.);
#1508=VECTOR('',#2495,1.);
#1509=VECTOR('',#2500,1.);
#1510=VECTOR('',#2505,1.);
#1511=VECTOR('',#2506,1.);
#1512=VECTOR('',#2507,1.);
#1513=VECTOR('',#2512,1.);
#1514=VECTOR('',#2515,1.);
#1515=VECTOR('',#2518,1.);
#1516=VECTOR('',#2519,1.);
#1517=VECTOR('',#2520,1.);
#1518=VECTOR('',#2525,1.);
#1519=VECTOR('',#2530,1.);
#1520=VECTOR('',#2531,1.);
#1521=VECTOR('',#2532,1.);
#1522=VECTOR('',#2537,1.);
#1523=VECTOR('',#2542,1.);
#1524=VECTOR('',#2543,1.);
#1525=VECTOR('',#2544,1.);
#1526=VECTOR('',#2549,1.);
#1527=VECTOR('',#2554,1.);
#1528=VECTOR('',#2555,1.);
#1529=VECTOR('',#2556,1.);
#1530=VECTOR('',#2561,1.);
#1531=VECTOR('',#2566,1.);
#1532=VECTOR('',#2567,1.);
#1533=VECTOR('',#2568,1.);
#1534=VECTOR('',#2573,1.);
#1535=VECTOR('',#2578,1.);
#1536=VECTOR('',#2579,1.);
#1537=VECTOR('',#2580,1.);
#1538=VECTOR('',#2585,1.);
#1539=VECTOR('',#2590,1.);
#1540=VECTOR('',#2591,1.);
#1541=VECTOR('',#2592,1.);
#1542=VECTOR('',#2597,1.);
#1543=VECTOR('',#2602,1.);
#1544=VECTOR('',#2603,1.);
#1545=VECTOR('',#2606,1.);
#1546=VECTOR('',#2607,1.);
#1547=VECTOR('',#2610,1.);
#1548=VECTOR('',#2611,1.);
#1549=VECTOR('',#2614,1.);
#1550=VECTOR('',#2615,1.);
#1551=VECTOR('',#2618,1.);
#1552=VECTOR('',#2619,1.);
#1553=VECTOR('',#2628,1.);
#1554=VECTOR('',#2629,1.);
#1555=VECTOR('',#2638,1.);
#1556=VECTOR('',#2639,1.);
#1557=VECTOR('',#2640,1.);
#1558=VECTOR('',#2641,1.);
#1559=VECTOR('',#2642,1.);
#1560=VECTOR('',#2643,1.);
#1561=VECTOR('',#2644,1.);
#1562=VECTOR('',#2647,1.);
#1563=VECTOR('',#2648,1.);
#1564=VECTOR('',#2649,1.);
#1565=VECTOR('',#2650,1.);
#1566=VECTOR('',#2651,1.);
#1567=VECTOR('',#2652,1.);
#1568=VECTOR('',#2655,1.);
#1569=VECTOR('',#2656,1.);
#1570=VECTOR('',#2657,1.);
#1571=VECTOR('',#2658,1.);
#1572=VECTOR('',#2661,1.);
#1573=VECTOR('',#2662,1.);
#1574=VECTOR('',#2665,1.);
#1575=VECTOR('',#2666,1.);
#1576=VECTOR('',#2671,1.);
#1577=VECTOR('',#2672,1.);
#1578=VECTOR('',#2673,1.);
#1579=VECTOR('',#2674,1.);
#1580=VECTOR('',#2677,1.);
#1581=VECTOR('',#2678,1.);
#1582=VECTOR('',#2681,1.);
#1583=VECTOR('',#2682,1.);
#1584=VECTOR('',#2687,1.);
#1585=VECTOR('',#2688,1.);
#1586=VECTOR('',#2689,1.);
#1587=VECTOR('',#2692,1.);
#1588=VECTOR('',#2693,1.);
#1589=VECTOR('',#2694,1.);
#1590=VECTOR('',#2697,1.);
#1591=VECTOR('',#2698,1.);
#1592=VECTOR('',#2703,1.);
#1593=VECTOR('',#2704,1.);
#1594=VECTOR('',#2705,1.);
#1595=VECTOR('',#2708,1.);
#1596=VECTOR('',#2709,1.);
#1597=VECTOR('',#2710,1.);
#1598=VECTOR('',#2713,1.);
#1599=VECTOR('',#2714,1.);
#1600=VECTOR('',#2721,1.);
#1601=VECTOR('',#2722,1.);
#1602=VECTOR('',#2723,1.);
#1603=VECTOR('',#2726,1.);
#1604=VECTOR('',#2727,1.);
#1605=VECTOR('',#2728,1.);
#1606=VECTOR('',#2731,1.);
#1607=VECTOR('',#2732,1.);
#1608=EDGE_LOOP('',(#120,#121,#122,#123,#124,#125,#126,#127,#128,#129,#130,
#131));
#1609=EDGE_LOOP('',(#132,#133,#134,#135,#136,#137,#138,#139));
#1610=EDGE_LOOP('',(#140,#141,#142,#143));
#1611=EDGE_LOOP('',(#144,#145,#146,#147));
#1612=EDGE_LOOP('',(#148,#149,#150,#151));
#1613=EDGE_LOOP('',(#152,#153,#154,#155));
#1614=EDGE_LOOP('',(#156,#157,#158,#159));
#1615=EDGE_LOOP('',(#160,#161,#162,#163));
#1616=EDGE_LOOP('',(#164,#165,#166,#167));
#1617=EDGE_LOOP('',(#168,#169,#170,#171));
#1618=EDGE_LOOP('',(#172,#173,#174,#175));
#1619=EDGE_LOOP('',(#176,#177,#178,#179));
#1620=EDGE_LOOP('',(#180,#181,#182,#183));
#1621=EDGE_LOOP('',(#184,#185,#186,#187));
#1622=EDGE_LOOP('',(#188,#189,#190,#191));
#1623=EDGE_LOOP('',(#192,#193,#194,#195));
#1624=EDGE_LOOP('',(#196,#197,#198,#199));
#1625=EDGE_LOOP('',(#200,#201,#202,#203));
#1626=EDGE_LOOP('',(#204,#205,#206,#207));
#1627=EDGE_LOOP('',(#208,#209,#210,#211));
#1628=EDGE_LOOP('',(#212,#213,#214,#215));
#1629=EDGE_LOOP('',(#216,#217,#218,#219));
#1630=EDGE_LOOP('',(#220,#221,#222,#223));
#1631=EDGE_LOOP('',(#224,#225,#226,#227));
#1632=EDGE_LOOP('',(#228,#229,#230,#231));
#1633=EDGE_LOOP('',(#232,#233,#234,#235));
#1634=EDGE_LOOP('',(#236,#237,#238,#239));
#1635=EDGE_LOOP('',(#240,#241,#242,#243));
#1636=EDGE_LOOP('',(#244,#245,#246,#247));
#1637=EDGE_LOOP('',(#248,#249,#250,#251));
#1638=EDGE_LOOP('',(#252,#253,#254,#255));
#1639=EDGE_LOOP('',(#256,#257,#258,#259));
#1640=EDGE_LOOP('',(#260,#261,#262,#263));
#1641=EDGE_LOOP('',(#264,#265,#266,#267));
#1642=EDGE_LOOP('',(#268,#269,#270,#271));
#1643=EDGE_LOOP('',(#272,#273,#274,#275));
#1644=EDGE_LOOP('',(#276,#277,#278,#279));
#1645=EDGE_LOOP('',(#280,#281,#282,#283));
#1646=EDGE_LOOP('',(#284,#285,#286,#287));
#1647=EDGE_LOOP('',(#288,#289,#290,#291));
#1648=EDGE_LOOP('',(#292,#293,#294,#295));
#1649=EDGE_LOOP('',(#296,#297,#298,#299));
#1650=EDGE_LOOP('',(#300,#301,#302,#303));
#1651=EDGE_LOOP('',(#304,#305,#306,#307));
#1652=EDGE_LOOP('',(#308,#309,#310,#311));
#1653=EDGE_LOOP('',(#312,#313,#314,#315));
#1654=EDGE_LOOP('',(#316,#317,#318,#319));
#1655=EDGE_LOOP('',(#320,#321,#322,#323));
#1656=EDGE_LOOP('',(#324,#325,#326,#327));
#1657=EDGE_LOOP('',(#328,#329,#330,#331));
#1658=EDGE_LOOP('',(#332,#333,#334,#335));
#1659=EDGE_LOOP('',(#336,#337,#338,#339));
#1660=EDGE_LOOP('',(#340,#341,#342,#343));
#1661=EDGE_LOOP('',(#344,#345,#346,#347));
#1662=EDGE_LOOP('',(#348,#349,#350,#351));
#1663=EDGE_LOOP('',(#352,#353,#354,#355));
#1664=EDGE_LOOP('',(#356,#357,#358,#359));
#1665=EDGE_LOOP('',(#360,#361,#362,#363));
#1666=EDGE_LOOP('',(#364,#365,#366,#367));
#1667=EDGE_LOOP('',(#368,#369,#370,#371));
#1668=EDGE_LOOP('',(#372,#373,#374,#375));
#1669=EDGE_LOOP('',(#376,#377,#378,#379));
#1670=EDGE_LOOP('',(#380,#381,#382,#383));
#1671=EDGE_LOOP('',(#384,#385,#386,#387));
#1672=EDGE_LOOP('',(#388,#389,#390,#391));
#1673=EDGE_LOOP('',(#392,#393,#394,#395));
#1674=EDGE_LOOP('',(#396,#397,#398,#399));
#1675=EDGE_LOOP('',(#400,#401,#402,#403));
#1676=EDGE_LOOP('',(#404,#405,#406,#407));
#1677=EDGE_LOOP('',(#408,#409,#410,#411));
#1678=EDGE_LOOP('',(#412,#413,#414,#415));
#1679=EDGE_LOOP('',(#416,#417,#418,#419));
#1680=EDGE_LOOP('',(#420,#421,#422,#423));
#1681=EDGE_LOOP('',(#424,#425,#426,#427));
#1682=EDGE_LOOP('',(#428,#429,#430,#431,#432,#433,#434,#435));
#1683=EDGE_LOOP('',(#436,#437,#438,#439,#440,#441,#442,#443));
#1684=EDGE_LOOP('',(#444,#445,#446,#447));
#1685=EDGE_LOOP('',(#448,#449,#450,#451));
#1686=EDGE_LOOP('',(#452,#453,#454,#455));
#1687=EDGE_LOOP('',(#456,#457,#458,#459));
#1688=EDGE_LOOP('',(#460,#461,#462,#463));
#1689=EDGE_LOOP('',(#464,#465,#466,#467));
#1690=EDGE_LOOP('',(#468,#469,#470,#471));
#1691=EDGE_LOOP('',(#472,#473,#474,#475));
#1692=EDGE_LOOP('',(#476,#477,#478,#479));
#1693=EDGE_LOOP('',(#480,#481,#482,#483));
#1694=EDGE_LOOP('',(#484,#485,#486,#487));
#1695=EDGE_LOOP('',(#488,#489,#490,#491));
#1696=EDGE_LOOP('',(#492,#493,#494,#495));
#1697=EDGE_LOOP('',(#496,#497,#498,#499));
#1698=EDGE_LOOP('',(#500,#501,#502,#503));
#1699=EDGE_LOOP('',(#504,#505,#506,#507));
#1700=EDGE_LOOP('',(#508,#509,#510,#511));
#1701=EDGE_LOOP('',(#512,#513,#514,#515,#516,#517,#518,#519,#520,#521,#522,
#523,#524,#525,#526,#527));
#1702=EDGE_LOOP('',(#528,#529,#530,#531,#532,#533,#534,#535));
#1703=EDGE_LOOP('',(#536,#537,#538,#539,#540,#541,#542,#543));
#1704=EDGE_LOOP('',(#544,#545,#546,#547,#548,#549,#550,#551));
#1705=EDGE_LOOP('',(#552,#553,#554,#555,#556,#557,#558,#559));
#1706=EDGE_LOOP('',(#560,#561,#562,#563,#564,#565,#566,#567));
#1707=EDGE_LOOP('',(#568,#569,#570,#571,#572,#573,#574,#575));
#1708=EDGE_LOOP('',(#576,#577,#578,#579,#580,#581,#582,#583));
#1709=EDGE_LOOP('',(#584,#585,#586,#587));
#1710=EDGE_LOOP('',(#588,#589,#590,#591));
#1711=EDGE_LOOP('',(#592,#593,#594,#595));
#1712=EDGE_LOOP('',(#596,#597,#598,#599));
#1713=EDGE_LOOP('',(#600,#601,#602,#603,#604,#605,#606,#607));
#1714=EDGE_LOOP('',(#608,#609,#610,#611,#612,#613,#614,#615));
#1715=EDGE_LOOP('',(#616,#617,#618,#619,#620,#621,#622,#623));
#1716=EDGE_LOOP('',(#624,#625,#626,#627,#628,#629,#630,#631));
#1717=EDGE_LOOP('',(#632,#633,#634,#635,#636,#637,#638,#639));
#1718=EDGE_LOOP('',(#640,#641,#642,#643,#644,#645,#646,#647));
#1719=EDGE_LOOP('',(#648,#649,#650,#651,#652,#653,#654,#655));
#1720=EDGE_LOOP('',(#656,#657,#658,#659,#660,#661,#662,#663,#664,#665,#666,
#667,#668,#669,#670,#671));
#1721=EDGE_LOOP('',(#672,#673,#674,#675,#676,#677,#678,#679,#680,#681,#682,
#683,#684,#685,#686,#687,#688,#689,#690,#691,#692,#693,#694,#695));
#1722=FACE_BOUND('',#1608,.T.);
#1723=FACE_BOUND('',#1609,.T.);
#1724=FACE_BOUND('',#1610,.T.);
#1725=FACE_BOUND('',#1611,.T.);
#1726=FACE_BOUND('',#1612,.T.);
#1727=FACE_BOUND('',#1613,.T.);
#1728=FACE_BOUND('',#1614,.T.);
#1729=FACE_BOUND('',#1615,.T.);
#1730=FACE_BOUND('',#1616,.T.);
#1731=FACE_BOUND('',#1617,.T.);
#1732=FACE_BOUND('',#1618,.T.);
#1733=FACE_BOUND('',#1619,.T.);
#1734=FACE_BOUND('',#1620,.T.);
#1735=FACE_BOUND('',#1621,.T.);
#1736=FACE_BOUND('',#1622,.T.);
#1737=FACE_BOUND('',#1623,.T.);
#1738=FACE_BOUND('',#1624,.T.);
#1739=FACE_BOUND('',#1625,.T.);
#1740=FACE_BOUND('',#1626,.T.);
#1741=FACE_BOUND('',#1627,.T.);
#1742=FACE_BOUND('',#1628,.T.);
#1743=FACE_BOUND('',#1629,.T.);
#1744=FACE_BOUND('',#1630,.T.);
#1745=FACE_BOUND('',#1631,.T.);
#1746=FACE_BOUND('',#1632,.T.);
#1747=FACE_BOUND('',#1633,.T.);
#1748=FACE_BOUND('',#1634,.T.);
#1749=FACE_BOUND('',#1635,.T.);
#1750=FACE_BOUND('',#1636,.T.);
#1751=FACE_BOUND('',#1637,.T.);
#1752=FACE_BOUND('',#1638,.T.);
#1753=FACE_BOUND('',#1639,.T.);
#1754=FACE_BOUND('',#1640,.T.);
#1755=FACE_BOUND('',#1641,.T.);
#1756=FACE_BOUND('',#1642,.T.);
#1757=FACE_BOUND('',#1643,.T.);
#1758=FACE_BOUND('',#1644,.T.);
#1759=FACE_BOUND('',#1645,.T.);
#1760=FACE_BOUND('',#1646,.T.);
#1761=FACE_BOUND('',#1647,.T.);
#1762=FACE_BOUND('',#1648,.T.);
#1763=FACE_BOUND('',#1649,.T.);
#1764=FACE_BOUND('',#1650,.T.);
#1765=FACE_BOUND('',#1651,.T.);
#1766=FACE_BOUND('',#1652,.T.);
#1767=FACE_BOUND('',#1653,.T.);
#1768=FACE_BOUND('',#1654,.T.);
#1769=FACE_BOUND('',#1655,.T.);
#1770=FACE_BOUND('',#1656,.T.);
#1771=FACE_BOUND('',#1657,.T.);
#1772=FACE_BOUND('',#1658,.T.);
#1773=FACE_BOUND('',#1659,.T.);
#1774=FACE_BOUND('',#1660,.T.);
#1775=FACE_BOUND('',#1661,.T.);
#1776=FACE_BOUND('',#1662,.T.);
#1777=FACE_BOUND('',#1663,.T.);
#1778=FACE_BOUND('',#1664,.T.);
#1779=FACE_BOUND('',#1665,.T.);
#1780=FACE_BOUND('',#1666,.T.);
#1781=FACE_BOUND('',#1667,.T.);
#1782=FACE_BOUND('',#1668,.T.);
#1783=FACE_BOUND('',#1669,.T.);
#1784=FACE_BOUND('',#1670,.T.);
#1785=FACE_BOUND('',#1671,.T.);
#1786=FACE_BOUND('',#1672,.T.);
#1787=FACE_BOUND('',#1673,.T.);
#1788=FACE_BOUND('',#1674,.T.);
#1789=FACE_BOUND('',#1675,.T.);
#1790=FACE_BOUND('',#1676,.T.);
#1791=FACE_BOUND('',#1677,.T.);
#1792=FACE_BOUND('',#1678,.T.);
#1793=FACE_BOUND('',#1679,.T.);
#1794=FACE_BOUND('',#1680,.T.);
#1795=FACE_BOUND('',#1681,.T.);
#1796=FACE_BOUND('',#1682,.T.);
#1797=FACE_BOUND('',#1683,.T.);
#1798=FACE_BOUND('',#1684,.T.);
#1799=FACE_BOUND('',#1685,.T.);
#1800=FACE_BOUND('',#1686,.T.);
#1801=FACE_BOUND('',#1687,.T.);
#1802=FACE_BOUND('',#1688,.T.);
#1803=FACE_BOUND('',#1689,.T.);
#1804=FACE_BOUND('',#1690,.T.);
#1805=FACE_BOUND('',#1691,.T.);
#1806=FACE_BOUND('',#1692,.T.);
#1807=FACE_BOUND('',#1693,.T.);
#1808=FACE_BOUND('',#1694,.T.);
#1809=FACE_BOUND('',#1695,.T.);
#1810=FACE_BOUND('',#1696,.T.);
#1811=FACE_BOUND('',#1697,.T.);
#1812=FACE_BOUND('',#1698,.T.);
#1813=FACE_BOUND('',#1699,.T.);
#1814=FACE_BOUND('',#1700,.T.);
#1815=FACE_BOUND('',#1701,.T.);
#1816=FACE_BOUND('',#1702,.T.);
#1817=FACE_BOUND('',#1703,.T.);
#1818=FACE_BOUND('',#1704,.T.);
#1819=FACE_BOUND('',#1705,.T.);
#1820=FACE_BOUND('',#1706,.T.);
#1821=FACE_BOUND('',#1707,.T.);
#1822=FACE_BOUND('',#1708,.T.);
#1823=FACE_BOUND('',#1709,.T.);
#1824=FACE_BOUND('',#1710,.T.);
#1825=FACE_BOUND('',#1711,.T.);
#1826=FACE_BOUND('',#1712,.T.);
#1827=FACE_BOUND('',#1713,.T.);
#1828=FACE_BOUND('',#1714,.T.);
#1829=FACE_BOUND('',#1715,.T.);
#1830=FACE_BOUND('',#1716,.T.);
#1831=FACE_BOUND('',#1717,.T.);
#1832=FACE_BOUND('',#1718,.T.);
#1833=FACE_BOUND('',#1719,.T.);
#1834=FACE_BOUND('',#1720,.T.);
#1835=FACE_BOUND('',#1721,.T.);
#1836=PLANE('',#2009);
#1837=PLANE('',#2010);
#1838=PLANE('',#2011);
#1839=PLANE('',#2015);
#1840=PLANE('',#2019);
#1841=PLANE('',#2023);
#1842=PLANE('',#2027);
#1843=PLANE('',#2031);
#1844=PLANE('',#2035);
#1845=PLANE('',#2042);
#1846=PLANE('',#2046);
#1847=PLANE('',#2050);
#1848=PLANE('',#2057);
#1849=PLANE('',#2061);
#1850=PLANE('',#2065);
#1851=PLANE('',#2072);
#1852=PLANE('',#2076);
#1853=PLANE('',#2080);
#1854=PLANE('',#2087);
#1855=PLANE('',#2091);
#1856=PLANE('',#2095);
#1857=PLANE('',#2099);
#1858=PLANE('',#2103);
#1859=PLANE('',#2107);
#1860=PLANE('',#2111);
#1861=PLANE('',#2115);
#1862=PLANE('',#2119);
#1863=PLANE('',#2123);
#1864=PLANE('',#2127);
#1865=PLANE('',#2131);
#1866=PLANE('',#2135);
#1867=PLANE('',#2139);
#1868=PLANE('',#2143);
#1869=PLANE('',#2144);
#1870=PLANE('',#2145);
#1871=PLANE('',#2146);
#1872=PLANE('',#2147);
#1873=PLANE('',#2151);
#1874=PLANE('',#2155);
#1875=PLANE('',#2156);
#1876=PLANE('',#2157);
#1877=PLANE('',#2158);
#1878=PLANE('',#2159);
#1879=PLANE('',#2160);
#1880=PLANE('',#2161);
#1881=PLANE('',#2162);
#1882=PLANE('',#2163);
#1883=PLANE('',#2164);
#1884=PLANE('',#2165);
#1885=PLANE('',#2166);
#1886=PLANE('',#2167);
#1887=PLANE('',#2168);
#1888=PLANE('',#2169);
#1889=PLANE('',#2170);
#1890=PLANE('',#2171);
#1891=PLANE('',#2172);
#1892=PLANE('',#2173);
#1893=PLANE('',#2174);
#1894=PLANE('',#2175);
#1895=PLANE('',#2176);
#1896=PLANE('',#2177);
#1897=PLANE('',#2178);
#1898=ADVANCED_FACE('',(#1722),#1836,.T.);
#1899=ADVANCED_FACE('',(#1723),#1837,.T.);
#1900=ADVANCED_FACE('',(#1724),#1838,.T.);
#1901=ADVANCED_FACE('',(#1725),#84,.F.);
#1902=ADVANCED_FACE('',(#1726),#1839,.T.);
#1903=ADVANCED_FACE('',(#1727),#85,.F.);
#1904=ADVANCED_FACE('',(#1728),#1840,.T.);
#1905=ADVANCED_FACE('',(#1729),#86,.F.);
#1906=ADVANCED_FACE('',(#1730),#1841,.T.);
#1907=ADVANCED_FACE('',(#1731),#87,.F.);
#1908=ADVANCED_FACE('',(#1732),#1842,.F.);
#1909=ADVANCED_FACE('',(#1733),#88,.F.);
#1910=ADVANCED_FACE('',(#1734),#1843,.F.);
#1911=ADVANCED_FACE('',(#1735),#89,.F.);
#1912=ADVANCED_FACE('',(#1736),#1844,.F.);
#1913=ADVANCED_FACE('',(#1737),#90,.F.);
#1914=ADVANCED_FACE('',(#1738),#91,.F.);
#1915=ADVANCED_FACE('',(#1739),#1845,.T.);
#1916=ADVANCED_FACE('',(#1740),#92,.F.);
#1917=ADVANCED_FACE('',(#1741),#1846,.T.);
#1918=ADVANCED_FACE('',(#1742),#93,.F.);
#1919=ADVANCED_FACE('',(#1743),#1847,.T.);
#1920=ADVANCED_FACE('',(#1744),#94,.F.);
#1921=ADVANCED_FACE('',(#1745),#95,.F.);
#1922=ADVANCED_FACE('',(#1746),#1848,.T.);
#1923=ADVANCED_FACE('',(#1747),#96,.F.);
#1924=ADVANCED_FACE('',(#1748),#1849,.T.);
#1925=ADVANCED_FACE('',(#1749),#97,.F.);
#1926=ADVANCED_FACE('',(#1750),#1850,.T.);
#1927=ADVANCED_FACE('',(#1751),#98,.F.);
#1928=ADVANCED_FACE('',(#1752),#99,.F.);
#1929=ADVANCED_FACE('',(#1753),#1851,.T.);
#1930=ADVANCED_FACE('',(#1754),#100,.F.);
#1931=ADVANCED_FACE('',(#1755),#1852,.T.);
#1932=ADVANCED_FACE('',(#1756),#101,.F.);
#1933=ADVANCED_FACE('',(#1757),#1853,.T.);
#1934=ADVANCED_FACE('',(#1758),#102,.F.);
#1935=ADVANCED_FACE('',(#1759),#103,.F.);
#1936=ADVANCED_FACE('',(#1760),#1854,.T.);
#1937=ADVANCED_FACE('',(#1761),#104,.F.);
#1938=ADVANCED_FACE('',(#1762),#1855,.T.);
#1939=ADVANCED_FACE('',(#1763),#105,.F.);
#1940=ADVANCED_FACE('',(#1764),#1856,.T.);
#1941=ADVANCED_FACE('',(#1765),#106,.F.);
#1942=ADVANCED_FACE('',(#1766),#1857,.T.);
#1943=ADVANCED_FACE('',(#1767),#107,.F.);
#1944=ADVANCED_FACE('',(#1768),#1858,.T.);
#1945=ADVANCED_FACE('',(#1769),#108,.F.);
#1946=ADVANCED_FACE('',(#1770),#1859,.T.);
#1947=ADVANCED_FACE('',(#1771),#109,.F.);
#1948=ADVANCED_FACE('',(#1772),#1860,.T.);
#1949=ADVANCED_FACE('',(#1773),#110,.F.);
#1950=ADVANCED_FACE('',(#1774),#1861,.T.);
#1951=ADVANCED_FACE('',(#1775),#111,.F.);
#1952=ADVANCED_FACE('',(#1776),#1862,.T.);
#1953=ADVANCED_FACE('',(#1777),#112,.F.);
#1954=ADVANCED_FACE('',(#1778),#1863,.T.);
#1955=ADVANCED_FACE('',(#1779),#113,.T.);
#1956=ADVANCED_FACE('',(#1780),#1864,.T.);
#1957=ADVANCED_FACE('',(#1781),#114,.F.);
#1958=ADVANCED_FACE('',(#1782),#1865,.T.);
#1959=ADVANCED_FACE('',(#1783),#115,.F.);
#1960=ADVANCED_FACE('',(#1784),#1866,.T.);
#1961=ADVANCED_FACE('',(#1785),#116,.T.);
#1962=ADVANCED_FACE('',(#1786),#1867,.T.);
#1963=ADVANCED_FACE('',(#1787),#117,.F.);
#1964=ADVANCED_FACE('',(#1788),#1868,.F.);
#1965=ADVANCED_FACE('',(#1789),#1869,.T.);
#1966=ADVANCED_FACE('',(#1790),#1870,.T.);
#1967=ADVANCED_FACE('',(#1791),#1871,.T.);
#1968=ADVANCED_FACE('',(#1792),#1872,.T.);
#1969=ADVANCED_FACE('',(#1793),#118,.F.);
#1970=ADVANCED_FACE('',(#1794),#1873,.T.);
#1971=ADVANCED_FACE('',(#1795),#119,.F.);
#1972=ADVANCED_FACE('',(#1796),#1874,.F.);
#1973=ADVANCED_FACE('',(#1797),#1875,.F.);
#1974=ADVANCED_FACE('',(#1798),#1876,.T.);
#1975=ADVANCED_FACE('',(#1799),#1877,.T.);
#1976=ADVANCED_FACE('',(#1800),#1878,.T.);
#1977=ADVANCED_FACE('',(#1801),#1879,.T.);
#1978=ADVANCED_FACE('',(#1802),#1880,.T.);
#1979=ADVANCED_FACE('',(#1803),#1881,.F.);
#1980=ADVANCED_FACE('',(#1804),#1882,.T.);
#1981=ADVANCED_FACE('',(#1805),#1883,.T.);
#1982=ADVANCED_FACE('',(#1806),#1884,.F.);
#1983=ADVANCED_FACE('',(#1807),#1885,.F.);
#1984=ADVANCED_FACE('',(#1808),#1886,.F.);
#1985=ADVANCED_FACE('',(#1809),#1887,.T.);
#1986=ADVANCED_FACE('',(#1810),#1888,.T.);
#1987=ADVANCED_FACE('',(#1811),#1889,.F.);
#1988=ADVANCED_FACE('',(#1812),#1890,.T.);
#1989=ADVANCED_FACE('',(#1813),#1891,.T.);
#1990=ADVANCED_FACE('',(#1814,#1815,#1816,#1817,#1818,#1819,#1820,#1821,
#1822),#1892,.T.);
#1991=ADVANCED_FACE('',(#1823),#1893,.F.);
#1992=ADVANCED_FACE('',(#1824),#1894,.F.);
#1993=ADVANCED_FACE('',(#1825),#1895,.F.);
#1994=ADVANCED_FACE('',(#1826),#1896,.T.);
#1995=ADVANCED_FACE('',(#1827,#1828,#1829,#1830,#1831,#1832,#1833,#1834,
#1835),#1897,.F.);
#1996=CLOSED_SHELL('',(#1898,#1899,#1900,#1901,#1902,#1903,#1904,#1905,
#1906,#1907,#1908,#1909,#1910,#1911,#1912,#1913,#1914,#1915,#1916,#1917,
#1918,#1919,#1920,#1921,#1922,#1923,#1924,#1925,#1926,#1927,#1928,#1929,
#1930,#1931,#1932,#1933,#1934,#1935,#1936,#1937,#1938,#1939,#1940,#1941,
#1942,#1943,#1944,#1945,#1946,#1947,#1948,#1949,#1950,#1951,#1952,#1953,
#1954,#1955,#1956,#1957,#1958,#1959,#1960,#1961,#1962,#1963,#1964,#1965,
#1966,#1967,#1968,#1969,#1970,#1971,#1972,#1973,#1974,#1975,#1976,#1977,
#1978,#1979,#1980,#1981,#1982,#1983,#1984,#1985,#1986,#1987,#1988,#1989,
#1990,#1991,#1992,#1993,#1994,#1995));
#1997=STYLED_ITEM('',(#1998),#2005);
#1998=PRESENTATION_STYLE_ASSIGNMENT((#1999));
#1999=SURFACE_STYLE_USAGE(.BOTH.,#2000);
#2000=SURFACE_SIDE_STYLE('',(#2001));
#2001=SURFACE_STYLE_FILL_AREA(#2002);
#2002=FILL_AREA_STYLE('',(#2003));
#2003=FILL_AREA_STYLE_COLOUR('',#2004);
#2004=COLOUR_RGB('',0.615686274509804,0.811764705882353,0.929411764705882);
#2005=MANIFOLD_SOLID_BREP('Part 1',#1996);
#2006=SHAPE_DEFINITION_REPRESENTATION(#3322,#2007);
#2007=SHAPE_REPRESENTATION('Part 1',(#2008),#3317);
#2008=AXIS2_PLACEMENT_3D('',#2737,#2179,#2180);
#2009=AXIS2_PLACEMENT_3D('',#2738,#2181,#2182);
#2010=AXIS2_PLACEMENT_3D('',#2763,#2195,#2196);
#2011=AXIS2_PLACEMENT_3D('',#2777,#2204,#2205);
#2012=AXIS2_PLACEMENT_3D('',#2786,#2210,#2211);
#2013=AXIS2_PLACEMENT_3D('',#2787,#2212,#2213);
#2014=AXIS2_PLACEMENT_3D('',#2791,#2215,#2216);
#2015=AXIS2_PLACEMENT_3D('',#2792,#2217,#2218);
#2016=AXIS2_PLACEMENT_3D('',#2798,#2222,#2223);
#2017=AXIS2_PLACEMENT_3D('',#2799,#2224,#2225);
#2018=AXIS2_PLACEMENT_3D('',#2803,#2227,#2228);
#2019=AXIS2_PLACEMENT_3D('',#2804,#2229,#2230);
#2020=AXIS2_PLACEMENT_3D('',#2810,#2234,#2235);
#2021=AXIS2_PLACEMENT_3D('',#2811,#2236,#2237);
#2022=AXIS2_PLACEMENT_3D('',#2815,#2239,#2240);
#2023=AXIS2_PLACEMENT_3D('',#2816,#2241,#2242);
#2024=AXIS2_PLACEMENT_3D('',#2822,#2246,#2247);
#2025=AXIS2_PLACEMENT_3D('',#2826,#2249,#2250);
#2026=AXIS2_PLACEMENT_3D('',#2830,#2252,#2253);
#2027=AXIS2_PLACEMENT_3D('',#2831,#2254,#2255);
#2028=AXIS2_PLACEMENT_3D('',#2837,#2259,#2260);
#2029=AXIS2_PLACEMENT_3D('',#2838,#2261,#2262);
#2030=AXIS2_PLACEMENT_3D('',#2842,#2264,#2265);
#2031=AXIS2_PLACEMENT_3D('',#2843,#2266,#2267);
#2032=AXIS2_PLACEMENT_3D('',#2849,#2271,#2272);
#2033=AXIS2_PLACEMENT_3D('',#2850,#2273,#2274);
#2034=AXIS2_PLACEMENT_3D('',#2854,#2276,#2277);
#2035=AXIS2_PLACEMENT_3D('',#2855,#2278,#2279);
#2036=AXIS2_PLACEMENT_3D('',#2861,#2283,#2284);
#2037=AXIS2_PLACEMENT_3D('',#2862,#2285,#2286);
#2038=AXIS2_PLACEMENT_3D('',#2866,#2288,#2289);
#2039=AXIS2_PLACEMENT_3D('',#2867,#2290,#2291);
#2040=AXIS2_PLACEMENT_3D('',#2868,#2292,#2293);
#2041=AXIS2_PLACEMENT_3D('',#2873,#2295,#2296);
#2042=AXIS2_PLACEMENT_3D('',#2876,#2298,#2299);
#2043=AXIS2_PLACEMENT_3D('',#2882,#2303,#2304);
#2044=AXIS2_PLACEMENT_3D('',#2883,#2305,#2306);
#2045=AXIS2_PLACEMENT_3D('',#2887,#2308,#2309);
#2046=AXIS2_PLACEMENT_3D('',#2888,#2310,#2311);
#2047=AXIS2_PLACEMENT_3D('',#2894,#2315,#2316);
#2048=AXIS2_PLACEMENT_3D('',#2895,#2317,#2318);
#2049=AXIS2_PLACEMENT_3D('',#2899,#2320,#2321);
#2050=AXIS2_PLACEMENT_3D('',#2900,#2322,#2323);
#2051=AXIS2_PLACEMENT_3D('',#2906,#2327,#2328);
#2052=AXIS2_PLACEMENT_3D('',#2907,#2329,#2330);
#2053=AXIS2_PLACEMENT_3D('',#2911,#2332,#2333);
#2054=AXIS2_PLACEMENT_3D('',#2912,#2334,#2335);
#2055=AXIS2_PLACEMENT_3D('',#2913,#2336,#2337);
#2056=AXIS2_PLACEMENT_3D('',#2918,#2339,#2340);
#2057=AXIS2_PLACEMENT_3D('',#2921,#2342,#2343);
#2058=AXIS2_PLACEMENT_3D('',#2927,#2347,#2348);
#2059=AXIS2_PLACEMENT_3D('',#2928,#2349,#2350);
#2060=AXIS2_PLACEMENT_3D('',#2932,#2352,#2353);
#2061=AXIS2_PLACEMENT_3D('',#2933,#2354,#2355);
#2062=AXIS2_PLACEMENT_3D('',#2939,#2359,#2360);
#2063=AXIS2_PLACEMENT_3D('',#2940,#2361,#2362);
#2064=AXIS2_PLACEMENT_3D('',#2944,#2364,#2365);
#2065=AXIS2_PLACEMENT_3D('',#2945,#2366,#2367);
#2066=AXIS2_PLACEMENT_3D('',#2951,#2371,#2372);
#2067=AXIS2_PLACEMENT_3D('',#2952,#2373,#2374);
#2068=AXIS2_PLACEMENT_3D('',#2956,#2376,#2377);
#2069=AXIS2_PLACEMENT_3D('',#2957,#2378,#2379);
#2070=AXIS2_PLACEMENT_3D('',#2958,#2380,#2381);
#2071=AXIS2_PLACEMENT_3D('',#2963,#2383,#2384);
#2072=AXIS2_PLACEMENT_3D('',#2966,#2386,#2387);
#2073=AXIS2_PLACEMENT_3D('',#2972,#2391,#2392);
#2074=AXIS2_PLACEMENT_3D('',#2973,#2393,#2394);
#2075=AXIS2_PLACEMENT_3D('',#2977,#2396,#2397);
#2076=AXIS2_PLACEMENT_3D('',#2978,#2398,#2399);
#2077=AXIS2_PLACEMENT_3D('',#2984,#2403,#2404);
#2078=AXIS2_PLACEMENT_3D('',#2985,#2405,#2406);
#2079=AXIS2_PLACEMENT_3D('',#2989,#2408,#2409);
#2080=AXIS2_PLACEMENT_3D('',#2990,#2410,#2411);
#2081=AXIS2_PLACEMENT_3D('',#2996,#2415,#2416);
#2082=AXIS2_PLACEMENT_3D('',#2997,#2417,#2418);
#2083=AXIS2_PLACEMENT_3D('',#3001,#2420,#2421);
#2084=AXIS2_PLACEMENT_3D('',#3002,#2422,#2423);
#2085=AXIS2_PLACEMENT_3D('',#3003,#2424,#2425);
#2086=AXIS2_PLACEMENT_3D('',#3008,#2427,#2428);
#2087=AXIS2_PLACEMENT_3D('',#3011,#2430,#2431);
#2088=AXIS2_PLACEMENT_3D('',#3017,#2435,#2436);
#2089=AXIS2_PLACEMENT_3D('',#3018,#2437,#2438);
#2090=AXIS2_PLACEMENT_3D('',#3022,#2440,#2441);
#2091=AXIS2_PLACEMENT_3D('',#3023,#2442,#2443);
#2092=AXIS2_PLACEMENT_3D('',#3029,#2447,#2448);
#2093=AXIS2_PLACEMENT_3D('',#3030,#2449,#2450);
#2094=AXIS2_PLACEMENT_3D('',#3034,#2452,#2453);
#2095=AXIS2_PLACEMENT_3D('',#3035,#2454,#2455);
#2096=AXIS2_PLACEMENT_3D('',#3041,#2459,#2460);
#2097=AXIS2_PLACEMENT_3D('',#3042,#2461,#2462);
#2098=AXIS2_PLACEMENT_3D('',#3046,#2464,#2465);
#2099=AXIS2_PLACEMENT_3D('',#3047,#2466,#2467);
#2100=AXIS2_PLACEMENT_3D('',#3056,#2472,#2473);
#2101=AXIS2_PLACEMENT_3D('',#3057,#2474,#2475);
#2102=AXIS2_PLACEMENT_3D('',#3061,#2477,#2478);
#2103=AXIS2_PLACEMENT_3D('',#3062,#2479,#2480);
#2104=AXIS2_PLACEMENT_3D('',#3068,#2484,#2485);
#2105=AXIS2_PLACEMENT_3D('',#3069,#2486,#2487);
#2106=AXIS2_PLACEMENT_3D('',#3073,#2489,#2490);
#2107=AXIS2_PLACEMENT_3D('',#3074,#2491,#2492);
#2108=AXIS2_PLACEMENT_3D('',#3080,#2496,#2497);
#2109=AXIS2_PLACEMENT_3D('',#3081,#2498,#2499);
#2110=AXIS2_PLACEMENT_3D('',#3085,#2501,#2502);
#2111=AXIS2_PLACEMENT_3D('',#3086,#2503,#2504);
#2112=AXIS2_PLACEMENT_3D('',#3092,#2508,#2509);
#2113=AXIS2_PLACEMENT_3D('',#3093,#2510,#2511);
#2114=AXIS2_PLACEMENT_3D('',#3098,#2513,#2514);
#2115=AXIS2_PLACEMENT_3D('',#3101,#2516,#2517);
#2116=AXIS2_PLACEMENT_3D('',#3107,#2521,#2522);
#2117=AXIS2_PLACEMENT_3D('',#3108,#2523,#2524);
#2118=AXIS2_PLACEMENT_3D('',#3112,#2526,#2527);
#2119=AXIS2_PLACEMENT_3D('',#3113,#2528,#2529);
#2120=AXIS2_PLACEMENT_3D('',#3119,#2533,#2534);
#2121=AXIS2_PLACEMENT_3D('',#3120,#2535,#2536);
#2122=AXIS2_PLACEMENT_3D('',#3124,#2538,#2539);
#2123=AXIS2_PLACEMENT_3D('',#3125,#2540,#2541);
#2124=AXIS2_PLACEMENT_3D('',#3131,#2545,#2546);
#2125=AXIS2_PLACEMENT_3D('',#3132,#2547,#2548);
#2126=AXIS2_PLACEMENT_3D('',#3136,#2550,#2551);
#2127=AXIS2_PLACEMENT_3D('',#3137,#2552,#2553);
#2128=AXIS2_PLACEMENT_3D('',#3143,#2557,#2558);
#2129=AXIS2_PLACEMENT_3D('',#3144,#2559,#2560);
#2130=AXIS2_PLACEMENT_3D('',#3148,#2562,#2563);
#2131=AXIS2_PLACEMENT_3D('',#3149,#2564,#2565);
#2132=AXIS2_PLACEMENT_3D('',#3155,#2569,#2570);
#2133=AXIS2_PLACEMENT_3D('',#3156,#2571,#2572);
#2134=AXIS2_PLACEMENT_3D('',#3160,#2574,#2575);
#2135=AXIS2_PLACEMENT_3D('',#3161,#2576,#2577);
#2136=AXIS2_PLACEMENT_3D('',#3167,#2581,#2582);
#2137=AXIS2_PLACEMENT_3D('',#3168,#2583,#2584);
#2138=AXIS2_PLACEMENT_3D('',#3172,#2586,#2587);
#2139=AXIS2_PLACEMENT_3D('',#3173,#2588,#2589);
#2140=AXIS2_PLACEMENT_3D('',#3179,#2593,#2594);
#2141=AXIS2_PLACEMENT_3D('',#3180,#2595,#2596);
#2142=AXIS2_PLACEMENT_3D('',#3184,#2598,#2599);
#2143=AXIS2_PLACEMENT_3D('',#3185,#2600,#2601);
#2144=AXIS2_PLACEMENT_3D('',#3188,#2604,#2605);
#2145=AXIS2_PLACEMENT_3D('',#3191,#2608,#2609);
#2146=AXIS2_PLACEMENT_3D('',#3194,#2612,#2613);
#2147=AXIS2_PLACEMENT_3D('',#3197,#2616,#2617);
#2148=AXIS2_PLACEMENT_3D('',#3200,#2620,#2621);
#2149=AXIS2_PLACEMENT_3D('',#3201,#2622,#2623);
#2150=AXIS2_PLACEMENT_3D('',#3202,#2624,#2625);
#2151=AXIS2_PLACEMENT_3D('',#3203,#2626,#2627);
#2152=AXIS2_PLACEMENT_3D('',#3206,#2630,#2631);
#2153=AXIS2_PLACEMENT_3D('',#3207,#2632,#2633);
#2154=AXIS2_PLACEMENT_3D('',#3208,#2634,#2635);
#2155=AXIS2_PLACEMENT_3D('',#3209,#2636,#2637);
#2156=AXIS2_PLACEMENT_3D('',#3223,#2645,#2646);
#2157=AXIS2_PLACEMENT_3D('',#3234,#2653,#2654);
#2158=AXIS2_PLACEMENT_3D('',#3243,#2659,#2660);
#2159=AXIS2_PLACEMENT_3D('',#3246,#2663,#2664);
#2160=AXIS2_PLACEMENT_3D('',#3249,#2667,#2668);
#2161=AXIS2_PLACEMENT_3D('',#3250,#2669,#2670);
#2162=AXIS2_PLACEMENT_3D('',#3259,#2675,#2676);
#2163=AXIS2_PLACEMENT_3D('',#3262,#2679,#2680);
#2164=AXIS2_PLACEMENT_3D('',#3265,#2683,#2684);
#2165=AXIS2_PLACEMENT_3D('',#3266,#2685,#2686);
#2166=AXIS2_PLACEMENT_3D('',#3272,#2690,#2691);
#2167=AXIS2_PLACEMENT_3D('',#3278,#2695,#2696);
#2168=AXIS2_PLACEMENT_3D('',#3281,#2699,#2700);
#2169=AXIS2_PLACEMENT_3D('',#3282,#2701,#2702);
#2170=AXIS2_PLACEMENT_3D('',#3288,#2706,#2707);
#2171=AXIS2_PLACEMENT_3D('',#3294,#2711,#2712);
#2172=AXIS2_PLACEMENT_3D('',#3297,#2715,#2716);
#2173=AXIS2_PLACEMENT_3D('',#3298,#2717,#2718);
#2174=AXIS2_PLACEMENT_3D('',#3299,#2719,#2720);
#2175=AXIS2_PLACEMENT_3D('',#3305,#2724,#2725);
#2176=AXIS2_PLACEMENT_3D('',#3311,#2729,#2730);
#2177=AXIS2_PLACEMENT_3D('',#3314,#2733,#2734);
#2178=AXIS2_PLACEMENT_3D('',#3315,#2735,#2736);
#2179=DIRECTION('',(0.,0.,1.));
#2180=DIRECTION('',(1.,0.,0.));
#2181=DIRECTION('',(1.,0.,0.));
#2182=DIRECTION('',(0.,0.,-1.));
#2183=DIRECTION('',(0.,-1.,0.));
#2184=DIRECTION('',(0.,0.,-1.));
#2185=DIRECTION('',(0.,-1.,0.));
#2186=DIRECTION('',(0.,0.,-1.));
#2187=DIRECTION('',(0.,-1.,0.));
#2188=DIRECTION('',(0.,0.,-1.));
#2189=DIRECTION('',(0.,-1.,0.));
#2190=DIRECTION('',(0.,0.,-1.));
#2191=DIRECTION('',(0.,-1.,0.));
#2192=DIRECTION('',(0.,0.,-1.));
#2193=DIRECTION('',(0.,-1.,0.));
#2194=DIRECTION('',(0.,0.,-1.));
#2195=DIRECTION('',(0.,1.,0.));
#2196=DIRECTION('',(0.,0.,1.));
#2197=DIRECTION('',(1.,0.,0.));
#2198=DIRECTION('',(0.,0.,-1.));
#2199=DIRECTION('',(1.,0.,0.));
#2200=DIRECTION('',(1.,0.,0.));
#2201=DIRECTION('',(0.,0.,-1.));
#2202=DIRECTION('',(1.,0.,0.));
#2203=DIRECTION('',(0.,0.,-1.));
#2204=DIRECTION('',(0.,1.,0.));
#2205=DIRECTION('',(0.,0.,1.));
#2206=DIRECTION('',(1.,0.,0.));
#2207=DIRECTION('',(0.,0.,-1.));
#2208=DIRECTION('',(1.,0.,0.));
#2209=DIRECTION('',(0.,0.,-1.));
#2210=DIRECTION('',(0.,0.,-1.));
#2211=DIRECTION('',(-1.,0.,0.));
#2212=DIRECTION('',(0.,0.,-1.));
#2213=DIRECTION('',(1.,0.,0.));
#2214=DIRECTION('',(0.,0.,-1.));
#2215=DIRECTION('',(0.,0.,-1.));
#2216=DIRECTION('',(1.,0.,0.));
#2217=DIRECTION('',(1.,0.,0.));
#2218=DIRECTION('',(0.,0.,-1.));
#2219=DIRECTION('',(0.,-1.,0.));
#2220=DIRECTION('',(0.,0.,-1.));
#2221=DIRECTION('',(0.,-1.,0.));
#2222=DIRECTION('',(0.,0.,-1.));
#2223=DIRECTION('',(-1.,0.,0.));
#2224=DIRECTION('',(0.,0.,1.));
#2225=DIRECTION('',(1.,0.,0.));
#2226=DIRECTION('',(0.,0.,-1.));
#2227=DIRECTION('',(0.,0.,1.));
#2228=DIRECTION('',(1.,0.,0.));
#2229=DIRECTION('',(0.,-1.,0.));
#2230=DIRECTION('',(0.,0.,-1.));
#2231=DIRECTION('',(-1.,0.,0.));
#2232=DIRECTION('',(0.,0.,-1.));
#2233=DIRECTION('',(-1.,0.,0.));
#2234=DIRECTION('',(0.,0.,-1.));
#2235=DIRECTION('',(-1.,0.,0.));
#2236=DIRECTION('',(0.,0.,1.));
#2237=DIRECTION('',(1.,0.,0.));
#2238=DIRECTION('',(0.,0.,-1.));
#2239=DIRECTION('',(0.,0.,1.));
#2240=DIRECTION('',(1.,0.,0.));
#2241=DIRECTION('',(-1.,0.,0.));
#2242=DIRECTION('',(0.,0.,1.));
#2243=DIRECTION('',(0.,1.,0.));
#2244=DIRECTION('',(0.,0.,-1.));
#2245=DIRECTION('',(0.,1.,0.));
#2246=DIRECTION('',(0.,0.,-1.));
#2247=DIRECTION('',(-1.,0.,0.));
#2248=DIRECTION('',(0.,0.,-1.));
#2249=DIRECTION('',(0.,0.,-1.));
#2250=DIRECTION('',(1.,0.,0.));
#2251=DIRECTION('',(0.,0.,-1.));
#2252=DIRECTION('',(0.,0.,-1.));
#2253=DIRECTION('',(1.,0.,0.));
#2254=DIRECTION('',(0.,1.,0.));
#2255=DIRECTION('',(0.,0.,1.));
#2256=DIRECTION('',(1.,0.,0.));
#2257=DIRECTION('',(0.,0.,-1.));
#2258=DIRECTION('',(1.,0.,0.));
#2259=DIRECTION('',(0.,0.,-1.));
#2260=DIRECTION('',(-1.,0.,0.));
#2261=DIRECTION('',(0.,0.,-1.));
#2262=DIRECTION('',(1.,0.,0.));
#2263=DIRECTION('',(0.,0.,-1.));
#2264=DIRECTION('',(0.,0.,-1.));
#2265=DIRECTION('',(1.,0.,0.));
#2266=DIRECTION('',(1.,0.,0.));
#2267=DIRECTION('',(0.,0.,-1.));
#2268=DIRECTION('',(0.,-1.,0.));
#2269=DIRECTION('',(0.,0.,-1.));
#2270=DIRECTION('',(0.,-1.,0.));
#2271=DIRECTION('',(0.,0.,-1.));
#2272=DIRECTION('',(-1.,0.,0.));
#2273=DIRECTION('',(0.,0.,-1.));
#2274=DIRECTION('',(1.,0.,0.));
#2275=DIRECTION('',(0.,0.,-1.));
#2276=DIRECTION('',(0.,0.,-1.));
#2277=DIRECTION('',(1.,0.,0.));
#2278=DIRECTION('',(0.,-1.,0.));
#2279=DIRECTION('',(0.,0.,-1.));
#2280=DIRECTION('',(-1.,0.,0.));
#2281=DIRECTION('',(0.,0.,-1.));
#2282=DIRECTION('',(-1.,0.,0.));
#2283=DIRECTION('',(0.,0.,-1.));
#2284=DIRECTION('',(-1.,0.,0.));
#2285=DIRECTION('',(0.,0.,1.));
#2286=DIRECTION('',(1.,0.,0.));
#2287=DIRECTION('',(0.,0.,-1.));
#2288=DIRECTION('',(0.,0.,1.));
#2289=DIRECTION('',(1.,0.,0.));
#2290=DIRECTION('',(0.,0.,-1.));
#2291=DIRECTION('',(-1.,0.,0.));
#2292=DIRECTION('',(0.,0.,1.));
#2293=DIRECTION('',(1.,0.,0.));
#2294=DIRECTION('',(0.,0.,-1.));
#2295=DIRECTION('',(0.,0.,1.));
#2296=DIRECTION('',(1.,0.,0.));
#2297=DIRECTION('',(0.,0.,-1.));
#2298=DIRECTION('',(1.,0.,0.));
#2299=DIRECTION('',(0.,0.,-1.));
#2300=DIRECTION('',(0.,-1.,0.));
#2301=DIRECTION('',(0.,0.,-1.));
#2302=DIRECTION('',(0.,-1.,0.));
#2303=DIRECTION('',(0.,0.,-1.));
#2304=DIRECTION('',(-1.,0.,0.));
#2305=DIRECTION('',(0.,0.,1.));
#2306=DIRECTION('',(1.,0.,0.));
#2307=DIRECTION('',(0.,0.,-1.));
#2308=DIRECTION('',(0.,0.,1.));
#2309=DIRECTION('',(1.,0.,0.));
#2310=DIRECTION('',(0.,-1.,0.));
#2311=DIRECTION('',(0.,0.,-1.));
#2312=DIRECTION('',(-1.,0.,0.));
#2313=DIRECTION('',(0.,0.,-1.));
#2314=DIRECTION('',(-1.,0.,0.));
#2315=DIRECTION('',(0.,0.,-1.));
#2316=DIRECTION('',(-1.,0.,0.));
#2317=DIRECTION('',(0.,0.,1.));
#2318=DIRECTION('',(1.,0.,0.));
#2319=DIRECTION('',(0.,0.,-1.));
#2320=DIRECTION('',(0.,0.,1.));
#2321=DIRECTION('',(1.,0.,0.));
#2322=DIRECTION('',(-1.,0.,0.));
#2323=DIRECTION('',(0.,0.,1.));
#2324=DIRECTION('',(0.,1.,0.));
#2325=DIRECTION('',(0.,0.,-1.));
#2326=DIRECTION('',(0.,1.,0.));
#2327=DIRECTION('',(0.,0.,-1.));
#2328=DIRECTION('',(-1.,0.,0.));
#2329=DIRECTION('',(0.,0.,1.));
#2330=DIRECTION('',(1.,0.,0.));
#2331=DIRECTION('',(0.,0.,-1.));
#2332=DIRECTION('',(0.,0.,1.));
#2333=DIRECTION('',(1.,0.,0.));
#2334=DIRECTION('',(0.,0.,-1.));
#2335=DIRECTION('',(-1.,0.,0.));
#2336=DIRECTION('',(0.,0.,1.));
#2337=DIRECTION('',(1.,0.,0.));
#2338=DIRECTION('',(0.,0.,-1.));
#2339=DIRECTION('',(0.,0.,1.));
#2340=DIRECTION('',(1.,0.,0.));
#2341=DIRECTION('',(0.,0.,-1.));
#2342=DIRECTION('',(1.,0.,0.));
#2343=DIRECTION('',(0.,0.,-1.));
#2344=DIRECTION('',(0.,-1.,0.));
#2345=DIRECTION('',(0.,0.,-1.));
#2346=DIRECTION('',(0.,-1.,0.));
#2347=DIRECTION('',(0.,0.,-1.));
#2348=DIRECTION('',(-1.,0.,0.));
#2349=DIRECTION('',(0.,0.,1.));
#2350=DIRECTION('',(1.,0.,0.));
#2351=DIRECTION('',(0.,0.,-1.));
#2352=DIRECTION('',(0.,0.,1.));
#2353=DIRECTION('',(1.,0.,0.));
#2354=DIRECTION('',(3.90099446459998E-16,-1.,0.));
#2355=DIRECTION('',(1.,3.90099446459998E-16,0.));
#2356=DIRECTION('',(-1.,-3.90099446459998E-16,0.));
#2357=DIRECTION('',(0.,0.,-1.));
#2358=DIRECTION('',(-1.,-3.90099446459998E-16,0.));
#2359=DIRECTION('',(0.,0.,-1.));
#2360=DIRECTION('',(-1.,0.,0.));
#2361=DIRECTION('',(0.,0.,1.));
#2362=DIRECTION('',(1.,0.,0.));
#2363=DIRECTION('',(0.,0.,-1.));
#2364=DIRECTION('',(0.,0.,1.));
#2365=DIRECTION('',(1.,0.,0.));
#2366=DIRECTION('',(-1.,0.,0.));
#2367=DIRECTION('',(0.,0.,1.));
#2368=DIRECTION('',(0.,1.,0.));
#2369=DIRECTION('',(0.,0.,-1.));
#2370=DIRECTION('',(0.,1.,0.));
#2371=DIRECTION('',(0.,0.,-1.));
#2372=DIRECTION('',(-1.,0.,0.));
#2373=DIRECTION('',(0.,0.,1.));
#2374=DIRECTION('',(1.,0.,0.));
#2375=DIRECTION('',(0.,0.,-1.));
#2376=DIRECTION('',(0.,0.,1.));
#2377=DIRECTION('',(1.,0.,0.));
#2378=DIRECTION('',(0.,0.,-1.));
#2379=DIRECTION('',(-1.,0.,0.));
#2380=DIRECTION('',(0.,0.,1.));
#2381=DIRECTION('',(1.,0.,0.));
#2382=DIRECTION('',(0.,0.,-1.));
#2383=DIRECTION('',(0.,0.,1.));
#2384=DIRECTION('',(1.,0.,0.));
#2385=DIRECTION('',(0.,0.,-1.));
#2386=DIRECTION('',(1.,0.,0.));
#2387=DIRECTION('',(0.,0.,-1.));
#2388=DIRECTION('',(0.,-1.,0.));
#2389=DIRECTION('',(0.,0.,-1.));
#2390=DIRECTION('',(0.,-1.,0.));
#2391=DIRECTION('',(0.,0.,-1.));
#2392=DIRECTION('',(-1.,0.,0.));
#2393=DIRECTION('',(0.,0.,1.));
#2394=DIRECTION('',(1.,0.,0.));
#2395=DIRECTION('',(0.,0.,-1.));
#2396=DIRECTION('',(0.,0.,1.));
#2397=DIRECTION('',(1.,0.,0.));
#2398=DIRECTION('',(3.90099446459998E-16,-1.,0.));
#2399=DIRECTION('',(1.,3.90099446459998E-16,0.));
#2400=DIRECTION('',(-1.,-3.90099446459998E-16,0.));
#2401=DIRECTION('',(0.,0.,-1.));
#2402=DIRECTION('',(-1.,-3.90099446459998E-16,0.));
#2403=DIRECTION('',(0.,0.,-1.));
#2404=DIRECTION('',(-1.,0.,0.));
#2405=DIRECTION('',(0.,0.,1.));
#2406=DIRECTION('',(1.,0.,0.));
#2407=DIRECTION('',(0.,0.,-1.));
#2408=DIRECTION('',(0.,0.,1.));
#2409=DIRECTION('',(1.,0.,0.));
#2410=DIRECTION('',(-1.,0.,0.));
#2411=DIRECTION('',(0.,0.,1.));
#2412=DIRECTION('',(0.,1.,0.));
#2413=DIRECTION('',(0.,0.,-1.));
#2414=DIRECTION('',(0.,1.,0.));
#2415=DIRECTION('',(0.,0.,-1.));
#2416=DIRECTION('',(-1.,0.,0.));
#2417=DIRECTION('',(0.,0.,1.));
#2418=DIRECTION('',(1.,0.,0.));
#2419=DIRECTION('',(0.,0.,-1.));
#2420=DIRECTION('',(0.,0.,1.));
#2421=DIRECTION('',(1.,0.,0.));
#2422=DIRECTION('',(0.,0.,-1.));
#2423=DIRECTION('',(-1.,0.,0.));
#2424=DIRECTION('',(0.,0.,1.));
#2425=DIRECTION('',(1.,0.,0.));
#2426=DIRECTION('',(0.,0.,-1.));
#2427=DIRECTION('',(0.,0.,1.));
#2428=DIRECTION('',(1.,0.,0.));
#2429=DIRECTION('',(0.,0.,-1.));
#2430=DIRECTION('',(1.,0.,0.));
#2431=DIRECTION('',(0.,0.,-1.));
#2432=DIRECTION('',(0.,-1.,0.));
#2433=DIRECTION('',(0.,0.,-1.));
#2434=DIRECTION('',(0.,-1.,0.));
#2435=DIRECTION('',(0.,0.,-1.));
#2436=DIRECTION('',(-1.,0.,0.));
#2437=DIRECTION('',(0.,0.,1.));
#2438=DIRECTION('',(1.,0.,0.));
#2439=DIRECTION('',(0.,0.,-1.));
#2440=DIRECTION('',(0.,0.,1.));
#2441=DIRECTION('',(1.,0.,0.));
#2442=DIRECTION('',(3.90099446459998E-16,-1.,0.));
#2443=DIRECTION('',(1.,3.90099446459998E-16,0.));
#2444=DIRECTION('',(-1.,-3.90099446459998E-16,0.));
#2445=DIRECTION('',(0.,0.,-1.));
#2446=DIRECTION('',(-1.,-3.90099446459998E-16,0.));
#2447=DIRECTION('',(0.,0.,-1.));
#2448=DIRECTION('',(-1.,0.,0.));
#2449=DIRECTION('',(0.,0.,1.));
#2450=DIRECTION('',(1.,0.,0.));
#2451=DIRECTION('',(0.,0.,-1.));
#2452=DIRECTION('',(0.,0.,1.));
#2453=DIRECTION('',(1.,0.,0.));
#2454=DIRECTION('',(-1.,0.,0.));
#2455=DIRECTION('',(0.,0.,1.));
#2456=DIRECTION('',(0.,1.,0.));
#2457=DIRECTION('',(0.,0.,-1.));
#2458=DIRECTION('',(0.,1.,0.));
#2459=DIRECTION('',(0.,0.,-1.));
#2460=DIRECTION('',(-1.,0.,0.));
#2461=DIRECTION('',(0.,0.,1.));
#2462=DIRECTION('',(1.,0.,0.));
#2463=DIRECTION('',(0.,0.,-1.));
#2464=DIRECTION('',(0.,0.,1.));
#2465=DIRECTION('',(1.,0.,0.));
#2466=DIRECTION('',(-1.,0.,0.));
#2467=DIRECTION('',(0.,0.,1.));
#2468=DIRECTION('',(0.,1.,0.));
#2469=DIRECTION('',(0.,0.,-1.));
#2470=DIRECTION('',(0.,1.,0.));
#2471=DIRECTION('',(0.,0.,-1.));
#2472=DIRECTION('',(0.,0.,-1.));
#2473=DIRECTION('',(-1.,0.,0.));
#2474=DIRECTION('',(0.,0.,1.));
#2475=DIRECTION('',(1.,0.,0.));
#2476=DIRECTION('',(0.,0.,-1.));
#2477=DIRECTION('',(0.,0.,1.));
#2478=DIRECTION('',(1.,0.,0.));
#2479=DIRECTION('',(0.,1.,0.));
#2480=DIRECTION('',(0.,0.,1.));
#2481=DIRECTION('',(1.,0.,0.));
#2482=DIRECTION('',(0.,0.,-1.));
#2483=DIRECTION('',(1.,0.,0.));
#2484=DIRECTION('',(0.,0.,-1.));
#2485=DIRECTION('',(-1.,0.,0.));
#2486=DIRECTION('',(0.,0.,1.));
#2487=DIRECTION('',(1.,0.,0.));
#2488=DIRECTION('',(0.,0.,-1.));
#2489=DIRECTION('',(0.,0.,1.));
#2490=DIRECTION('',(1.,0.,0.));
#2491=DIRECTION('',(1.,0.,0.));
#2492=DIRECTION('',(0.,0.,-1.));
#2493=DIRECTION('',(0.,-1.,0.));
#2494=DIRECTION('',(0.,0.,-1.));
#2495=DIRECTION('',(0.,-1.,0.));
#2496=DIRECTION('',(0.,0.,-1.));
#2497=DIRECTION('',(-1.,0.,0.));
#2498=DIRECTION('',(0.,0.,1.));
#2499=DIRECTION('',(1.,0.,0.));
#2500=DIRECTION('',(0.,0.,-1.));
#2501=DIRECTION('',(0.,0.,1.));
#2502=DIRECTION('',(1.,0.,0.));
#2503=DIRECTION('',(0.,-1.,0.));
#2504=DIRECTION('',(0.,0.,-1.));
#2505=DIRECTION('',(-1.,0.,0.));
#2506=DIRECTION('',(0.,0.,-1.));
#2507=DIRECTION('',(-1.,0.,0.));
#2508=DIRECTION('',(0.,0.,-1.));
#2509=DIRECTION('',(-1.,0.,0.));
#2510=DIRECTION('',(0.,0.,1.));
#2511=DIRECTION('',(1.,0.,0.));
#2512=DIRECTION('',(0.,0.,-1.));
#2513=DIRECTION('',(0.,0.,1.));
#2514=DIRECTION('',(1.,0.,0.));
#2515=DIRECTION('',(0.,0.,-1.));
#2516=DIRECTION('',(0.,1.,0.));
#2517=DIRECTION('',(0.,0.,1.));
#2518=DIRECTION('',(1.,0.,0.));
#2519=DIRECTION('',(0.,0.,-1.));
#2520=DIRECTION('',(1.,0.,0.));
#2521=DIRECTION('',(0.,0.,-1.));
#2522=DIRECTION('',(-1.,0.,0.));
#2523=DIRECTION('',(0.,0.,1.));
#2524=DIRECTION('',(1.,0.,0.));
#2525=DIRECTION('',(0.,0.,-1.));
#2526=DIRECTION('',(0.,0.,1.));
#2527=DIRECTION('',(1.,0.,0.));
#2528=DIRECTION('',(1.,0.,0.));
#2529=DIRECTION('',(0.,0.,-1.));
#2530=DIRECTION('',(0.,-1.,0.));
#2531=DIRECTION('',(0.,0.,-1.));
#2532=DIRECTION('',(0.,-1.,0.));
#2533=DIRECTION('',(0.,0.,-1.));
#2534=DIRECTION('',(-1.,0.,0.));
#2535=DIRECTION('',(0.,0.,1.));
#2536=DIRECTION('',(1.,0.,0.));
#2537=DIRECTION('',(0.,0.,-1.));
#2538=DIRECTION('',(0.,0.,1.));
#2539=DIRECTION('',(1.,0.,0.));
#2540=DIRECTION('',(0.,-1.,0.));
#2541=DIRECTION('',(0.,0.,-1.));
#2542=DIRECTION('',(-1.,0.,0.));
#2543=DIRECTION('',(0.,0.,-1.));
#2544=DIRECTION('',(-1.,0.,0.));
#2545=DIRECTION('',(0.,0.,-1.));
#2546=DIRECTION('',(-1.,0.,0.));
#2547=DIRECTION('',(0.,0.,1.));
#2548=DIRECTION('',(1.,0.,0.));
#2549=DIRECTION('',(0.,0.,-1.));
#2550=DIRECTION('',(0.,0.,1.));
#2551=DIRECTION('',(1.,0.,0.));
#2552=DIRECTION('',(1.,0.,0.));
#2553=DIRECTION('',(0.,0.,-1.));
#2554=DIRECTION('',(0.,-1.,0.));
#2555=DIRECTION('',(0.,0.,-1.));
#2556=DIRECTION('',(0.,-1.,0.));
#2557=DIRECTION('',(0.,0.,-1.));
#2558=DIRECTION('',(-1.,0.,0.));
#2559=DIRECTION('',(0.,0.,1.));
#2560=DIRECTION('',(1.,0.,0.));
#2561=DIRECTION('',(0.,0.,-1.));
#2562=DIRECTION('',(0.,0.,1.));
#2563=DIRECTION('',(1.,0.,0.));
#2564=DIRECTION('',(0.,-1.,0.));
#2565=DIRECTION('',(0.,0.,-1.));
#2566=DIRECTION('',(-1.,0.,0.));
#2567=DIRECTION('',(0.,0.,-1.));
#2568=DIRECTION('',(-1.,0.,0.));
#2569=DIRECTION('',(0.,0.,-1.));
#2570=DIRECTION('',(-1.,0.,0.));
#2571=DIRECTION('',(0.,0.,1.));
#2572=DIRECTION('',(1.,0.,0.));
#2573=DIRECTION('',(0.,0.,-1.));
#2574=DIRECTION('',(0.,0.,1.));
#2575=DIRECTION('',(1.,0.,0.));
#2576=DIRECTION('',(-1.,0.,0.));
#2577=DIRECTION('',(0.,0.,1.));
#2578=DIRECTION('',(0.,1.,0.));
#2579=DIRECTION('',(0.,0.,-1.));
#2580=DIRECTION('',(0.,1.,0.));
#2581=DIRECTION('',(0.,0.,-1.));
#2582=DIRECTION('',(-1.,0.,0.));
#2583=DIRECTION('',(0.,0.,1.));
#2584=DIRECTION('',(1.,0.,0.));
#2585=DIRECTION('',(0.,0.,-1.));
#2586=DIRECTION('',(0.,0.,1.));
#2587=DIRECTION('',(1.,0.,0.));
#2588=DIRECTION('',(0.,-1.,0.));
#2589=DIRECTION('',(0.,0.,-1.));
#2590=DIRECTION('',(-1.,0.,0.));
#2591=DIRECTION('',(0.,0.,-1.));
#2592=DIRECTION('',(-1.,0.,0.));
#2593=DIRECTION('',(0.,0.,-1.));
#2594=DIRECTION('',(-1.,0.,0.));
#2595=DIRECTION('',(0.,0.,1.));
#2596=DIRECTION('',(1.,0.,0.));
#2597=DIRECTION('',(0.,0.,-1.));
#2598=DIRECTION('',(0.,0.,1.));
#2599=DIRECTION('',(1.,0.,0.));
#2600=DIRECTION('',(-1.,0.,0.));
#2601=DIRECTION('',(0.,0.,1.));
#2602=DIRECTION('',(0.,1.,0.));
#2603=DIRECTION('',(0.,1.,0.));
#2604=DIRECTION('',(0.,1.,0.));
#2605=DIRECTION('',(0.,0.,1.));
#2606=DIRECTION('',(1.,0.,0.));
#2607=DIRECTION('',(1.,0.,0.));
#2608=DIRECTION('',(-1.91022543810247E-16,1.,0.));
#2609=DIRECTION('',(-1.,-1.91022543810247E-16,0.));
#2610=DIRECTION('',(1.,1.91022543810247E-16,0.));
#2611=DIRECTION('',(1.,1.91022543810247E-16,0.));
#2612=DIRECTION('',(-1.91022543810247E-16,1.,0.));
#2613=DIRECTION('',(-1.,-1.91022543810247E-16,0.));
#2614=DIRECTION('',(1.,1.91022543810247E-16,0.));
#2615=DIRECTION('',(1.,1.91022543810247E-16,0.));
#2616=DIRECTION('',(-1.91022543810247E-16,1.,0.));
#2617=DIRECTION('',(-1.,-1.91022543810247E-16,0.));
#2618=DIRECTION('',(1.,1.91022543810247E-16,0.));
#2619=DIRECTION('',(1.,1.91022543810247E-16,0.));
#2620=DIRECTION('',(0.,0.,-1.));
#2621=DIRECTION('',(-1.,0.,0.));
#2622=DIRECTION('',(0.,0.,1.));
#2623=DIRECTION('',(1.,0.,0.));
#2624=DIRECTION('',(0.,0.,1.));
#2625=DIRECTION('',(1.,0.,0.));
#2626=DIRECTION('',(-1.,0.,0.));
#2627=DIRECTION('',(0.,0.,1.));
#2628=DIRECTION('',(0.,1.,0.));
#2629=DIRECTION('',(0.,1.,0.));
#2630=DIRECTION('',(0.,0.,-1.));
#2631=DIRECTION('',(-1.,0.,0.));
#2632=DIRECTION('',(0.,0.,-1.));
#2633=DIRECTION('',(1.,0.,0.));
#2634=DIRECTION('',(0.,0.,-1.));
#2635=DIRECTION('',(1.,0.,0.));
#2636=DIRECTION('',(1.,0.,0.));
#2637=DIRECTION('',(0.,0.,-1.));
#2638=DIRECTION('',(0.,0.,-1.));
#2639=DIRECTION('',(0.,-1.,0.));
#2640=DIRECTION('',(0.,0.,-1.));
#2641=DIRECTION('',(0.,-1.,0.));
#2642=DIRECTION('',(0.,-1.,0.));
#2643=DIRECTION('',(0.,0.,-1.));
#2644=DIRECTION('',(0.,-1.,0.));
#2645=DIRECTION('',(7.67778470992902E-17,1.,0.));
#2646=DIRECTION('',(-1.,7.67778470992902E-17,0.));
#2647=DIRECTION('',(0.,0.,-1.));
#2648=DIRECTION('',(1.,-7.67778470992902E-17,0.));
#2649=DIRECTION('',(1.,-7.67778470992902E-17,0.));
#2650=DIRECTION('',(1.,-7.67778470992902E-17,0.));
#2651=DIRECTION('',(0.,0.,-1.));
#2652=DIRECTION('',(1.,-7.67778470992902E-17,0.));
#2653=DIRECTION('',(0.,1.,0.));
#2654=DIRECTION('',(0.,0.,1.));
#2655=DIRECTION('',(1.,0.,0.));
#2656=DIRECTION('',(0.,0.,-1.));
#2657=DIRECTION('',(1.,0.,0.));
#2658=DIRECTION('',(0.,0.,-1.));
#2659=DIRECTION('',(0.514495755427527,0.857492925712544,0.));
#2660=DIRECTION('',(-0.857492925712544,0.514495755427527,0.));
#2661=DIRECTION('',(0.857492925712544,-0.514495755427527,0.));
#2662=DIRECTION('',(0.857492925712544,-0.514495755427527,0.));
#2663=DIRECTION('',(-0.514495755427527,0.857492925712544,0.));
#2664=DIRECTION('',(-0.857492925712544,-0.514495755427527,0.));
#2665=DIRECTION('',(0.857492925712544,0.514495755427527,0.));
#2666=DIRECTION('',(0.857492925712544,0.514495755427527,0.));
#2667=DIRECTION('',(0.,0.,-1.));
#2668=DIRECTION('',(1.,0.,0.));
#2669=DIRECTION('',(1.,0.,0.));
#2670=DIRECTION('',(0.,0.,-1.));
#2671=DIRECTION('',(0.,-1.,0.));
#2672=DIRECTION('',(0.,0.,-1.));
#2673=DIRECTION('',(0.,-1.,0.));
#2674=DIRECTION('',(0.,0.,-1.));
#2675=DIRECTION('',(-0.857492925712544,0.514495755427527,0.));
#2676=DIRECTION('',(-0.514495755427527,-0.857492925712544,0.));
#2677=DIRECTION('',(0.514495755427527,0.857492925712544,0.));
#2678=DIRECTION('',(0.514495755427527,0.857492925712544,0.));
#2679=DIRECTION('',(0.857492925712544,0.514495755427527,0.));
#2680=DIRECTION('',(-0.514495755427527,0.857492925712544,0.));
#2681=DIRECTION('',(0.514495755427527,-0.857492925712544,0.));
#2682=DIRECTION('',(0.514495755427527,-0.857492925712544,0.));
#2683=DIRECTION('',(0.,0.,-1.));
#2684=DIRECTION('',(1.,0.,0.));
#2685=DIRECTION('',(-0.514495755427527,0.857492925712544,0.));
#2686=DIRECTION('',(-0.857492925712544,-0.514495755427527,0.));
#2687=DIRECTION('',(0.857492925712544,0.514495755427527,0.));
#2688=DIRECTION('',(0.,0.,-1.));
#2689=DIRECTION('',(0.857492925712544,0.514495755427527,0.));
#2690=DIRECTION('',(0.,1.,0.));
#2691=DIRECTION('',(0.,0.,1.));
#2692=DIRECTION('',(1.,0.,0.));
#2693=DIRECTION('',(0.,0.,-1.));
#2694=DIRECTION('',(1.,0.,0.));
#2695=DIRECTION('',(0.514495755427525,0.857492925712545,0.));
#2696=DIRECTION('',(-0.857492925712545,0.514495755427525,0.));
#2697=DIRECTION('',(0.857492925712545,-0.514495755427525,0.));
#2698=DIRECTION('',(0.857492925712545,-0.514495755427525,0.));
#2699=DIRECTION('',(0.,0.,-1.));
#2700=DIRECTION('',(1.,0.,0.));
#2701=DIRECTION('',(-0.857492925712544,-0.514495755427527,0.));
#2702=DIRECTION('',(0.514495755427527,-0.857492925712544,0.));
#2703=DIRECTION('',(-0.514495755427527,0.857492925712544,0.));
#2704=DIRECTION('',(0.,0.,-1.));
#2705=DIRECTION('',(-0.514495755427527,0.857492925712544,0.));
#2706=DIRECTION('',(1.,0.,0.));
#2707=DIRECTION('',(0.,0.,-1.));
#2708=DIRECTION('',(0.,-1.,0.));
#2709=DIRECTION('',(0.,0.,-1.));
#2710=DIRECTION('',(0.,-1.,0.));
#2711=DIRECTION('',(-0.857492925712544,0.514495755427527,0.));
#2712=DIRECTION('',(-0.514495755427527,-0.857492925712544,0.));
#2713=DIRECTION('',(0.514495755427527,0.857492925712544,0.));
#2714=DIRECTION('',(0.514495755427527,0.857492925712544,0.));
#2715=DIRECTION('',(0.,0.,-1.));
#2716=DIRECTION('',(1.,0.,0.));
#2717=DIRECTION('',(0.,0.,1.));
#2718=DIRECTION('',(1.,0.,0.));
#2719=DIRECTION('',(0.,-1.,0.));
#2720=DIRECTION('',(0.,0.,-1.));
#2721=DIRECTION('',(-1.,0.,0.));
#2722=DIRECTION('',(0.,0.,-1.));
#2723=DIRECTION('',(-1.,0.,0.));
#2724=DIRECTION('',(-1.,0.,0.));
#2725=DIRECTION('',(0.,0.,1.));
#2726=DIRECTION('',(0.,1.,0.));
#2727=DIRECTION('',(0.,0.,-1.));
#2728=DIRECTION('',(0.,1.,0.));
#2729=DIRECTION('',(0.,1.,0.));
#2730=DIRECTION('',(0.,0.,1.));
#2731=DIRECTION('',(1.,0.,0.));
#2732=DIRECTION('',(1.,0.,0.));
#2733=DIRECTION('',(0.,0.,-1.));
#2734=DIRECTION('',(1.,0.,0.));
#2735=DIRECTION('',(0.,0.,1.));
#2736=DIRECTION('',(1.,0.,0.));
#2737=CARTESIAN_POINT('',(0.,0.,0.));
#2738=CARTESIAN_POINT('',(0.18406875,-3.75000000000167E-5,0.002));
#2739=CARTESIAN_POINT('',(0.18406875,-3.75000000000167E-5,0.));
#2740=CARTESIAN_POINT('',(0.18406875,-0.0182875,0.));
#2741=CARTESIAN_POINT('',(0.18406875,-0.0673875,0.));
#2742=CARTESIAN_POINT('',(0.18406875,-0.0182875,0.0005));
#2743=CARTESIAN_POINT('',(0.18406875,-0.0182875,0.0005));
#2744=CARTESIAN_POINT('',(0.18406875,-3.75000000000167E-5,0.0005));
#2745=CARTESIAN_POINT('',(0.18406875,-0.0092875,0.0005));
#2746=CARTESIAN_POINT('',(0.18406875,-0.0092875,0.0005));
#2747=CARTESIAN_POINT('',(0.18406875,-0.0092875,0.));
#2748=CARTESIAN_POINT('',(0.18406875,-3.75000000000167E-5,0.));
#2749=CARTESIAN_POINT('',(0.18406875,0.0037125,0.));
#2750=CARTESIAN_POINT('',(0.18406875,0.0037125,0.0015));
#2751=CARTESIAN_POINT('',(0.18406875,0.0037125,0.0015));
#2752=CARTESIAN_POINT('',(0.18406875,-3.75000000000167E-5,0.0015));
#2753=CARTESIAN_POINT('',(0.18406875,0.0437125,0.0015));
#2754=CARTESIAN_POINT('',(0.18406875,0.0437125,0.0015));
#2755=CARTESIAN_POINT('',(0.18406875,0.0437125,0.));
#2756=CARTESIAN_POINT('',(0.18406875,-3.75000000000167E-5,0.));
#2757=CARTESIAN_POINT('',(0.18406875,0.0673875,0.));
#2758=CARTESIAN_POINT('',(0.18406875,0.0673875,0.002));
#2759=CARTESIAN_POINT('',(0.18406875,0.0673875,0.00325));
#2760=CARTESIAN_POINT('',(0.18406875,-3.75000000000167E-5,0.00325));
#2761=CARTESIAN_POINT('',(0.18406875,-0.0673875,0.00325));
#2762=CARTESIAN_POINT('',(0.18406875,-0.0673875,0.002));
#2763=CARTESIAN_POINT('',(0.00248625,0.0673875,0.002));
#2764=CARTESIAN_POINT('',(0.00248625,0.0673875,0.));
#2765=CARTESIAN_POINT('',(-0.17930625,0.0673875,0.));
#2766=CARTESIAN_POINT('',(-0.01761875,0.0673875,0.));
#2767=CARTESIAN_POINT('',(-0.17930625,0.0673875,0.002));
#2768=CARTESIAN_POINT('',(-0.17930625,0.0673875,0.00325));
#2769=CARTESIAN_POINT('',(0.00248625,0.0673875,0.00325));
#2770=CARTESIAN_POINT('',(0.00248625,0.0673875,0.));
#2771=CARTESIAN_POINT('',(0.02238125,0.0673875,0.));
#2772=CARTESIAN_POINT('',(0.02238125,0.0673875,0.0015));
#2773=CARTESIAN_POINT('',(0.02238125,0.0673875,0.0015));
#2774=CARTESIAN_POINT('',(0.00248625,0.0673875,0.0015));
#2775=CARTESIAN_POINT('',(-0.01761875,0.0673875,0.0015));
#2776=CARTESIAN_POINT('',(-0.01761875,0.0673875,0.0015));
#2777=CARTESIAN_POINT('',(0.17756875,-0.0052375,0.002));
#2778=CARTESIAN_POINT('',(0.17756875,-0.0052375,0.));
#2779=CARTESIAN_POINT('',(0.12146875,-0.0052375,0.));
#2780=CARTESIAN_POINT('',(0.17856875,-0.0052375,0.));
#2781=CARTESIAN_POINT('',(0.12146875,-0.0052375,0.002));
#2782=CARTESIAN_POINT('',(0.12146875,-0.0052375,0.00325));
#2783=CARTESIAN_POINT('',(0.17756875,-0.0052375,0.00325));
#2784=CARTESIAN_POINT('',(0.17856875,-0.0052375,0.00325));
#2785=CARTESIAN_POINT('',(0.17856875,-0.0052375,0.002));
#2786=CARTESIAN_POINT('',(0.12146875,-0.0047375,0.002));
#2787=CARTESIAN_POINT('',(0.12146875,-0.0047375,0.));
#2788=CARTESIAN_POINT('',(0.12096875,-0.0047375,0.));
#2789=CARTESIAN_POINT('',(0.12096875,-0.0047375,0.002));
#2790=CARTESIAN_POINT('',(0.12096875,-0.0047375,0.00325));
#2791=CARTESIAN_POINT('',(0.12146875,-0.0047375,0.00325));
#2792=CARTESIAN_POINT('',(0.12096875,-0.0032375,0.002));
#2793=CARTESIAN_POINT('',(0.12096875,-0.0032375,0.));
#2794=CARTESIAN_POINT('',(0.12096875,0.0333125,0.));
#2795=CARTESIAN_POINT('',(0.12096875,0.0333125,0.002));
#2796=CARTESIAN_POINT('',(0.12096875,0.0333125,0.00325));
#2797=CARTESIAN_POINT('',(0.12096875,-0.0032375,0.00325));
#2798=CARTESIAN_POINT('',(0.12146875,0.0333125,0.002));
#2799=CARTESIAN_POINT('',(0.12146875,0.0333125,0.));
#2800=CARTESIAN_POINT('',(0.12146875,0.0338125,0.));
#2801=CARTESIAN_POINT('',(0.12146875,0.0338125,0.002));
#2802=CARTESIAN_POINT('',(0.12146875,0.0338125,0.00325));
#2803=CARTESIAN_POINT('',(0.12146875,0.0333125,0.00325));
#2804=CARTESIAN_POINT('',(0.12296875,0.0338125,0.002));
#2805=CARTESIAN_POINT('',(0.12296875,0.0338125,0.));
#2806=CARTESIAN_POINT('',(0.17856875,0.0338125,0.));
#2807=CARTESIAN_POINT('',(0.17856875,0.0338125,0.002));
#2808=CARTESIAN_POINT('',(0.17856875,0.0338125,0.00325));
#2809=CARTESIAN_POINT('',(0.12296875,0.0338125,0.00325));
#2810=CARTESIAN_POINT('',(0.17856875,0.0333125,0.002));
#2811=CARTESIAN_POINT('',(0.17856875,0.0333125,0.));
#2812=CARTESIAN_POINT('',(0.17906875,0.0333125,0.));
#2813=CARTESIAN_POINT('',(0.17906875,0.0333125,0.002));
#2814=CARTESIAN_POINT('',(0.17906875,0.0333125,0.00325));
#2815=CARTESIAN_POINT('',(0.17856875,0.0333125,0.00325));
#2816=CARTESIAN_POINT('',(0.17906875,0.0318125,0.002));
#2817=CARTESIAN_POINT('',(0.17906875,0.0318125,0.));
#2818=CARTESIAN_POINT('',(0.17906875,-0.0047375,0.));
#2819=CARTESIAN_POINT('',(0.17906875,-0.0047375,0.002));
#2820=CARTESIAN_POINT('',(0.17906875,-0.0047375,0.00325));
#2821=CARTESIAN_POINT('',(0.17906875,0.0318125,0.00325));
#2822=CARTESIAN_POINT('',(-0.17380625,0.0333125,0.002));
#2823=CARTESIAN_POINT('',(-0.17430625,0.0333125,0.002));
#2824=CARTESIAN_POINT('',(-0.17430625,0.0333125,0.00325));
#2825=CARTESIAN_POINT('',(-0.17430625,0.0333125,0.));
#2826=CARTESIAN_POINT('',(-0.17380625,0.0333125,0.));
#2827=CARTESIAN_POINT('',(-0.17380625,0.0338125,0.));
#2828=CARTESIAN_POINT('',(-0.17380625,0.0338125,0.002));
#2829=CARTESIAN_POINT('',(-0.17380625,0.0338125,0.00325));
#2830=CARTESIAN_POINT('',(-0.17380625,0.0333125,0.00325));
#2831=CARTESIAN_POINT('',(-0.106543231707811,0.0338125,0.002));
#2832=CARTESIAN_POINT('',(-0.106543231707811,0.0338125,0.));
#2833=CARTESIAN_POINT('',(0.11189375,0.0338125,0.));
#2834=CARTESIAN_POINT('',(0.11189375,0.0338125,0.002));
#2835=CARTESIAN_POINT('',(0.11189375,0.0338125,0.00325));
#2836=CARTESIAN_POINT('',(-0.106543231707811,0.0338125,0.00325));
#2837=CARTESIAN_POINT('',(0.11189375,0.0333125,0.002));
#2838=CARTESIAN_POINT('',(0.11189375,0.0333125,0.));
#2839=CARTESIAN_POINT('',(0.11239375,0.0333125,0.));
#2840=CARTESIAN_POINT('',(0.11239375,0.0333125,0.002));
#2841=CARTESIAN_POINT('',(0.11239375,0.0333125,0.00325));
#2842=CARTESIAN_POINT('',(0.11189375,0.0333125,0.00325));
#2843=CARTESIAN_POINT('',(0.11239375,0.0157125,0.002));
#2844=CARTESIAN_POINT('',(0.11239375,0.0157125,0.));
#2845=CARTESIAN_POINT('',(0.11239375,-0.0618875,0.));
#2846=CARTESIAN_POINT('',(0.11239375,-0.0618875,0.002));
#2847=CARTESIAN_POINT('',(0.11239375,-0.0618875,0.00325));
#2848=CARTESIAN_POINT('',(0.11239375,0.0157125,0.00325));
#2849=CARTESIAN_POINT('',(0.11189375,-0.0618875,0.002));
#2850=CARTESIAN_POINT('',(0.11189375,-0.0618875,0.));
#2851=CARTESIAN_POINT('',(0.11189375,-0.0623875,0.));
#2852=CARTESIAN_POINT('',(0.11189375,-0.0623875,0.002));
#2853=CARTESIAN_POINT('',(0.11189375,-0.0623875,0.00325));
#2854=CARTESIAN_POINT('',(0.11189375,-0.0618875,0.00325));
#2855=CARTESIAN_POINT('',(0.06904375,-0.0623875,0.002));
#2856=CARTESIAN_POINT('',(0.06904375,-0.0623875,0.));
#2857=CARTESIAN_POINT('',(-0.17380625,-0.0623875,0.));
#2858=CARTESIAN_POINT('',(-0.17380625,-0.0623875,0.002));
#2859=CARTESIAN_POINT('',(-0.17380625,-0.0623875,0.00325));
#2860=CARTESIAN_POINT('',(0.06904375,-0.0623875,0.00325));
#2861=CARTESIAN_POINT('',(-0.17380625,-0.0618875,0.002));
#2862=CARTESIAN_POINT('',(-0.17380625,-0.0618875,0.));
#2863=CARTESIAN_POINT('',(-0.17430625,-0.0618875,0.));
#2864=CARTESIAN_POINT('',(-0.17430625,-0.0618875,0.002));
#2865=CARTESIAN_POINT('',(-0.17430625,-0.0618875,0.00325));
#2866=CARTESIAN_POINT('',(-0.17380625,-0.0618875,0.00325));
#2867=CARTESIAN_POINT('',(-0.17380625,0.0428875,0.002));
#2868=CARTESIAN_POINT('',(-0.17380625,0.0428875,0.));
#2869=CARTESIAN_POINT('',(-0.17430625,0.0428875,0.));
#2870=CARTESIAN_POINT('',(-0.17380625,0.0423875,0.));
#2871=CARTESIAN_POINT('',(-0.17430625,0.0428875,0.002));
#2872=CARTESIAN_POINT('',(-0.17430625,0.0428875,0.00325));
#2873=CARTESIAN_POINT('',(-0.17380625,0.0428875,0.00325));
#2874=CARTESIAN_POINT('',(-0.17380625,0.0423875,0.00325));
#2875=CARTESIAN_POINT('',(-0.17380625,0.0423875,0.002));
#2876=CARTESIAN_POINT('',(-0.17430625,0.0443875,0.002));
#2877=CARTESIAN_POINT('',(-0.17430625,0.0443875,0.));
#2878=CARTESIAN_POINT('',(-0.17430625,0.0618875,0.));
#2879=CARTESIAN_POINT('',(-0.17430625,0.0618875,0.002));
#2880=CARTESIAN_POINT('',(-0.17430625,0.0618875,0.00325));
#2881=CARTESIAN_POINT('',(-0.17430625,0.0443875,0.00325));
#2882=CARTESIAN_POINT('',(-0.17380625,0.0618875,0.002));
#2883=CARTESIAN_POINT('',(-0.17380625,0.0618875,0.));
#2884=CARTESIAN_POINT('',(-0.17380625,0.0623875,0.));
#2885=CARTESIAN_POINT('',(-0.17380625,0.0623875,0.002));
#2886=CARTESIAN_POINT('',(-0.17380625,0.0623875,0.00325));
#2887=CARTESIAN_POINT('',(-0.17380625,0.0618875,0.00325));
#2888=CARTESIAN_POINT('',(-0.16580625,0.0623875,0.002));
#2889=CARTESIAN_POINT('',(-0.16580625,0.0623875,0.));
#2890=CARTESIAN_POINT('',(-0.15480625,0.0623875,0.));
#2891=CARTESIAN_POINT('',(-0.15480625,0.0623875,0.002));
#2892=CARTESIAN_POINT('',(-0.15480625,0.0623875,0.00325));
#2893=CARTESIAN_POINT('',(-0.16580625,0.0623875,0.00325));
#2894=CARTESIAN_POINT('',(-0.15480625,0.0618875,0.002));
#2895=CARTESIAN_POINT('',(-0.15480625,0.0618875,0.));
#2896=CARTESIAN_POINT('',(-0.15430625,0.0618875,0.));
#2897=CARTESIAN_POINT('',(-0.15430625,0.0618875,0.002));
#2898=CARTESIAN_POINT('',(-0.15430625,0.0618875,0.00325));
#2899=CARTESIAN_POINT('',(-0.15480625,0.0618875,0.00325));
#2900=CARTESIAN_POINT('',(-0.15430625,0.0603875,0.002));
#2901=CARTESIAN_POINT('',(-0.15430625,0.0603875,0.));
#2902=CARTESIAN_POINT('',(-0.15430625,0.0428875,0.));
#2903=CARTESIAN_POINT('',(-0.15430625,0.0428875,0.002));
#2904=CARTESIAN_POINT('',(-0.15430625,0.0428875,0.00325));
#2905=CARTESIAN_POINT('',(-0.15430625,0.0603875,0.00325));
#2906=CARTESIAN_POINT('',(-0.15480625,0.0428875,0.002));
#2907=CARTESIAN_POINT('',(-0.15480625,0.0428875,0.));
#2908=CARTESIAN_POINT('',(-0.15480625,0.0423875,0.));
#2909=CARTESIAN_POINT('',(-0.15480625,0.0423875,0.002));
#2910=CARTESIAN_POINT('',(-0.15480625,0.0423875,0.00325));
#2911=CARTESIAN_POINT('',(-0.15480625,0.0428875,0.00325));
#2912=CARTESIAN_POINT('',(0.03574375,0.0428875,0.002));
#2913=CARTESIAN_POINT('',(0.03574375,0.0428875,0.));
#2914=CARTESIAN_POINT('',(0.03524375,0.0428875,0.));
#2915=CARTESIAN_POINT('',(0.03574375,0.0423875,0.));
#2916=CARTESIAN_POINT('',(0.03524375,0.0428875,0.002));
#2917=CARTESIAN_POINT('',(0.03524375,0.0428875,0.00325));
#2918=CARTESIAN_POINT('',(0.03574375,0.0428875,0.00325));
#2919=CARTESIAN_POINT('',(0.03574375,0.0423875,0.00325));
#2920=CARTESIAN_POINT('',(0.03574375,0.0423875,0.002));
#2921=CARTESIAN_POINT('',(0.03524375,0.0443875,0.002));
#2922=CARTESIAN_POINT('',(0.03524375,0.0443875,0.));
#2923=CARTESIAN_POINT('',(0.03524375,0.0618875,0.));
#2924=CARTESIAN_POINT('',(0.03524375,0.0618875,0.002));
#2925=CARTESIAN_POINT('',(0.03524375,0.0618875,0.00325));
#2926=CARTESIAN_POINT('',(0.03524375,0.0443875,0.00325));
#2927=CARTESIAN_POINT('',(0.03574375,0.0618875,0.002));
#2928=CARTESIAN_POINT('',(0.03574375,0.0618875,0.));
#2929=CARTESIAN_POINT('',(0.03574375,0.0623875,0.));
#2930=CARTESIAN_POINT('',(0.03574375,0.0623875,0.002));
#2931=CARTESIAN_POINT('',(0.03574375,0.0623875,0.00325));
#2932=CARTESIAN_POINT('',(0.03574375,0.0618875,0.00325));
#2933=CARTESIAN_POINT('',(0.07131875,0.0623875,0.002));
#2934=CARTESIAN_POINT('',(0.07131875,0.0623875,0.));
#2935=CARTESIAN_POINT('',(0.11189375,0.0623875,0.));
#2936=CARTESIAN_POINT('',(0.11189375,0.0623875,0.002));
#2937=CARTESIAN_POINT('',(0.11189375,0.0623875,0.00325));
#2938=CARTESIAN_POINT('',(0.07131875,0.0623875,0.00325));
#2939=CARTESIAN_POINT('',(0.11189375,0.0618875,0.002));
#2940=CARTESIAN_POINT('',(0.11189375,0.0618875,0.));
#2941=CARTESIAN_POINT('',(0.11239375,0.0618875,0.));
#2942=CARTESIAN_POINT('',(0.11239375,0.0618875,0.002));
#2943=CARTESIAN_POINT('',(0.11239375,0.0618875,0.00325));
#2944=CARTESIAN_POINT('',(0.11189375,0.0618875,0.00325));
#2945=CARTESIAN_POINT('',(0.11239375,0.0603875,0.002));
#2946=CARTESIAN_POINT('',(0.11239375,0.0603875,0.));
#2947=CARTESIAN_POINT('',(0.11239375,0.0428875,0.));
#2948=CARTESIAN_POINT('',(0.11239375,0.0428875,0.002));
#2949=CARTESIAN_POINT('',(0.11239375,0.0428875,0.00325));
#2950=CARTESIAN_POINT('',(0.11239375,0.0603875,0.00325));
#2951=CARTESIAN_POINT('',(0.11189375,0.0428875,0.002));
#2952=CARTESIAN_POINT('',(0.11189375,0.0428875,0.));
#2953=CARTESIAN_POINT('',(0.11189375,0.0423875,0.));
#2954=CARTESIAN_POINT('',(0.11189375,0.0423875,0.002));
#2955=CARTESIAN_POINT('',(0.11189375,0.0423875,0.00325));
#2956=CARTESIAN_POINT('',(0.11189375,0.0428875,0.00325));
#2957=CARTESIAN_POINT('',(-0.04998125,0.0428875,0.002));
#2958=CARTESIAN_POINT('',(-0.04998125,0.0428875,0.));
#2959=CARTESIAN_POINT('',(-0.05048125,0.0428875,0.));
#2960=CARTESIAN_POINT('',(-0.04998125,0.0423875,0.));
#2961=CARTESIAN_POINT('',(-0.05048125,0.0428875,0.002));
#2962=CARTESIAN_POINT('',(-0.05048125,0.0428875,0.00325));
#2963=CARTESIAN_POINT('',(-0.04998125,0.0428875,0.00325));
#2964=CARTESIAN_POINT('',(-0.04998125,0.0423875,0.00325));
#2965=CARTESIAN_POINT('',(-0.04998125,0.0423875,0.002));
#2966=CARTESIAN_POINT('',(-0.05048125,0.0443875,0.002));
#2967=CARTESIAN_POINT('',(-0.05048125,0.0443875,0.));
#2968=CARTESIAN_POINT('',(-0.05048125,0.0618875,0.));
#2969=CARTESIAN_POINT('',(-0.05048125,0.0618875,0.002));
#2970=CARTESIAN_POINT('',(-0.05048125,0.0618875,0.00325));
#2971=CARTESIAN_POINT('',(-0.05048125,0.0443875,0.00325));
#2972=CARTESIAN_POINT('',(-0.04998125,0.0618875,0.002));
#2973=CARTESIAN_POINT('',(-0.04998125,0.0618875,0.));
#2974=CARTESIAN_POINT('',(-0.04998125,0.0623875,0.));
#2975=CARTESIAN_POINT('',(-0.04998125,0.0623875,0.002));
#2976=CARTESIAN_POINT('',(-0.04998125,0.0623875,0.00325));
#2977=CARTESIAN_POINT('',(-0.04998125,0.0618875,0.00325));
#2978=CARTESIAN_POINT('',(-0.01440625,0.0623875,0.002));
#2979=CARTESIAN_POINT('',(-0.01440625,0.0623875,0.));
#2980=CARTESIAN_POINT('',(0.02616875,0.0623875,0.));
#2981=CARTESIAN_POINT('',(0.02616875,0.0623875,0.002));
#2982=CARTESIAN_POINT('',(0.02616875,0.0623875,0.00325));
#2983=CARTESIAN_POINT('',(-0.01440625,0.0623875,0.00325));
#2984=CARTESIAN_POINT('',(0.02616875,0.0618875,0.002));
#2985=CARTESIAN_POINT('',(0.02616875,0.0618875,0.));
#2986=CARTESIAN_POINT('',(0.02666875,0.0618875,0.));
#2987=CARTESIAN_POINT('',(0.02666875,0.0618875,0.002));
#2988=CARTESIAN_POINT('',(0.02666875,0.0618875,0.00325));
#2989=CARTESIAN_POINT('',(0.02616875,0.0618875,0.00325));
#2990=CARTESIAN_POINT('',(0.02666875,0.0603875,0.002));
#2991=CARTESIAN_POINT('',(0.02666875,0.0603875,0.));
#2992=CARTESIAN_POINT('',(0.02666875,0.0428875,0.));
#2993=CARTESIAN_POINT('',(0.02666875,0.0428875,0.002));
#2994=CARTESIAN_POINT('',(0.02666875,0.0428875,0.00325));
#2995=CARTESIAN_POINT('',(0.02666875,0.0603875,0.00325));
#2996=CARTESIAN_POINT('',(0.02616875,0.0428875,0.002));
#2997=CARTESIAN_POINT('',(0.02616875,0.0428875,0.));
#2998=CARTESIAN_POINT('',(0.02616875,0.0423875,0.));
#2999=CARTESIAN_POINT('',(0.02616875,0.0423875,0.002));
#3000=CARTESIAN_POINT('',(0.02616875,0.0423875,0.00325));
#3001=CARTESIAN_POINT('',(0.02616875,0.0428875,0.00325));
#3002=CARTESIAN_POINT('',(-0.13570625,0.0428875,0.002));
#3003=CARTESIAN_POINT('',(-0.13570625,0.0428875,0.));
#3004=CARTESIAN_POINT('',(-0.13620625,0.0428875,0.));
#3005=CARTESIAN_POINT('',(-0.13570625,0.0423875,0.));
#3006=CARTESIAN_POINT('',(-0.13620625,0.0428875,0.002));
#3007=CARTESIAN_POINT('',(-0.13620625,0.0428875,0.00325));
#3008=CARTESIAN_POINT('',(-0.13570625,0.0428875,0.00325));
#3009=CARTESIAN_POINT('',(-0.13570625,0.0423875,0.00325));
#3010=CARTESIAN_POINT('',(-0.13570625,0.0423875,0.002));
#3011=CARTESIAN_POINT('',(-0.13620625,0.0443875,0.002));
#3012=CARTESIAN_POINT('',(-0.13620625,0.0443875,0.));
#3013=CARTESIAN_POINT('',(-0.13620625,0.0618875,0.));
#3014=CARTESIAN_POINT('',(-0.13620625,0.0618875,0.002));
#3015=CARTESIAN_POINT('',(-0.13620625,0.0618875,0.00325));
#3016=CARTESIAN_POINT('',(-0.13620625,0.0443875,0.00325));
#3017=CARTESIAN_POINT('',(-0.13570625,0.0618875,0.002));
#3018=CARTESIAN_POINT('',(-0.13570625,0.0618875,0.));
#3019=CARTESIAN_POINT('',(-0.13570625,0.0623875,0.));
#3020=CARTESIAN_POINT('',(-0.13570625,0.0623875,0.002));
#3021=CARTESIAN_POINT('',(-0.13570625,0.0623875,0.00325));
#3022=CARTESIAN_POINT('',(-0.13570625,0.0618875,0.00325));
#3023=CARTESIAN_POINT('',(-0.10013125,0.0623875,0.002));
#3024=CARTESIAN_POINT('',(-0.10013125,0.0623875,0.));
#3025=CARTESIAN_POINT('',(-0.05955625,0.0623875,0.));
#3026=CARTESIAN_POINT('',(-0.05955625,0.0623875,0.002));
#3027=CARTESIAN_POINT('',(-0.05955625,0.0623875,0.00325));
#3028=CARTESIAN_POINT('',(-0.10013125,0.0623875,0.00325));
#3029=CARTESIAN_POINT('',(-0.05955625,0.0618875,0.002));
#3030=CARTESIAN_POINT('',(-0.05955625,0.0618875,0.));
#3031=CARTESIAN_POINT('',(-0.05905625,0.0618875,0.));
#3032=CARTESIAN_POINT('',(-0.05905625,0.0618875,0.002));
#3033=CARTESIAN_POINT('',(-0.05905625,0.0618875,0.00325));
#3034=CARTESIAN_POINT('',(-0.05955625,0.0618875,0.00325));
#3035=CARTESIAN_POINT('',(-0.05905625,0.0603875,0.002));
#3036=CARTESIAN_POINT('',(-0.05905625,0.0603875,0.));
#3037=CARTESIAN_POINT('',(-0.05905625,0.0428875,0.));
#3038=CARTESIAN_POINT('',(-0.05905625,0.0428875,0.002));
#3039=CARTESIAN_POINT('',(-0.05905625,0.0428875,0.00325));
#3040=CARTESIAN_POINT('',(-0.05905625,0.0603875,0.00325));
#3041=CARTESIAN_POINT('',(-0.05955625,0.0428875,0.002));
#3042=CARTESIAN_POINT('',(-0.05955625,0.0428875,0.));
#3043=CARTESIAN_POINT('',(-0.05955625,0.0423875,0.));
#3044=CARTESIAN_POINT('',(-0.05955625,0.0423875,0.002));
#3045=CARTESIAN_POINT('',(-0.05955625,0.0423875,0.00325));
#3046=CARTESIAN_POINT('',(-0.05955625,0.0428875,0.00325));
#3047=CARTESIAN_POINT('',(0.17906875,0.0598875,0.002));
#3048=CARTESIAN_POINT('',(0.17906875,0.0598875,0.));
#3049=CARTESIAN_POINT('',(0.17906875,0.0428875,0.));
#3050=CARTESIAN_POINT('',(0.17906875,0.0618875,0.));
#3051=CARTESIAN_POINT('',(0.17906875,0.0428875,0.002));
#3052=CARTESIAN_POINT('',(0.17906875,0.0428875,0.00325));
#3053=CARTESIAN_POINT('',(0.17906875,0.0598875,0.00325));
#3054=CARTESIAN_POINT('',(0.17906875,0.0618875,0.00325));
#3055=CARTESIAN_POINT('',(0.17906875,0.0618875,0.002));
#3056=CARTESIAN_POINT('',(0.17856875,0.0428875,0.002));
#3057=CARTESIAN_POINT('',(0.17856875,0.0428875,0.));
#3058=CARTESIAN_POINT('',(0.17856875,0.0423875,0.));
#3059=CARTESIAN_POINT('',(0.17856875,0.0423875,0.002));
#3060=CARTESIAN_POINT('',(0.17856875,0.0423875,0.00325));
#3061=CARTESIAN_POINT('',(0.17856875,0.0428875,0.00325));
#3062=CARTESIAN_POINT('',(0.17706875,0.0423875,0.002));
#3063=CARTESIAN_POINT('',(0.17706875,0.0423875,0.));
#3064=CARTESIAN_POINT('',(0.12146875,0.0423875,0.));
#3065=CARTESIAN_POINT('',(0.12146875,0.0423875,0.002));
#3066=CARTESIAN_POINT('',(0.12146875,0.0423875,0.00325));
#3067=CARTESIAN_POINT('',(0.17706875,0.0423875,0.00325));
#3068=CARTESIAN_POINT('',(0.12146875,0.0428875,0.002));
#3069=CARTESIAN_POINT('',(0.12146875,0.0428875,0.));
#3070=CARTESIAN_POINT('',(0.12096875,0.0428875,0.));
#3071=CARTESIAN_POINT('',(0.12096875,0.0428875,0.002));
#3072=CARTESIAN_POINT('',(0.12096875,0.0428875,0.00325));
#3073=CARTESIAN_POINT('',(0.12146875,0.0428875,0.00325));
#3074=CARTESIAN_POINT('',(0.12096875,0.0443875,0.002));
#3075=CARTESIAN_POINT('',(0.12096875,0.0443875,0.));
#3076=CARTESIAN_POINT('',(0.12096875,0.0618875,0.));
#3077=CARTESIAN_POINT('',(0.12096875,0.0618875,0.002));
#3078=CARTESIAN_POINT('',(0.12096875,0.0618875,0.00325));
#3079=CARTESIAN_POINT('',(0.12096875,0.0443875,0.00325));
#3080=CARTESIAN_POINT('',(0.12146875,0.0618875,0.002));
#3081=CARTESIAN_POINT('',(0.12146875,0.0618875,0.));
#3082=CARTESIAN_POINT('',(0.12146875,0.0623875,0.));
#3083=CARTESIAN_POINT('',(0.12146875,0.0623875,0.002));
#3084=CARTESIAN_POINT('',(0.12146875,0.0623875,0.00325));
#3085=CARTESIAN_POINT('',(0.12146875,0.0618875,0.00325));
#3086=CARTESIAN_POINT('',(0.12251875,0.0623875,0.002));
#3087=CARTESIAN_POINT('',(0.12251875,0.0623875,0.));
#3088=CARTESIAN_POINT('',(0.17856875,0.0623875,0.));
#3089=CARTESIAN_POINT('',(0.17856875,0.0623875,0.002));
#3090=CARTESIAN_POINT('',(0.17856875,0.0623875,0.00325));
#3091=CARTESIAN_POINT('',(0.12251875,0.0623875,0.00325));
#3092=CARTESIAN_POINT('',(0.17856875,-0.0618875,0.002));
#3093=CARTESIAN_POINT('',(0.17856875,-0.0618875,0.));
#3094=CARTESIAN_POINT('',(0.17856875,-0.0623875,0.));
#3095=CARTESIAN_POINT('',(0.17906875,-0.0618875,0.));
#3096=CARTESIAN_POINT('',(0.17856875,-0.0623875,0.002));
#3097=CARTESIAN_POINT('',(0.17856875,-0.0623875,0.00325));
#3098=CARTESIAN_POINT('',(0.17856875,-0.0618875,0.00325));
#3099=CARTESIAN_POINT('',(0.17906875,-0.0618875,0.00325));
#3100=CARTESIAN_POINT('',(0.17906875,-0.0618875,0.002));
#3101=CARTESIAN_POINT('',(0.17706875,-0.0623875,0.002));
#3102=CARTESIAN_POINT('',(0.17706875,-0.0623875,0.));
#3103=CARTESIAN_POINT('',(0.12146875,-0.0623875,0.));
#3104=CARTESIAN_POINT('',(0.12146875,-0.0623875,0.002));
#3105=CARTESIAN_POINT('',(0.12146875,-0.0623875,0.00325));
#3106=CARTESIAN_POINT('',(0.17706875,-0.0623875,0.00325));
#3107=CARTESIAN_POINT('',(0.12146875,-0.0618875,0.002));
#3108=CARTESIAN_POINT('',(0.12146875,-0.0618875,0.));
#3109=CARTESIAN_POINT('',(0.12096875,-0.0618875,0.));
#3110=CARTESIAN_POINT('',(0.12096875,-0.0618875,0.002));
#3111=CARTESIAN_POINT('',(0.12096875,-0.0618875,0.00325));
#3112=CARTESIAN_POINT('',(0.12146875,-0.0618875,0.00325));
#3113=CARTESIAN_POINT('',(0.12096875,-0.0603875,0.002));
#3114=CARTESIAN_POINT('',(0.12096875,-0.0603875,0.));
#3115=CARTESIAN_POINT('',(0.12096875,-0.0428875,0.));
#3116=CARTESIAN_POINT('',(0.12096875,-0.0428875,0.002));
#3117=CARTESIAN_POINT('',(0.12096875,-0.0428875,0.00325));
#3118=CARTESIAN_POINT('',(0.12096875,-0.0603875,0.00325));
#3119=CARTESIAN_POINT('',(0.12146875,-0.0428875,0.002));
#3120=CARTESIAN_POINT('',(0.12146875,-0.0428875,0.));
#3121=CARTESIAN_POINT('',(0.12146875,-0.0423875,0.));
#3122=CARTESIAN_POINT('',(0.12146875,-0.0423875,0.002));
#3123=CARTESIAN_POINT('',(0.12146875,-0.0423875,0.00325));
#3124=CARTESIAN_POINT('',(0.12146875,-0.0428875,0.00325));
#3125=CARTESIAN_POINT('',(0.12296875,-0.0423875,0.002));
#3126=CARTESIAN_POINT('',(0.12296875,-0.0423875,0.));
#3127=CARTESIAN_POINT('',(0.13951875,-0.0423875,0.));
#3128=CARTESIAN_POINT('',(0.13951875,-0.0423875,0.002));
#3129=CARTESIAN_POINT('',(0.13951875,-0.0423875,0.00325));
#3130=CARTESIAN_POINT('',(0.12296875,-0.0423875,0.00325));
#3131=CARTESIAN_POINT('',(0.13951875,-0.0418875,0.002));
#3132=CARTESIAN_POINT('',(0.13951875,-0.0418875,0.));
#3133=CARTESIAN_POINT('',(0.14001875,-0.0418875,0.));
#3134=CARTESIAN_POINT('',(0.14001875,-0.0418875,0.002));
#3135=CARTESIAN_POINT('',(0.14001875,-0.0418875,0.00325));
#3136=CARTESIAN_POINT('',(0.13951875,-0.0418875,0.00325));
#3137=CARTESIAN_POINT('',(0.14001875,-0.0413625,0.002));
#3138=CARTESIAN_POINT('',(0.14001875,-0.0413625,0.));
#3139=CARTESIAN_POINT('',(0.14001875,-0.0238375,0.));
#3140=CARTESIAN_POINT('',(0.14001875,-0.0238375,0.002));
#3141=CARTESIAN_POINT('',(0.14001875,-0.0238375,0.00325));
#3142=CARTESIAN_POINT('',(0.14001875,-0.0413625,0.00325));
#3143=CARTESIAN_POINT('',(0.14051875,-0.0238375,0.002));
#3144=CARTESIAN_POINT('',(0.14051875,-0.0238375,0.));
#3145=CARTESIAN_POINT('',(0.14051875,-0.0233375,0.));
#3146=CARTESIAN_POINT('',(0.14051875,-0.0233375,0.002));
#3147=CARTESIAN_POINT('',(0.14051875,-0.0233375,0.00325));
#3148=CARTESIAN_POINT('',(0.14051875,-0.0238375,0.00325));
#3149=CARTESIAN_POINT('',(0.14201875,-0.0233375,0.002));
#3150=CARTESIAN_POINT('',(0.14201875,-0.0233375,0.));
#3151=CARTESIAN_POINT('',(0.15951875,-0.0233375,0.));
#3152=CARTESIAN_POINT('',(0.15951875,-0.0233375,0.002));
#3153=CARTESIAN_POINT('',(0.15951875,-0.0233375,0.00325));
#3154=CARTESIAN_POINT('',(0.14201875,-0.0233375,0.00325));
#3155=CARTESIAN_POINT('',(0.15951875,-0.0238375,0.002));
#3156=CARTESIAN_POINT('',(0.15951875,-0.0238375,0.));
#3157=CARTESIAN_POINT('',(0.16001875,-0.0238375,0.));
#3158=CARTESIAN_POINT('',(0.16001875,-0.0238375,0.002));
#3159=CARTESIAN_POINT('',(0.16001875,-0.0238375,0.00325));
#3160=CARTESIAN_POINT('',(0.15951875,-0.0238375,0.00325));
#3161=CARTESIAN_POINT('',(0.16001875,-0.0253375,0.002));
#3162=CARTESIAN_POINT('',(0.16001875,-0.0253375,0.));
#3163=CARTESIAN_POINT('',(0.16001875,-0.0418875,0.));
#3164=CARTESIAN_POINT('',(0.16001875,-0.0418875,0.002));
#3165=CARTESIAN_POINT('',(0.16001875,-0.0418875,0.00325));
#3166=CARTESIAN_POINT('',(0.16001875,-0.0253375,0.00325));
#3167=CARTESIAN_POINT('',(0.16051875,-0.0418875,0.002));
#3168=CARTESIAN_POINT('',(0.16051875,-0.0418875,0.));
#3169=CARTESIAN_POINT('',(0.16051875,-0.0423875,0.));
#3170=CARTESIAN_POINT('',(0.16051875,-0.0423875,0.002));
#3171=CARTESIAN_POINT('',(0.16051875,-0.0423875,0.00325));
#3172=CARTESIAN_POINT('',(0.16051875,-0.0418875,0.00325));
#3173=CARTESIAN_POINT('',(0.16101875,-0.0423875,0.002));
#3174=CARTESIAN_POINT('',(0.16101875,-0.0423875,0.));
#3175=CARTESIAN_POINT('',(0.17856875,-0.0423875,0.));
#3176=CARTESIAN_POINT('',(0.17856875,-0.0423875,0.002));
#3177=CARTESIAN_POINT('',(0.17856875,-0.0423875,0.00325));
#3178=CARTESIAN_POINT('',(0.16101875,-0.0423875,0.00325));
#3179=CARTESIAN_POINT('',(0.17856875,-0.0428875,0.002));
#3180=CARTESIAN_POINT('',(0.17856875,-0.0428875,0.));
#3181=CARTESIAN_POINT('',(0.17906875,-0.0428875,0.));
#3182=CARTESIAN_POINT('',(0.17906875,-0.0428875,0.002));
#3183=CARTESIAN_POINT('',(0.17906875,-0.0428875,0.00325));
#3184=CARTESIAN_POINT('',(0.17856875,-0.0428875,0.00325));
#3185=CARTESIAN_POINT('',(-0.17430625,-0.0442875,0.002));
#3186=CARTESIAN_POINT('',(-0.17430625,-0.0442875,0.));
#3187=CARTESIAN_POINT('',(-0.17430625,-0.0442875,0.00325));
#3188=CARTESIAN_POINT('',(-0.16280625,0.0423875,0.002));
#3189=CARTESIAN_POINT('',(-0.16280625,0.0423875,0.));
#3190=CARTESIAN_POINT('',(-0.16280625,0.0423875,0.00325));
#3191=CARTESIAN_POINT('',(0.07556875,0.0423875,0.002));
#3192=CARTESIAN_POINT('',(0.07556875,0.0423875,0.));
#3193=CARTESIAN_POINT('',(0.07556875,0.0423875,0.00325));
#3194=CARTESIAN_POINT('',(-0.01015625,0.0423875,0.002));
#3195=CARTESIAN_POINT('',(-0.01015625,0.0423875,0.));
#3196=CARTESIAN_POINT('',(-0.01015625,0.0423875,0.00325));
#3197=CARTESIAN_POINT('',(-0.09588125,0.0423875,0.002));
#3198=CARTESIAN_POINT('',(-0.09588125,0.0423875,0.));
#3199=CARTESIAN_POINT('',(-0.09588125,0.0423875,0.00325));
#3200=CARTESIAN_POINT('',(0.17856875,0.0618875,0.002));
#3201=CARTESIAN_POINT('',(0.17856875,0.0618875,0.));
#3202=CARTESIAN_POINT('',(0.17856875,0.0618875,0.00325));
#3203=CARTESIAN_POINT('',(0.17906875,-0.0443875,0.002));
#3204=CARTESIAN_POINT('',(0.17906875,-0.0443875,0.));
#3205=CARTESIAN_POINT('',(0.17906875,-0.0443875,0.00325));
#3206=CARTESIAN_POINT('',(0.17856875,-0.0047375,0.002));
#3207=CARTESIAN_POINT('',(0.17856875,-0.0047375,0.));
#3208=CARTESIAN_POINT('',(0.17856875,-0.0047375,0.00325));
#3209=CARTESIAN_POINT('',(-0.17930625,-3.75000000000167E-5,0.002));
#3210=CARTESIAN_POINT('',(-0.17930625,-0.0200747,0.0015));
#3211=CARTESIAN_POINT('',(-0.17930625,-0.0200747,0.0015));
#3212=CARTESIAN_POINT('',(-0.17930625,-0.0200747,0.));
#3213=CARTESIAN_POINT('',(-0.17930625,-3.75000000000167E-5,0.));
#3214=CARTESIAN_POINT('',(-0.17930625,-0.0673875,0.));
#3215=CARTESIAN_POINT('',(-0.17930625,-0.0673875,0.002));
#3216=CARTESIAN_POINT('',(-0.17930625,-0.0673875,0.00325));
#3217=CARTESIAN_POINT('',(-0.17930625,-3.75000000000167E-5,0.00325));
#3218=CARTESIAN_POINT('',(-0.17930625,-3.75000000000167E-5,0.));
#3219=CARTESIAN_POINT('',(-0.17930625,0.0199253,0.));
#3220=CARTESIAN_POINT('',(-0.17930625,0.0199253,0.0015));
#3221=CARTESIAN_POINT('',(-0.17930625,0.0199253,0.0015));
#3222=CARTESIAN_POINT('',(-0.17930625,-3.75000000000167E-5,0.0015));
#3223=CARTESIAN_POINT('',(0.00248625000000003,-0.0673875,0.002));
#3224=CARTESIAN_POINT('',(0.02246625,-0.0673875,0.0015));
#3225=CARTESIAN_POINT('',(0.02246625,-0.0673875,0.0015));
#3226=CARTESIAN_POINT('',(0.02246625,-0.0673875,0.));
#3227=CARTESIAN_POINT('',(0.00248625000000003,-0.0673875,0.));
#3228=CARTESIAN_POINT('',(0.00248625000000003,-0.0673875,0.00325));
#3229=CARTESIAN_POINT('',(0.00248625000000003,-0.0673875,0.));
#3230=CARTESIAN_POINT('',(-0.01753375,-0.0673875,0.));
#3231=CARTESIAN_POINT('',(-0.01753375,-0.0673875,0.0015));
#3232=CARTESIAN_POINT('',(-0.01753375,-0.0673875,0.0015));
#3233=CARTESIAN_POINT('',(0.00248625000000003,-0.0673875,0.0015));
#3234=CARTESIAN_POINT('',(0.00988125,0.0643875,0.0015));
#3235=CARTESIAN_POINT('',(0.00988125,0.0643875,0.));
#3236=CARTESIAN_POINT('',(-0.01261875,0.0643875,0.));
#3237=CARTESIAN_POINT('',(0.01738125,0.0643875,0.));
#3238=CARTESIAN_POINT('',(-0.01261875,0.0643875,0.0015));
#3239=CARTESIAN_POINT('',(-0.01261875,0.0643875,0.0015));
#3240=CARTESIAN_POINT('',(0.00988125,0.0643875,0.0015));
#3241=CARTESIAN_POINT('',(0.01738125,0.0643875,0.0015));
#3242=CARTESIAN_POINT('',(0.01738125,0.0643875,0.0015));
#3243=CARTESIAN_POINT('',(-0.01511875,0.0658875,0.0015));
#3244=CARTESIAN_POINT('',(-0.01511875,0.0658875,0.));
#3245=CARTESIAN_POINT('',(-0.01511875,0.0658875,0.0015));
#3246=CARTESIAN_POINT('',(0.01988125,0.0658875,0.0015));
#3247=CARTESIAN_POINT('',(0.01988125,0.0658875,0.));
#3248=CARTESIAN_POINT('',(0.01988125,0.0658875,0.0015));
#3249=CARTESIAN_POINT('',(0.00238125000000003,-2.77555756156289E-17,0.0015));
#3250=CARTESIAN_POINT('',(0.18106875,0.0162125,0.0015));
#3251=CARTESIAN_POINT('',(0.18106875,0.0162125,0.));
#3252=CARTESIAN_POINT('',(0.18106875,0.0387125,0.));
#3253=CARTESIAN_POINT('',(0.18106875,0.0087125,0.));
#3254=CARTESIAN_POINT('',(0.18106875,0.0387125,0.0015));
#3255=CARTESIAN_POINT('',(0.18106875,0.0387125,0.0015));
#3256=CARTESIAN_POINT('',(0.18106875,0.0162125,0.0015));
#3257=CARTESIAN_POINT('',(0.18106875,0.0087125,0.0015));
#3258=CARTESIAN_POINT('',(0.18106875,0.0087125,0.0015));
#3259=CARTESIAN_POINT('',(0.18256875,0.0412125,0.0015));
#3260=CARTESIAN_POINT('',(0.18256875,0.0412125,0.));
#3261=CARTESIAN_POINT('',(0.18256875,0.0412125,0.0015));
#3262=CARTESIAN_POINT('',(0.18256875,0.0062125,0.0015));
#3263=CARTESIAN_POINT('',(0.18256875,0.0062125,0.));
#3264=CARTESIAN_POINT('',(0.18256875,0.0062125,0.0015));
#3265=CARTESIAN_POINT('',(0.00238125000000003,-2.77555756156289E-17,0.0015));
#3266=CARTESIAN_POINT('',(-0.01503375,-0.0658875,0.0015));
#3267=CARTESIAN_POINT('',(-0.01503375,-0.0658875,0.));
#3268=CARTESIAN_POINT('',(-0.01253375,-0.0643875,0.));
#3269=CARTESIAN_POINT('',(-0.01253375,-0.0643875,0.0015));
#3270=CARTESIAN_POINT('',(-0.01253375,-0.0643875,0.0015));
#3271=CARTESIAN_POINT('',(-0.01503375,-0.0658875,0.0015));
#3272=CARTESIAN_POINT('',(0.00996625,-0.0643875,0.0015));
#3273=CARTESIAN_POINT('',(0.00996625,-0.0643875,0.));
#3274=CARTESIAN_POINT('',(0.01746625,-0.0643875,0.));
#3275=CARTESIAN_POINT('',(0.01746625,-0.0643875,0.0015));
#3276=CARTESIAN_POINT('',(0.01746625,-0.0643875,0.0015));
#3277=CARTESIAN_POINT('',(0.00996625,-0.0643875,0.0015));
#3278=CARTESIAN_POINT('',(0.01996625,-0.0658875,0.0015));
#3279=CARTESIAN_POINT('',(0.01996625,-0.0658875,0.));
#3280=CARTESIAN_POINT('',(0.01996625,-0.0658875,0.0015));
#3281=CARTESIAN_POINT('',(0.00238125000000003,-2.77555756156289E-17,0.0015));
#3282=CARTESIAN_POINT('',(-0.17780625,0.0174253,0.0015));
#3283=CARTESIAN_POINT('',(-0.17780625,0.0174253,0.));
#3284=CARTESIAN_POINT('',(-0.17630625,0.0149253,0.));
#3285=CARTESIAN_POINT('',(-0.17630625,0.0149253,0.0015));
#3286=CARTESIAN_POINT('',(-0.17630625,0.0149253,0.0015));
#3287=CARTESIAN_POINT('',(-0.17780625,0.0174253,0.0015));
#3288=CARTESIAN_POINT('',(-0.17630625,-0.0075747,0.0015));
#3289=CARTESIAN_POINT('',(-0.17630625,-0.0075747,0.));
#3290=CARTESIAN_POINT('',(-0.17630625,-0.0150747,0.));
#3291=CARTESIAN_POINT('',(-0.17630625,-0.0150747,0.0015));
#3292=CARTESIAN_POINT('',(-0.17630625,-0.0150747,0.0015));
#3293=CARTESIAN_POINT('',(-0.17630625,-0.0075747,0.0015));
#3294=CARTESIAN_POINT('',(-0.17780625,-0.0175747,0.0015));
#3295=CARTESIAN_POINT('',(-0.17780625,-0.0175747,0.));
#3296=CARTESIAN_POINT('',(-0.17780625,-0.0175747,0.0015));
#3297=CARTESIAN_POINT('',(0.00238125000000003,-2.77555756156289E-17,0.0015));
#3298=CARTESIAN_POINT('',(0.00248625000000003,-3.75000000000097E-5,0.00325));
#3299=CARTESIAN_POINT('',(0.18206875,-0.0182875,0.0005));
#3300=CARTESIAN_POINT('',(0.18206875,-0.0182875,0.));
#3301=CARTESIAN_POINT('',(0.18006875,-0.0182875,0.));
#3302=CARTESIAN_POINT('',(0.18006875,-0.0182875,0.0005));
#3303=CARTESIAN_POINT('',(0.18006875,-0.0182875,0.0005));
#3304=CARTESIAN_POINT('',(0.18206875,-0.0182875,0.0005));
#3305=CARTESIAN_POINT('',(0.18006875,-0.0137875,0.0005));
#3306=CARTESIAN_POINT('',(0.18006875,-0.0137875,0.));
#3307=CARTESIAN_POINT('',(0.18006875,-0.0092875,0.));
#3308=CARTESIAN_POINT('',(0.18006875,-0.0092875,0.0005));
#3309=CARTESIAN_POINT('',(0.18006875,-0.0092875,0.0005));
#3310=CARTESIAN_POINT('',(0.18006875,-0.0137875,0.0005));
#3311=CARTESIAN_POINT('',(0.18206875,-0.0092875,0.0005));
#3312=CARTESIAN_POINT('',(0.18206875,-0.0092875,0.));
#3313=CARTESIAN_POINT('',(0.18206875,-0.0092875,0.0005));
#3314=CARTESIAN_POINT('',(0.00238125000000003,-2.77555756156289E-17,0.0005));
#3315=CARTESIAN_POINT('',(0.00248625000000003,-3.75000000000097E-5,0.));
#3316=MECHANICAL_DESIGN_GEOMETRIC_PRESENTATION_REPRESENTATION('',(#1997),
#3317);
#3317=(
GEOMETRIC_REPRESENTATION_CONTEXT(3)
GLOBAL_UNCERTAINTY_ASSIGNED_CONTEXT((#3318))
GLOBAL_UNIT_ASSIGNED_CONTEXT((#3321,#3320,#3319))
REPRESENTATION_CONTEXT('Part 1','TOP_LEVEL_ASSEMBLY_PART')
);
#3318=UNCERTAINTY_MEASURE_WITH_UNIT(LENGTH_MEASURE(1.E-8),#3321,
'DISTANCE_ACCURACY_VALUE','Maximum Tolerance applied to model');
#3319=(
NAMED_UNIT(*)
SI_UNIT($,.STERADIAN.)
SOLID_ANGLE_UNIT()
);
#3320=(
NAMED_UNIT(*)
PLANE_ANGLE_UNIT()
SI_UNIT($,.RADIAN.)
);
#3321=(
LENGTH_UNIT()
NAMED_UNIT(*)
SI_UNIT($,.METRE.)
);
#3322=PRODUCT_DEFINITION_SHAPE('','',#3323);
#3323=PRODUCT_DEFINITION('','',#3325,#3324);
#3324=PRODUCT_DEFINITION_CONTEXT('',#3331,'design');
#3325=PRODUCT_DEFINITION_FORMATION_WITH_SPECIFIED_SOURCE('','',#3327,
 .NOT_KNOWN.);
#3326=PRODUCT_RELATED_PRODUCT_CATEGORY('','',(#3327));
#3327=PRODUCT('Part 1','Part 1','Part 1',(#3329));
#3328=PRODUCT_CATEGORY('','');
#3329=PRODUCT_CONTEXT('',#3331,'mechanical');
#3330=APPLICATION_PROTOCOL_DEFINITION('international standard',
'ap242_managed_model_based_3d_engineering',2020,#3331);
#3331=APPLICATION_CONTEXT('managed model based 3d engineering');
ENDSEC;
END-ISO-10303-21;
